사업장명,폐업일자,좌표X,좌표Y,데이터갱신시점,데이터갱신구분,상세영업상태코드,상세영업상태명,DTL_TASK_SE_NM,최종수정시점,인허가취소일자,인허가일자,소재지면적,소재지우편번호,지번주소,관리번호,개방자치단체코드,권리주체일련번호,도로명주소,도로명우편번호,재개업일자,영업상태구분코드,영업상태명,휴업시작일자,휴업종료일자,소재지전화번호
COZY,2025-12-18,201252.508004421,450817.329698139,2026-05-03 22:33:05,I,0002,폐업,,2025-12-18 18:07:55,,2018-09-12,0,,서울특별시 중구 신당동 ***-**,301000004820180006,3010000,000,"서울특별시 중구 청구로 **, *층 (신당동)",04589,,03,폐업,,,02-2253-6686
페츠베리머치 카페,2025-04-30,197601.685379703,449037.788561661,2026-05-03 22:33:08,I,0002,폐업,,2026-01-09 13:49:54,,2023-03-16,0,,서울특별시 용산구 남영동 **-*,302000004820230001,3020000,L00,서울특별시 용산구 한강대로**길 **(남영동),04352,,03,폐업,,,070-4010-2561
센스펫플라잉,,173028.481909238,441403.866507161,2026-05-03 22:33:40,I,0000,정상,,2026-04-17 10:19:04,,2026-04-17,0,,인천광역시 부평구 십정동 ***-** ***호,354000004820260003,3540000,000,"인천광역시 부평구 배곶로 **, ***호 (십정동)",21451,,01,영업/정상,,,
푸치네 애견놀이터 & 호텔,,209299.474127668,445317.105828146,2026-05-03 22:04:16,I,0000,정상,,2026-03-18 17:10:28,,2026-03-18,0,,서울특별시 송파구 송파동 ** 대림빌딩,323000004820260002,3230000,000,"서울특별시 송파구 석촌호수로 ***, 대림빌딩 B*층 (송파동)",05623,,01,영업/정상,,,
견생유치원,2025-12-24,201349.677927804,460561.665774363,2026-05-03 22:43:44,I,0002,폐업,,2025-12-30 15:53:08,,2024-05-16,0,,서울특별시 강북구 수유동 ***-**,308000004820240005,3080000,000,"서울특별시 강북구 한천로 ****, *층 (수유동)",01037,,03,폐업,,,
강(Kang)아지,2025-12-23,201195.913672271,460179.648063447,2026-05-03 22:43:44,I,0002,폐업,,2025-12-23 12:52:02,,2024-10-04,0,,서울특별시 강북구 수유동 ***-**,308000004820240007,3080000,000,"서울특별시 강북구 삼양로***길 **, *층 (수유동)",01030,,03,폐업,,,
포울린 펫 유치원,,209670.2855,446015.690500001,2026-05-03 22:04:16,I,0000,정상,,2026-04-03 13:22:03,,2026-04-03,0,,서울특별시 송파구 방이동 **-*,323000004820260003,3230000,L00,"서울특별시 송파구 올림픽로 ***, *층 (방이동)",05543,,01,영업/정상,,,
나라 앤 송이 애견샵,,202282.870151037,459935.756525042,2026-05-03 22:43:40,I,0000,정상,,2025-08-19 14:36:04,,2018-05-30,0,,서울특별시 강북구 수유동 ***-** *층,308000004820180009,3080000,000,"서울특별시 강북구 한천로***길 **-**, *층 (수유동)",01054,,01,영업/정상,,,
꽃보다 개,,201797.933158965,460209.426960858,2026-05-03 22:43:40,I,0000,정상,,2024-08-30 16:12:36,,2018-06-07,0,,서울특별시 강북구 수유동 ***-*,308000004820180014,3080000,000,서울특별시 강북구 한천로 **** (수유동),01048,,01,영업/정상,,,
버블펫,,202778.045524565,457972.165978227,2026-05-03 22:43:40,I,0000,정상,,2025-01-09 17:41:30,,2018-07-09,0,,서울특별시 강북구 미아동 ***-*** *층,308000004820180016,3080000,000,"서울특별시 강북구 오패산로**길 **, *층 (미아동)",01153,,01,영업/정상,,,02-987-9808
라울레미 하우스,,202730.349495528,457804.17618464,2026-05-03 22:43:41,I,0000,정상,,2024-06-13 15:25:02,,2018-07-31,0,,서울특별시 강북구 미아동 ***-***,308000004820180017,3080000,000,"서울특별시 강북구 도봉로**길 **, *층 (미아동)",01162,,01,영업/정상,,,
솔샘펫,,201502.608880391,457502.103585976,2026-05-03 22:43:41,I,0000,정상,,2024-11-26 18:14:46,,2018-07-31,0,,서울특별시 강북구 미아동 ****-*,308000004820180018,3080000,000,"서울특별시 강북구 솔샘로 ***, *층 (미아동)",01193,,01,영업/정상,,,
24시 수유 바른펫 동물의료센터,,201895.657015169,459898.768983751,2026-05-03 22:43:41,I,0000,정상,,2022-04-28 18:10:41,,2018-09-20,0,,서울특별시 강북구 수유동 **-** 리안스페이스,308000004820180022,3080000,000,"서울특별시 강북구 노해로 **, 리안스페이스 *층 (수유동)",01077,,01,영업/정상,,,02-903-7582
H 동물병원,,201602.577531291,457290.100695375,2026-05-03 22:43:41,I,0000,정상,,2024-04-25 16:45:15,,2018-10-02,0,,서울특별시 강북구 미아동 ****-* 미아프라자,308000004820180028,3080000,000,"서울특별시 강북구 삼양로**길 **-**, 미아프라자 ***호 (미아동)",01196,,01,영업/정상,,,
아이사랑 동물병원,,201882.026836663,457207.459778606,2026-05-03 22:43:42,I,0000,정상,,2022-04-28 18:10:42,,2019-05-09,0,,서울특별시 강북구 미아동 ***-* 현대성우아파트,308000004820190006,3080000,000,"서울특별시 강북구 삼양로**길 **, ***동 ***호 (미아동, 현대성우아파트)",01201,,01,영업/정상,,,02-946-0011
coco puppy,,203160.494747285,457237.260770848,2026-05-03 22:43:42,I,0000,정상,,2022-04-28 18:10:42,,2019-07-18,0,,서울특별시 강북구 미아동 * 꿈의숲 롯데캐슬 ***동 *호,308000004820190011,3080000,000,"서울특별시 강북구 오현로 **, ***동 *층 *호 (미아동, 꿈의숲 롯데캐슬)",01232,,01,영업/정상,,,
멍멍이발소,,201519.842226579,458670.791773799,2026-05-03 22:43:42,I,0000,정상,,2022-04-28 18:10:43,,2020-02-10,0,,서울특별시 강북구 수유동 **-**,308000004820200001,3080000,000,서울특별시 강북구 삼양로 *** (수유동),01116,,01,영업/정상,,,
멍멍슈퍼,,201910.385984837,459486.388965633,2026-05-03 22:43:42,I,0000,정상,,2022-04-28 18:10:43,,2020-02-21,0,,서울특별시 강북구 수유동 *-**,308000004820200003,3080000,000,"서울특별시 강북구 노해로*길 *-*, *층 (수유동)",01080,,01,영업/정상,,,
왈왈미용실,,201678.388399185,459236.700517134,2026-05-03 22:43:43,I,0000,정상,,2024-01-26 10:14:36,,2021-01-06,0,,서울특별시 강북구 수유동 **-** ***호,308000004820210002,3080000,000,"서울특별시 강북구 수유로 **, ***호 (수유동)",01081,,01,영업/정상,,,
리리앤펫,,202305.335482472,459507.057044616,2026-05-03 22:43:43,I,0000,정상,,2025-01-13 13:10:35,,2022-09-07,0,,서울특별시 강북구 번동 ***-*,308000004820220007,3080000,000,"서울특별시 강북구 한천로***길 **, *층 (번동)",01064,,01,영업/정상,,,
로엘유치원,,201427.146857718,459431.81672979,2026-05-03 22:43:43,I,0000,정상,,2024-01-04 13:21:41,,2022-09-29,0,,서울특별시 강북구 수유동 ***-*,308000004820220008,3080000,000,서울특별시 강북구 삼양로**길 *(수유동),01087,,01,영업/정상,,,
멍토리니,,201481.83947529,458735.289986752,2026-05-03 22:43:43,I,0000,정상,,2023-09-14 16:48:06,,2023-09-14,0,,서울특별시 강북구 수유동 ***-*** 미성빌딩,308000004820230003,3080000,000,"서울특별시 강북구 삼양로 ***, 미성빌딩 *층 (수유동)",01099,,01,영업/정상,,,
멍아지트,,201509.335444137,460118.641305434,2026-05-03 22:43:43,I,0000,정상,,2024-06-21 11:41:53,,2024-04-18,0,,서울특별시 강북구 수유동 *** ***동 상가,308000004820240001,3080000,000,"서울특별시 강북구 삼양로***길 **, ***동 상가 ***호 (수유동)",01042,,01,영업/정상,,,
놀멍쉬멍,,202097.361195638,460346.646226001,2026-05-03 22:43:43,I,0000,정상,,2024-04-18 17:00:14,,2024-04-18,0,,서울특별시 강북구 수유동 ***-*,308000004820240002,3080000,000,"서울특별시 강북구 노해로 ***, *층 (수유동)",01051,,01,영업/정상,,,
두두스테이,,201756.36607377,457517.240823233,2026-05-03 22:43:43,I,0000,정상,,2024-04-18 17:00:44,,2024-04-18,0,,서울특별시 강북구 미아동 ***-**,308000004820240003,3080000,000,"서울특별시 강북구 삼양로 ***, *층 (미아동)",01189,,01,영업/정상,,,
애견유치원 왈스 강북점 반려견 교육,,202457.819208424,457695.632011113,2026-05-03 22:43:44,I,0000,정상,,2025-08-22 17:09:35,,2024-05-01,0,,서울특별시 강북구 미아동 ***-**,308000004820240004,3080000,000,"서울특별시 강북구 도봉로**가길 **, *층 (미아동)",01161,,01,영업/정상,,,
스탠퍼독,,202058.763628643,460548.486918747,2026-05-03 22:43:44,I,0000,정상,,2025-09-05 10:29:08,,2024-08-27,0,,"서울특별시 강북구 수유동 ***-* 정도타운 *층, 지하*층",308000004820240006,3080000,000,"서울특별시 강북구 노해로**길 **-*, 정도타운 *층,지하*층 (수유동)",01050,,01,영업/정상,,,
멍멍멍,,202086.674996212,458270.064183957,2026-05-03 22:43:44,I,0000,정상,,2024-12-18 17:21:08,,2024-12-18,0,,서울특별시 강북구 미아동 ***-** *층 중간호,308000004820240008,3080000,000,"서울특별시 강북구 도봉로**길 **, *층 중간호 (미아동)",01125,,01,영업/정상,,,
더이쁘개,,201978.515000865,460299.712091635,2026-05-03 22:43:44,I,0000,정상,,2025-01-08 10:43:33,,2025-01-08,0,,서울특별시 강북구 수유동 ***-** 골든빌,308000004820250001,3080000,000,"서울특별시 강북구 노해로**길 *, ***호 (수유동, 골든빌)",01049,,01,영업/정상,,,
도담도담(애견유치원/호텔),,202469.580025935,459967.551529814,2026-05-03 22:43:44,I,0000,정상,,2025-10-22 09:30:18,,2025-01-20,0,,서울특별시 강북구 수유동 ***-* 은경빌딩,308000004820250002,3080000,000,"서울특별시 강북구 한천로***길 **, 은경빌딩 *층 좌 ***호 (수유동)",01055,,01,영업/정상,,,
쓰다드멍,,200921.855251696,457533.770785984,2026-05-03 22:43:44,I,0000,정상,,2025-01-20 21:25:33,,2025-01-20,0,,서울특별시 강북구 미아동 ****-* 벽산라이브파크 상가,308000004820250003,3080000,000,"서울특별시 강북구 솔샘로 ***, 벽산라이브파크 상가 ***호 (미아동)",01191,,01,영업/정상,,,
펫맘애,,201370.672446927,459059.746171097,2026-05-03 22:43:44,I,0000,정상,,2025-03-12 11:12:18,,2025-03-12,0,,서울특별시 강북구 수유동 ***-**,308000004820250004,3080000,000,서울특별시 강북구 덕릉로 **-* (수유동),01098,,01,영업/정상,,,
놀러오개 애견유치원 애견호텔 수유점,,201196.612951455,460569.684262904,2026-05-03 22:43:44,I,0000,정상,,2025-08-18 21:20:48,,2025-08-05,0,,서울특별시 강북구 수유동 ***-* 씨엘빌딩 *층,308000004820250005,3080000,000,"서울특별시 강북구 삼양로 ***, 씨엘빌딩 *층 (수유동)",01029,,01,영업/정상,,,
피치 앤 마리,,201308.648345858,460497.774653157,2026-05-03 22:43:44,I,0000,정상,,2025-09-25 18:52:47,,2025-09-25,0,,서울특별시 강북구 수유동 ***-** 장미빌라 ***호,308000004820250006,3080000,000,"서울특별시 강북구 삼양로***길 *, ***호 (수유동, 장미빌라)",01037,,01,영업/정상,,,
멍타임,,201349.677927804,460561.665774363,2026-05-03 22:43:44,I,0000,정상,,2025-11-19 14:02:12,,2025-10-28,0,,서울특별시 강북구 수유동 ***-** *층,308000004820250007,3080000,000,"서울특별시 강북구 한천로 ****, *층 (수유동)",01037,,01,영업/정상,,,
코코포레(coco foret),,201002.332122636,460995.281762303,2026-05-03 22:43:44,I,0000,정상,,2025-12-03 14:06:07,,2025-12-02,0,,서울특별시 강북구 우이동 **-*,308000004820250008,3080000,000,서울특별시 강북구 삼양로***가길 ** (우이동),01009,,01,영업/정상,,,
은퇴한 수의사의 저택,,193612.877986514,453109.210008098,2026-05-03 22:46:26,I,0000,정상,,2022-04-28 18:10:55,,2018-10-23,0,,서울특별시 서대문구 홍은동 ***-**,312000004820180055,3120000,L00,서울특별시 서대문구 가좌로 ** (홍은동),03659,,01,영업/정상,,,02-303-7959
mummui(멈무이),,195276.268964304,454963.090171717,2026-05-03 22:46:26,I,0000,정상,,2022-04-28 18:10:55,,2019-03-12,0,,서울특별시 서대문구 홍제동 ***-**,312000004820190002,3120000,000,"서울특별시 서대문구 간호대로 **, 지층 (홍제동)",03619,,01,영업/정상,,,02-2088-5080
핑키펫,,194319.723013631,453933.94253223,2026-05-03 22:46:26,I,0000,정상,,2025-04-02 15:55:36,,2019-05-03,0,,서울특별시 서대문구 홍제동 ***-**,312000004820190004,3120000,000,서울특별시 서대문구 홍제내길 *** (홍제동),03640,,01,영업/정상,,,
링크애견샵,,195447.814241712,450549.737838991,2026-05-03 22:46:26,I,0000,정상,,2022-10-28 15:38:33,,2020-05-13,0,,서울특별시 서대문구 북아현동 ***-**,312000004820200009,3120000,000,"서울특별시 서대문구 신촌로 ***, *층 *호 (북아현동)",03767,,01,영업/정상,,,02-393-7577
아이 러브 펫,,194801.239170779,454125.355636788,2026-05-03 22:46:26,I,0000,정상,,2022-04-28 18:10:57,,2020-08-25,0,,서울특별시 서대문구 홍제동 ***-***,312000004820200012,3120000,000,"서울특별시 서대문구 통일로**길 **-**, *층 (홍제동)",03637,,01,영업/정상,,,
펫티즈,,194173.964477484,452048.127993252,2026-05-03 22:46:26,I,0000,정상,,2023-12-18 16:55:47,,2020-12-22,0,,서울특별시 서대문구 연희동 **-** 지하*층,312000004820200015,3120000,L00,"서울특별시 서대문구 연희로**길 **-*, 지하*층 (연희동)",03723,,01,영업/정상,,,
GAEKOS Family,,193756.558742386,451899.210373156,2026-05-03 22:46:26,I,0000,정상,,2024-09-26 17:30:43,,2021-03-02,0,,서울특별시 서대문구 연희동 ***-*,312000004820210002,3120000,000,"서울특별시 서대문구 연희로**길 **, B*호 (연희동)",03703,,01,영업/정상,,,
바오펫살롱,,194297.832937369,452570.312592501,2026-05-03 22:46:26,I,0000,정상,,2025-09-08 09:23:01,,2021-04-06,0,,서울특별시 서대문구 연희동 ***,312000004820210007,3120000,000,"서울특별시 서대문구 연희로 ***, 대림아파트 상가동  ***호 (연희동)",03719,,01,영업/정상,,,
우연희,,193512.517179427,451546.509555743,2026-05-03 22:46:26,I,0000,정상,,2023-02-27 16:10:14,,2021-04-23,0,,서울특별시 서대문구 연희동 ***-** 노엘,312000004820210009,3120000,000,"서울특별시 서대문구 성산로 ***, 노엘 *층 (연희동)",03707,,01,영업/정상,,,070-8672-2579
Hello,,192028.41586192,452265.952165442,2026-05-03 22:46:26,I,0000,정상,,2022-04-28 18:10:58,,2021-07-16,0,,서울특별시 서대문구 북가좌동 *** DMC 래미안 e편한세상,312000004820210011,3120000,000,"서울특별시 서대문구 수색로 ***, ***동 상가동 *층 **호 (북가좌동, DMC 래미안 e편한세상)",03709,,01,영업/정상,,,
미미에토,,194098.642239129,452106.741672169,2026-05-03 22:46:26,I,0000,정상,,2022-12-06 14:52:16,,2021-08-10,0,,서울특별시 서대문구 연희동 **-**,312000004820210013,3120000,L00,서울특별시 서대문구 연희로 ***-*(연희동),03699,,01,영업/정상,,,070-4900-6140
쥬쥬펫,,193843.031236621,451871.239747931,2026-05-03 22:46:26,I,0000,정상,,2022-04-28 18:10:58,,2021-10-05,0,,서울특별시 서대문구 연희동 ***-**,312000004820210016,3120000,000,"서울특별시 서대문구 증가로 **-*, *층 구동호 (연희동)",03703,,01,영업/정상,,,
"고양이 미용& 호텔 우연히, 캣",,193864.146132408,451788.364932327,2026-05-03 22:46:26,I,0000,정상,,2026-02-05 17:57:42,,2022-05-27,0,,서울특별시 서대문구 연희동 ***-** 에어스빌딩,312000004820220001,3120000,000,"서울특별시 서대문구 연희맛로 **, 에어스빌딩 *층 (연희동)",03708,,01,영업/정상,,,02-332-9202
연희도그,,194098.642239129,452106.741672169,2026-05-03 22:46:26,I,0000,정상,,2024-01-29 13:08:10,,2023-03-16,0,,서울특별시 서대문구 연희동 **-** *층,312000004820230001,3120000,000,"서울특별시 서대문구 연희로 ***-*, *층 (연희동)",03699,,01,영업/정상,,,
우리동물병원,,196510.559726227,452071.434486309,2026-05-03 22:46:26,I,0000,정상,,2023-12-07 14:14:11,,2023-12-07,0,,서울특별시 서대문구 영천동 ***,312000004820230002,3120000,000,"서울특별시 서대문구 통일로 ***, *층 (영천동)",03734,,01,영업/정상,,,02-393-6675
더 그라운드,,193261.068392431,452523.924803607,2026-05-03 22:46:26,I,0000,정상,,2024-02-22 09:34:08,,2024-02-22,0,,서울특별시 서대문구 남가좌동 ***-**,312000004820240001,3120000,000,"서울특별시 서대문구 모래내로 ***, 지하*층 (남가좌동)",03693,,01,영업/정상,,,
더 이쁘개,,193101.556556447,452469.381883728,2026-05-03 22:46:26,I,0000,정상,,2024-06-24 10:11:00,,2024-06-24,0,,서울특별시 서대문구 남가좌동 **-** *층,312000004820240002,3120000,000,"서울특별시 서대문구 가재울로*길 **, *층 (남가좌동)",03693,,01,영업/정상,,,02-303-3886
놀러오개 서대문점,,192582.660792278,452054.59244758,2026-05-03 22:46:26,I,0000,정상,,2025-06-25 15:27:18,,2024-07-04,0,,서울특별시 서대문구 남가좌동 ***-*,312000004820240003,3120000,000,"서울특별시 서대문구 가재울미래로 **, *층 ***호 (남가좌동)",03712,,01,영업/정상,,,
고양이미용 & 고양이호텔 우다다냥,,195564.870306771,450583.545582303,2026-05-03 22:46:26,I,0000,정상,,2025-08-12 09:15:25,,2024-09-19,0,,서울특별시 서대문구 북아현동 ***-*,312000004820240004,3120000,000,"서울특별시 서대문구 신촌로**길 **, *층 (북아현동)",03767,,01,영업/정상,,,
남산동물병원,,200750.455125653,449638.824308081,2026-05-03 22:33:05,I,0000,정상,,2022-04-28 18:11:03,,2018-10-01,0,,서울특별시 중구 신당동 *** 남산타운,301000004820180009,3010000,000,"서울특별시 중구 다산로 **, *상가동 ***호 (신당동, 남산타운)",04595,,01,영업/정상,,,22568275
미래지동물의료센터,,200783.119589726,450153.784342829,2026-05-03 22:33:05,I,0000,정상,,2024-11-08 17:54:42,,2018-10-11,0,,서울특별시 중구 신당동 ***-**,301000004820180011,3010000,000,"서울특별시 중구 다산로 ***, *층 (신당동)",04598,,01,영업/정상,,,22337574
애뚜애뚜,,201556.450686404,450973.268089566,2026-05-03 22:33:05,I,0000,정상,,2022-04-28 18:11:03,,2019-03-07,0,,서울특별시 중구 신당동 **-**,301000004820190002,3010000,000,"서울특별시 중구 다산로**길 **, *-*층 (신당동)",04584,,01,영업/정상,,,02-2233-7943
강아지 마법사 골드맘,2026-03-26,201470.91154056,451066.603311893,2026-05-03 22:33:05,I,0002,폐업,,2026-03-26 17:05:51,,2019-05-03,0,,서울특별시 중구 신당동 ***-**,301000004820190006,3010000,000,"서울특별시 중구 다산로**나길 **, 동심빌딩 ***호 (신당동)",04585,,03,폐업,,,
유한회사 한국동물보육원연합회,,200893.0430559,449947.401377686,2026-05-03 22:33:05,I,0000,정상,,2025-06-17 14:28:09,,2019-05-03,0,,서울특별시 중구 신당동 ***-***,301000004820190007,3010000,L00,"서울특별시 중구 동호로*길 **, ***호 (신당동)",04596,,01,영업/정상,,,02-2233-2513
디어코코,,201006.881961001,450751.769791936,2026-05-03 22:33:05,I,0000,정상,,2022-04-28 18:11:06,,2021-10-13,0,,서울특별시 중구 신당동 ***-* 디오빌딩,301000004820210001,3010000,000,"서울특별시 중구 동호로**길 **, 디오빌딩 *층, *층 (신당동)",04608,,01,영업/정상,,,
힐스타운 동물병원,,200750.455125653,449638.824308081,2026-05-03 22:33:05,I,0000,정상,,2024-02-07 09:55:38,,2023-12-04,0,,서울특별시 중구 신당동 *** 남산타운,301000004820230001,3010000,000,"서울특별시 중구 다산로 **, 스포츠상가동 ***-*호 (신당동, 남산타운)",04595,,01,영업/정상,,,02-2237-7582
디어코코 별관,,200968.804165946,450744.186150843,2026-05-03 22:33:05,I,0000,정상,,2025-11-27 17:34:51,,2024-06-12,0,,서울특별시 중구 신당동 *** 대동빌딩,301000004820240001,3010000,000,"서울특별시 중구 청구로**길 **, 대동빌딩 *층 (신당동)",04608,,01,영업/정상,,,
강아지야 놀자,,201690.572708178,451957.592327807,2026-05-03 22:33:05,I,0000,정상,,2025-12-01 10:45:38,,2024-08-06,0,,서울특별시 중구 황학동 **** 의성빌딩,301000004820240002,3010000,L00,"서울특별시 중구 난계로**길 **, 의성빌딩 *층 (황학동)",04573,,01,영업/정상,,,02-2231-7570
숲냥숲냥,,201302.851934591,451115.096946194,2026-05-03 22:33:05,I,0000,정상,,2025-04-28 15:47:24,,2025-04-28,0,,서울특별시 중구 신당동 ***-** 중앙빌딩,301000004820250001,3010000,000,"서울특별시 중구 청구로*길 **, 중앙빌딩 *층 (신당동)",04586,,01,영업/정상,,,
더힐동물의료센터,,200779.182,448049.195666666,2026-05-03 22:33:06,I,0000,정상,,2022-04-28 18:10:59,,2018-05-18,0,,서울특별시 용산구 한남동 **-* 아이리스프라자 *층,302000004820180004,3020000,000,"서울특별시 용산구 독서당로 **-*, 아이리스프라자 지상*층 (한남동)",04419,,01,영업/정상,,,02-792-8275
이태원동물병원,,198802.476070336,448239.820740686,2026-05-03 22:33:06,I,0000,정상,,2023-07-26 13:59:57,,2018-09-06,0,,서울특별시 용산구 이태원동 ***,302000004820180011,3020000,L00,"서울특별시 용산구 녹사평대로 ***, *층 (이태원동)",04345,,01,영업/정상,,,02-797-6677
(주)이상윤동물병원,,197722.571038558,446344.591216568,2026-05-03 22:33:06,I,0000,정상,,2022-04-28 18:11:00,,2018-09-06,0,,서울특별시 용산구 이촌동 ***-** 한강맨션 **동 ***호,302000004820180013,3020000,L00,"서울특별시 용산구 이촌로 ***, **동 ***호 (이촌동, 한강맨션)",04426,,01,영업/정상,,,02-792-5455
베이동물병원,,197722.571038558,446344.591216568,2026-05-03 22:33:06,I,0000,정상,,2022-04-28 18:11:00,,2018-09-06,0,,서울특별시 용산구 이촌동 ***-** 한강맨션 **동 ***호,302000004820180015,3020000,000,"서울특별시 용산구 이촌로 ***, **동 ***호 (이촌동, 한강맨션)",04426,,01,영업/정상,,,02-749-7588
펫토이동물병원,,200079.108817319,447917.947059496,2026-05-03 22:33:06,I,0000,정상,,2022-04-28 18:11:00,,2018-09-06,0,,서울특별시 용산구 한남동 ***-**,302000004820180019,3020000,000,서울특별시 용산구 대사관로 ** (한남동),04403,,01,영업/정상,,,02-795-2184
남산동물병원,,197907.242547187,449803.89961095,2026-05-03 22:33:06,I,0000,정상,,2022-04-28 18:11:00,,2018-09-14,0,,서울특별시 용산구 후암동 **-*,302000004820180029,3020000,000,서울특별시 용산구 후암로 ** (후암동),04325,,01,영업/정상,,,02-778-7582
라온동물병원,,199007.769113841,448599.20104052,2026-05-03 22:33:07,I,0000,정상,,2024-05-23 16:29:01,,2018-09-14,0,,서울특별시 용산구 이태원동 ***-**,302000004820180031,3020000,000,서울특별시 용산구 회나무로**길 * (이태원동),04344,,01,영업/정상,,,02-792-7585
민트동물병원,,195547.140326252,447976.775939762,2026-05-03 22:33:07,I,0000,정상,,2022-04-28 18:11:00,,2018-09-14,0,,서울특별시 용산구 산천동 *** 삼성테마트 ***호,302000004820180033,3020000,000,"서울특별시 용산구 원효로 **, ***호 (산천동, 삼성테마트)",04359,,01,영업/정상,,,02-707-2235
달래동물의료센터,,200506.187313451,448146.173245501,2026-05-03 22:33:07,I,0000,정상,,2024-09-28 17:03:17,,2018-09-14,0,,서울특별시 용산구 한남동 ***-** 한남프라자 *층,302000004820180035,3020000,000,"서울특별시 용산구 한남대로 **, 한남프라자 *층 (한남동)",04418,,01,영업/정상,,,02-794-1255
바다동물병원,,197338.915067396,446893.484429691,2026-05-03 22:33:07,I,0000,정상,,2022-04-28 18:11:00,,2018-09-21,0,,서울특별시 용산구 용산동*가 ** 파크타워 ***동 B**호,302000004820180042,3020000,000,"서울특별시 용산구 서빙고로 **, ***동 B**호 (용산동*가, 파크타워)",04385,,01,영업/정상,,,02-792-2561
펫그라운드_해방촌,,198824.282615415,449019.314987909,2026-05-03 22:33:07,I,0000,정상,,2023-03-28 09:14:03,,2019-04-04,0,,서울특별시 용산구 용산동*가 **-* 지하*층,302000004820190005,3020000,000,"서울특별시 용산구 신흥로 **, 지하*층 (용산동*가)",04338,,01,영업/정상,,,02-749-9990
원스동물병원,,197234.131475852,449191.560826572,2026-05-03 22:33:07,I,0000,정상,,2022-04-28 18:11:00,,2019-04-19,0,,서울특별시 용산구 청파동*가 **-** 지상*층,302000004820190006,3020000,000,"서울특별시 용산구 청파로**길 **, 지상*층 (청파동*가)",04309,,01,영업/정상,,,02-719-8275
도기캠프,,196704.745506143,448591.786383215,2026-05-03 22:33:07,I,0000,정상,,2022-04-28 18:11:01,,2020-01-28,0,,"서울특별시 용산구 효창동 **-* 용산 롯데캐슬 센터포레 B***,B***호",302000004820200003,3020000,000,"서울특별시 용산구 백범로 ***, 상가동 B***,B***호 (효창동, 용산 롯데캐슬 센터포레)",04317,,01,영업/정상,,,02-714-5999
아츠,,199255.964453454,448561.235681106,2026-05-03 22:33:07,I,0000,정상,,2023-11-24 09:06:05,,2020-08-24,0,,서울특별시 용산구 이태원동 ***-*,302000004820200011,3020000,000,서울특별시 용산구 회나무로**길 ** (이태원동),04346,,01,영업/정상,,,
다줄,,197056.728931087,447077.126289262,2026-05-03 22:33:07,I,0000,정상,,2022-04-28 18:11:01,,2020-12-01,0,,서울특별시 용산구 한강로*가 **-** 용산센트럴파크 해링턴스퀘어 *층 **호,302000004820200013,3020000,000,"서울특별시 용산구 서빙고로 **, 용산센트럴파크 해링턴스퀘어 *층 **호 (한강로*가)",04387,,01,영업/정상,,,02-798-0077
베럴라이프(BetterLife),,199003.844877925,448030.3064588,2026-05-03 22:33:07,I,0000,정상,,2024-08-14 15:54:14,,2021-04-12,0,,서울특별시 용산구 이태원동 **-** *층,302000004820210007,3020000,000,"서울특별시 용산구 이태원로 ***-*, *층 (이태원동)",04351,,01,영업/정상,,,
케이나인클럽하우스(K9 ClubHouse),,199095.51043807,448569.368547126,2026-05-03 22:33:07,I,0000,정상,,2022-04-28 18:11:01,,2021-07-12,0,,서울특별시 용산구 이태원동 ***-**,302000004820210009,3020000,000,서울특별시 용산구 회나무로 **-*(이태원동),04345,,01,영업/정상,,,
금강동물병원,,198165.767858385,446185.244544796,2026-05-03 22:33:08,I,0000,정상,,2022-04-28 18:11:01,,2021-07-19,0,,"서울특별시 용산구 이촌동 ***-*** 렉스상가 *-*,*-*호",302000004820210010,3020000,000,"서울특별시 용산구 이촌로 ***, 렉스상가 *-*, *-*호 (이촌동)",04425,,01,영업/정상,,,02-798-7512
하울팟 한남점,,200955.892430557,448262.752932404,2026-05-03 22:33:08,I,0000,정상,,2024-07-30 11:14:13,,2021-10-08,0,,서울특별시 용산구 한남동 *-*,302000004820210012,3020000,L00,"서울특별시 용산구 독서당로 ***, *,*층 (한남동)",04419,,01,영업/정상,,,
프리독스,,196692.10104013,448261.78417646,2026-05-03 22:33:08,I,0000,정상,,2022-04-28 18:11:01,,2021-10-20,0,,서울특별시 용산구 원효로*가 **-* *층,302000004820210013,3020000,000,"서울특별시 용산구 원효로 ***-*, *층 (원효로*가)",04364,,01,영업/정상,,,
독클래스,,199563.989700202,448722.238885216,2026-05-03 22:33:08,I,0000,정상,,2022-09-05 20:30:40,,2021-11-03,0,,"서울특별시 용산구 이태원동 *-* *,*층",302000004820210015,3020000,L00,"서울특별시 용산구 회나무로**길 *, *,*층 (이태원동)",04346,,01,영업/정상,,,02-6014-4242
개님살롱,,197287.50506674,448662.153501017,2026-05-03 22:33:08,I,0000,정상,,2022-04-28 18:11:01,,2022-01-06,0,,서울특별시 용산구 원효로*가 ** 용산더프라임 주거동 ***호,302000004820220003,3020000,000,"서울특별시 용산구 원효로**길 **, *층 ***호 (원효로*가, 용산더프라임)",04315,,01,영업/정상,,,02-704-9887
아이조아 요양보호소 서울점,,199069.934522247,447914.896960472,2026-05-03 22:33:08,I,0000,정상,,2022-06-30 13:34:30,,2022-06-28,0,,서울특별시 용산구 이태원동 **-** *층,302000004820220005,3020000,000,"서울특별시 용산구 녹사평대로**길 **, *층 (이태원동)",04390,,01,영업/정상,,,
쿠이다르,,197527.309705578,446787.344790036,2026-05-03 22:33:08,I,0000,정상,,2022-10-17 11:44:01,,2022-10-17,0,,서울특별시 용산구 용산동*가 **-* 파크타워아파트,302000004820220006,3020000,000,"서울특별시 용산구 서빙고로 **, ***호 (용산동*가, 파크타워아파트)",04385,,01,영업/정상,,,
플러피캣(fluffy cat),,,,2026-05-03 22:33:08,I,0000,정상,,2023-10-26 09:11:46,,2023-10-26,0,,서울특별시 용산구 이태원동 ***-**,302000004820230003,3020000,000,"서울특별시 용산구 이태원로 ***, *층 (이태원동)",04351,,01,영업/정상,,,
호텔 독스,,197308.277067723,448484.960682783,2026-05-03 22:33:08,I,0000,정상,,2024-05-13 07:55:07,,2024-05-13,0,,서울특별시 용산구 문배동 *-* 이안용산프리미어,302000004820240001,3020000,L00,"서울특별시 용산구 청파로 ***, ***, ***, ***호 (문배동, 이안용산프리미어)",04315,,01,영업/정상,,,02-1811-7161
안녕네모,,197722.571038558,446344.591216568,2026-05-03 22:33:08,I,0000,정상,,2024-06-28 09:05:20,,2024-06-28,0,,서울특별시 용산구 이촌동 ***-** 한강맨션,302000004820240002,3020000,000,"서울특별시 용산구 이촌로 ***, **동 ***호 (이촌동, 한강맨션)",04426,,01,영업/정상,,,
멍멍샵 플러스,,199489.545994127,447671.440527924,2026-05-03 22:33:08,I,0000,정상,,2024-07-08 14:22:16,,2024-07-08,0,,서울특별시 용산구 이태원동 **-*,302000004820240003,3020000,000,"서울특별시 용산구 보광로 **, *층 (이태원동)",04392,,01,영업/정상,,,02-795-0765
멍키즈,,200580.674245336,447632.608371695,2026-05-03 22:33:08,I,0000,정상,,2024-10-24 18:44:29,,2024-10-24,0,,서울특별시 용산구 한남동 ***-*,302000004820240005,3020000,000,"서울특별시 용산구 독서당로 **, ***동 ***호 (한남동)",04410,,01,영업/정상,,,
너즐리,,200433.823950083,447936.029078731,2026-05-03 22:33:08,I,0000,정상,,2024-12-10 18:41:32,,2024-12-10,0,,서울특별시 용산구 한남동 ***-***,302000004820240006,3020000,000,"서울특별시 용산구 대사관로**길 *, ***플레이스 지*층 (한남동)",04401,,01,영업/정상,,,
스니퍼(sniffur),,196861.350875235,447226.720509901,2026-05-03 22:33:08,I,0000,정상,,2025-04-15 16:26:06,,2025-04-15,0,,서울특별시 용산구 한강로*가 *** 용산푸르지오써밋,302000004820250001,3020000,000,"서울특별시 용산구 한강대로 **, *층 ***호 (한강로*가, 용산푸르지오써밋)",04378,,01,영업/정상,,,
REST & GROW,,195547.140326252,447976.775939762,2026-05-03 22:33:08,I,0000,정상,,2025-08-05 08:59:49,,2025-08-05,0,,서울특별시 용산구 산천동 *** 삼성테마트,302000004820250002,3020000,000,"서울특별시 용산구 원효로 **, *층 ***호 (산천동, 삼성테마트)",04359,,01,영업/정상,,,
HRC 런 클럽,,200531.856855911,447859.178303775,2026-05-03 22:33:08,I,0000,정상,,2025-08-08 17:38:47,,2025-08-08,0,,서울특별시 용산구 한남동 **-*,302000004820250003,3020000,000,"서울특별시 용산구 독서당로 **, *층 (한남동)",04410,,01,영업/정상,,,
놀러오개 애견유치원 애견호텔 용산점,,196624.028530468,448612.538602611,2026-05-03 22:33:08,I,0000,정상,,2025-10-31 09:49:33,,2025-10-31,0,,서울특별시 용산구 효창동 *-*** 잉한빌딩,302000004820250004,3020000,L00,"서울특별시 용산구 효창원로**길 **, 잉한빌딩 *층 (효창동)",04317,,01,영업/정상,,,
미니 앤 바니 애견샵,,206009.495097994,451806.846262685,2026-05-03 22:03:44,I,0000,정상,,2022-04-28 18:10:49,,2018-04-25,0,,서울특별시 동대문구 장안동 ***-* 장안현대벤처빌,305000004820180005,3050000,000,"서울특별시 동대문구 장한로 **, 장안현대벤처빌 *층 ***호 (장안동)",02625,,01,영업/정상,,,02-3394-5705
퍼피테일,,204991.379210797,452363.968760743,2026-05-03 22:03:45,I,0000,정상,,2022-04-28 18:10:49,,2018-04-25,0,,서울특별시 동대문구 답십리동 ***-*,305000004820180007,3050000,000,"서울특별시 동대문구 전농로 **, *층 (답십리동)",02540,,01,영업/정상,,,02-3394-8588
엘 동물병원,,203271.574528007,452475.417502572,2026-05-03 22:03:45,I,0000,정상,,2022-04-28 18:10:49,,2018-07-04,0,,서울특별시 동대문구 용두동 **-**,305000004820180012,3050000,000,"서울특별시 동대문구 고산자로 ***, *층 (용두동)",02566,,01,영업/정상,,,02-3295-3927
더케이 동물병원,,204845.874285687,452243.87695363,2026-05-03 22:03:45,I,0000,정상,,2022-04-28 18:10:49,,2018-07-30,0,,서울특별시 동대문구 답십리동 ****-* 세기프라자,305000004820180017,3050000,000,"서울특별시 동대문구 답십리로 ***, 세기프라자 *층 ***호 (답십리동)",02598,,01,영업/정상,,,02-2213-8875
디아크 동물병원,,203775.346834306,453738.49406193,2026-05-03 22:03:45,I,0000,정상,,2022-04-28 18:10:49,,2018-07-30,0,,서울특별시 동대문구 청량리동 ***,305000004820180022,3050000,000,서울특별시 동대문구 홍릉로 **-* (청량리동),02484,,01,영업/정상,,,02-960-7501
뉴월드 동물병원,,204122.386097777,452061.863009822,2026-05-03 22:03:45,I,0000,정상,,2022-04-28 18:10:49,,2018-07-30,0,,서울특별시 동대문구 답십리동 ***-**,305000004820180023,3050000,000,"서울특별시 동대문구 천호대로 ***, *층 (답십리동)",02597,,01,영업/정상,,,02-2212-5233
스마트 동물병원,,205908.898385821,452581.997774717,2026-05-03 22:03:45,I,0000,정상,,2023-07-05 08:57:57,,2018-08-03,0,,서울특별시 동대문구 장안동 ***,305000004820180028,3050000,000,서울특별시 동대문구 한천로 *** (장안동),02529,,01,영업/정상,,,02-2242-0175
그루밍살롱 마루네,,206247.047112107,451427.413843887,2026-05-03 22:03:45,I,0000,정상,,2022-04-28 18:10:49,,2018-08-14,0,,서울특별시 동대문구 장안동 ***-*,305000004820180030,3050000,000,"서울특별시 동대문구 장한로**길 **, *층 (장안동)",02642,,01,영업/정상,,,
둥글개 둥글개,,206455.710665332,452564.893433551,2026-05-03 22:03:45,I,0000,정상,,2022-04-28 18:10:50,,2018-08-30,0,,서울특별시 동대문구 장안동 ***-** 삼성그린아파트,305000004820180037,3050000,000,"서울특별시 동대문구 장한로**길 **, 상가동 *층 (장안동, 삼성그린아파트)",02522,,01,영업/정상,,,02-2242-2249
주주 동물병원,,205096.03189952,452842.927086522,2026-05-03 22:03:45,I,0000,정상,,2022-04-28 18:10:50,,2018-09-06,0,,서울특별시 동대문구 전농동 **-**,305000004820180044,3050000,000,서울특별시 동대문구 사가정로 *** (전농동),02507,,01,영업/정상,,,02-2244-1081
까네지노,,204953.743401562,451837.801099861,2026-05-03 22:03:45,I,0000,정상,,2022-04-28 18:10:50,,2018-09-17,0,,서울특별시 동대문구 답십리동 ***-*,305000004820180048,3050000,000,"서울특별시 동대문구 전농로 **, *층 (답십리동)",02600,,01,영업/정상,,,02-3394-8542
버블독,,205977.630093899,451595.719707238,2026-05-03 22:03:45,I,0000,정상,,2022-04-28 18:10:50,,2018-09-17,0,,서울특별시 동대문구 장안동 ***-*,305000004820180050,3050000,000,"서울특별시 동대문구 장한로 **, 금룡빌딩 ***호 (장안동)",02640,,01,영업/정상,,,
마이티 그루밍(동대문점),,206034.029037379,453340.079362889,2026-05-03 22:03:46,I,0000,정상,,2022-04-28 18:10:50,,2018-10-05,0,,서울특별시 동대문구 휘경동 **-***,305000004820180056,3050000,000,"서울특별시 동대문구 한천로**가길 *, *층 (휘경동)",02512,,01,영업/정상,,,02-2242-6547
아띠 동물의료센터,,204553.458408807,452384.461701131,2026-05-03 22:03:47,I,0000,정상,,2022-04-28 18:10:50,,2018-10-05,0,,서울특별시 동대문구 전농동 ***-**,305000004820180059,3050000,000,서울특별시 동대문구 사가정로 ** (전농동),02553,,01,영업/정상,,,02-6242-8275
빈스독,,205403.420289651,454779.715425813,2026-05-03 22:03:48,I,0000,정상,,2025-02-11 09:03:08,,2019-04-01,0,,서울특별시 동대문구 이문동 ***-** 행복하우스,305000004820190007,3050000,000,"서울특별시 동대문구 휘경로*가길 **, 행복하우스 *,*층 (이문동)",02441,,01,영업/정상,,,
펫119,,204899.885465546,452139.451366444,2026-05-03 22:03:49,I,0000,정상,,2022-04-28 18:10:51,,2019-06-17,0,,서울특별시 동대문구 답십리동 ***-**,305000004820190012,3050000,L00,"서울특별시 동대문구 전농로 **-**, *층 (답십리동)",02599,,01,영업/정상,,,02-593-5119
견우,,206255.326876991,452142.790091635,2026-05-03 22:03:49,I,0000,정상,,2022-04-28 18:10:51,,2019-10-25,0,,서울특별시 동대문구 장안동 ***-*,305000004820190015,3050000,000,"서울특별시 동대문구 장한로 ***, *층 (장안동)",02637,,01,영업/정상,,,
사랑해줄개,,205682.306828424,454840.55319131,2026-05-03 22:03:49,I,0000,정상,,2022-04-28 18:10:51,,2019-11-06,0,,서울특별시 동대문구 이문동 **-**,305000004820190018,3050000,000,서울특별시 동대문구 외대역동로 ** (이문동),02427,,01,영업/정상,,,
제연동물병원,,204313.869527831,452538.14193671,2026-05-03 22:03:50,I,0000,정상,,2022-04-28 18:10:51,,2020-03-26,0,,서울특별시 동대문구 전농동 ***-*,305000004820200005,3050000,000,"서울특별시 동대문구 답십리로 **, *층 (전농동)",02552,,01,영업/정상,,,02-2242-7975
푸른종합동물병원,,203823.018467941,453587.707759897,2026-05-03 22:03:50,I,0000,정상,,2022-04-28 18:10:51,,2020-05-11,0,,서울특별시 동대문구 청량리동 ***,305000004820200010,3050000,000,"서울특별시 동대문구 홍릉로 **-*, *층 (청량리동)",02484,,01,영업/정상,,,02-963-7582
호야펫살롱,,205692.578130174,451736.542270929,2026-05-03 22:03:50,I,0000,정상,,2022-04-28 18:10:51,,2020-07-19,0,,서울특별시 동대문구 장안동 ***-*,305000004820200014,3050000,000,"서울특별시 동대문구 답십리로**길 ***, *층 (장안동)",02627,,01,영업/정상,,,
신나개,,206465.013697789,452586.826063053,2026-05-03 22:03:51,I,0000,정상,,2023-01-12 09:40:10,,2021-01-21,0,,서울특별시 동대문구 장안동 ***-** 이제이빌딩 ***호,305000004820210002,3050000,000,"서울특별시 동대문구 답십리로**길 **, 이제이빌딩 *층 ***호 (장안동)",02522,,01,영업/정상,,,02-2215-3353
도그어스플래닛,,203403.019535366,452985.725419514,2026-05-03 22:03:51,I,0000,정상,,2022-04-28 18:10:51,,2022-02-25,0,,서울특별시 동대문구 제기동 **** 경동시장,305000004820220002,3050000,000,"서울특별시 동대문구 고산자로**길 *, 경동시장 *층 (제기동)",02571,,01,영업/정상,,,
정말귀엽개,,206003.438141358,451999.257496897,2026-05-03 22:03:51,I,0004,말소,,2022-04-28 18:10:51,,2022-04-14,0,,서울특별시 동대문구 장안동 ***-**,305000004820220005,3050000,000,서울특별시 동대문구 장한로**길 **(장안동),02624,,04,취소/말소/만료/정지/중지,,,
우다다 유치원,,205018.210432587,452185.824073309,2026-05-03 22:03:51,I,0000,정상,,2023-06-28 09:03:14,,2023-06-28,0,,서울특별시 동대문구 답십리동 **-*,305000004820230002,3050000,000,"서울특별시 동대문구 전농로 **, 일운빌딩 *층 (답십리동)",02606,,01,영업/정상,,,
킁킁킁애견유치원&호텔,,206444.338328365,452187.090320126,2026-05-03 22:03:51,I,0000,정상,,2023-09-13 17:14:29,,2023-09-13,0,,서울특별시 동대문구 장안동 ***-*,305000004820230003,3050000,000,"서울특별시 동대문구 답십리로 ***, 미가마하나임 지하*층 B**호 (장안동)",02637,,01,영업/정상,,,
코코보노 고양이호텔,,205755.646331809,451616.517532925,2026-05-03 22:03:51,I,0000,정상,,2023-10-31 09:14:58,,2023-10-31,0,,서울특별시 동대문구 장안동 ***-**,305000004820230004,3050000,000,"서울특별시 동대문구 한천로**길 **, *층 (장안동)",02628,,01,영업/정상,,,070-8279-7539
개귀여워,,204576.94200714,454391.545875285,2026-05-03 22:03:51,I,0000,정상,,2024-08-14 15:56:21,,2024-08-14,0,,서울특별시 동대문구 회기동 **-** *층,305000004820240001,3050000,000,"서울특별시 동대문구 경희대로 *, *층 (회기동)",02453,,01,영업/정상,,,
놀러오개 애견유치원 애견호텔 동대문점,,205004.375356464,451748.804705554,2026-05-03 22:03:51,I,0000,정상,,2025-01-24 14:53:42,,2025-01-24,0,,서울특별시 동대문구 답십리동 **-* 답십리포레스트스퀘어,305000004820250001,3050000,000,"서울특별시 동대문구 전농로 **, 답십리포레스트스퀘어 ***호 (답십리동)",02615,,01,영업/정상,,,02-3390-4087
땅콩 동물병원,,205696.046346636,452256.64849964,2026-05-03 22:03:52,I,0000,정상,,2025-02-12 15:40:40,,2025-02-12,0,,서울특별시 동대문구 답십리동 *-***,305000004820250002,3050000,000,"서울특별시 동대문구 답십리로 ***-*, *층 (답십리동)",02610,,01,영업/정상,,,02-3394-7075
묘성급호텔,,204960.319549724,454162.209821034,2026-05-03 22:03:52,I,0000,정상,,2025-04-15 09:54:40,,2025-04-15,0,,서울특별시 동대문구 휘경동 ***-*,305000004820250003,3050000,F00,"서울특별시 동대문구 회기로 ***, *층 (휘경동)",02446,,01,영업/정상,,,
코리스테이,,204580.457999892,453066.941500343,2026-05-03 22:03:52,I,0000,정상,,2025-08-18 09:02:06,,2025-08-18,0,,서울특별시 동대문구 전농동 ***-*,305000004820250004,3050000,000,"서울특별시 동대문구 답십리로**나길 **, *층 (전농동)",02550,,01,영업/정상,,,
Happiness Play Dog,,206199.953197537,451997.934849601,2026-05-03 22:03:52,I,0000,정상,,2025-08-22 09:50:55,,2025-08-22,0,,서울특별시 동대문구 장안동 ***-* 힐스테이트 장안 센트럴,305000004820250005,3050000,000,"서울특별시 동대문구 장한로 ***, 힐스테이트 장안 센트럴 B***호 (장안동)",02639,,01,영업/정상,,,
오즈동물병원,,192672.067512964,452221.960661496,2026-05-03 22:46:25,I,0002,폐업,,2022-04-28 18:10:54,,2018-09-18,0,,서울특별시 서대문구 남가좌동 *** DMC파크뷰자이,312000004820180034,3120000,000,"서울특별시 서대문구 가재울미래로 *, ***동 *층 ***호 (남가좌동, DMC파크뷰자이)",03711,,03,폐업,,,02-305-5975
준동물병원,,211776.359911923,445161.729493138,2026-05-03 22:04:10,I,0002,폐업,,2022-04-28 18:11:05,,2018-08-30,0,,서울특별시 송파구 오금동 **-* 이화빌딩,323000004820180064,3230000,000,"서울특별시 송파구 중대로 ***, 이화빌딩 *층 (오금동)",05720,,03,폐업,,,02-402-9119
강아지 미용실,,201558.762276006,451316.002333407,2026-05-03 22:33:05,I,0000,정상,,2026-04-09 08:37:34,,2026-04-09,0,,서울특별시 중구 신당동 ***-**,301000004820260001,3010000,000,"서울특별시 중구 다산로**나길 *, *층 (신당동)",04585,,01,영업/정상,,,
바리깡 댕댕,,211257.174450518,445234.291715928,2026-05-03 22:04:16,I,0000,정상,,2026-04-21 14:07:19,,2026-04-21,0,,서울특별시 송파구 오금동 **-**,323000004820260004,3230000,000,"서울특별시 송파구 마천로*길 **, *층 (오금동)",05657,,01,영업/정상,,,
연희온실,,193725.510380013,452167.338393853,2026-05-03 22:46:26,I,0000,정상,,2026-03-16 10:27:28,,2026-03-16,0,,서울특별시 서대문구 연희동 ***-**,312000004820260001,3120000,000,"서울특별시 서대문구 증가로 **, *층 (연희동)",03698,,01,영업/정상,,,
버블독스 데이앤케어 부평공원점,,174521.881829386,443032.956820644,2026-05-03 22:33:40,I,0000,정상,,2026-03-30 10:01:04,,2026-03-30,0,,인천광역시 부평구 부평동 ***-** *층,354000004820260002,3540000,000,"인천광역시 부평구 안남로 **, *층 (부평동)",21405,,01,영업/정상,,,
멍플래닛,,207066.281541218,445288.105396052,2026-05-03 22:04:16,I,0000,정상,,2026-03-03 09:52:17,,2026-03-03,0,,서울특별시 송파구 잠실동 ***-*,323000004820260001,3230000,000,"서울특별시 송파구 백제고분로*길 **-**, *층 ***호 (잠실동)",05561,,01,영업/정상,,,
멍멍멍,2021-12-30,210357.375077208,444083.716311538,2026-05-03 22:04:11,I,0002,폐업,,2022-04-28 18:11:09,,2020-03-31,0,,서울특별시 송파구 가락동 ** 금강빌딩,323000004820200011,3230000,000,"서울특별시 송파구 양재대로**길 *, 금강빌딩 *층 (가락동)",05708,,03,폐업,,,
프리멍,2025-12-23,175392.454679396,448775.975979453,2026-05-03 22:33:14,I,0002,폐업,,2025-12-24 12:21:20,,2023-10-17,0,,인천광역시 계양구 계산동 ***-**,355000004820230003,3550000,000,"인천광역시 계양구 계양대로 ***, *층 ***호 (계산동)",21048,,03,폐업,,,032-716-5815
빛나라 퍼피,2026-01-26,175828.109992931,446289.401137912,2026-05-03 22:33:30,I,0002,폐업,,2026-01-26 17:12:34,,2018-06-07,0,,인천광역시 부평구 갈산동 **-*,354000004820180027,3540000,000,"인천광역시 부평구 주부토로***번길 *, *층 (갈산동)",21317,,03,폐업,,,
유케어종합동물병원,,194835.762213041,444759.157628603,2026-05-03 22:03:26,I,0000,정상,,2022-04-28 18:10:51,,2018-09-03,0,,서울특별시 동작구 상도동 **-** 성은빌딩,319000004820180007,3190000,000,"서울특별시 동작구 상도로 ***, 성은빌딩 (상도동)",06964,,01,영업/정상,,,
두젠틀,,194879.621030433,444803.078382263,2026-05-03 22:03:26,I,0000,정상,,2022-04-28 18:10:52,,2018-09-10,0,,서울특별시 동작구 상도동 **-**,319000004820180011,3190000,000,서울특별시 동작구 상도로 ***-* (상도동),06921,,01,영업/정상,,,02-6014-2126
정겨운동물병원,,195574.460138352,444203.274405267,2026-05-03 22:03:27,I,0000,정상,,2022-04-28 18:10:52,,2018-09-27,0,,서울특별시 동작구 상도*동 *** 상정빌딩,319000004820180015,3190000,000,"서울특별시 동작구 상도로 ***, 상정빌딩 (상도*동)",06970,,01,영업/정상,,,02-817-8172
상도힐링동물병원,,195791.557523948,443898.917364179,2026-05-03 22:03:27,I,0000,정상,,2022-04-28 18:10:52,,2018-10-01,0,,서울특별시 동작구 상도동 ***-*,319000004820180019,3190000,000,서울특별시 동작구 상도로 *** (상도동),06977,,01,영업/정상,,,02-812-7513
굿파파24시 반려동물 건강검진센터,,198128.497755331,442514.202527665,2026-05-03 22:03:28,I,0000,정상,,2022-04-28 18:10:52,,2018-10-10,0,,서울특별시 동작구 사당동 ***-* 사당의원,319000004820180029,3190000,000,"서울특별시 동작구 사당로 ***, 사당의원 (사당동)",07008,,01,영업/정상,,,02-593-8275
이스트핸즈(낚시터고양이),,194926.870053944,444162.082361851,2026-05-03 22:03:28,I,0000,정상,,2023-07-15 09:58:58,,2018-10-23,0,,서울특별시 동작구 상도동 ***-*,319000004820180032,3190000,000,서울특별시 동작구 장승배기로 ** (상도동),06967,,01,영업/정상,,,02-816-9992
품 동물병원,,195455.820503221,444687.36290355,2026-05-03 22:03:28,I,0000,정상,,2022-04-28 18:10:54,,2020-02-04,0,,서울특별시 동작구 상도*동 ***,319000004820200002,3190000,000,"서울특별시 동작구 양녕로 ***-*, *층 (상도*동)",06919,,01,영업/정상,,,
뽀리&쵸쵸,,193311.831569946,443352.67250352,2026-05-03 22:03:28,I,0000,정상,,2022-04-28 18:10:54,,2020-10-30,0,,서울특별시 동작구 신대방동 *** 보라매우성아파트,319000004820200012,3190000,000,"서울특별시 동작구 보라매로*길 *, *동 *층 상가동***호 (신대방동, 보라매우성아파트)",07071,,01,영업/정상,,,
"다정다감, 봄",,195234.609572989,444855.902072871,2026-05-03 22:03:28,I,0000,정상,,2022-06-29 14:28:23,,2022-06-29,0,,서울특별시 동작구 상도동 **-* 대화빌딩,319000004820220002,3190000,000,"서울특별시 동작구 만양로 **, 대화빌딩 *층 ***호 (상도동)",06921,,01,영업/정상,,,02-6959-0759
하이도기,,197839.456557373,442396.914528222,2026-05-03 22:03:29,I,0000,정상,,2024-09-02 13:39:37,,2023-11-02,0,,서울특별시 동작구 사당동 ***-*,319000004820230001,3190000,000,"서울특별시 동작구 사당로 ***, *층 (사당동)",07005,,01,영업/정상,,,
나밍밍 강아지네,,196587.030630143,444939.455414947,2026-05-03 22:03:29,I,0000,정상,,2024-04-29 13:29:20,,2024-04-29,0,,서울특별시 동작구 흑석동 *** 이랜드해가든,319000004820240001,3190000,000,"서울특별시 동작구 서달로 ***, ***호 (흑석동, 이랜드해가든)",06980,,01,영업/정상,,,070-8105-6655
털로덮인친구들 서울상도점,,195574.460138352,444203.274405267,2026-05-03 22:03:29,I,0000,정상,,2024-07-02 15:28:17,,2024-07-02,0,,서울특별시 동작구 상도*동 *** 상정빌딩,319000004820240002,3190000,000,"서울특별시 동작구 상도로 ***, 상정빌딩 *층 (상도*동)",06970,,01,영업/정상,,,070-4833-4599
캣치유고양이미용호텔,,193201.593680455,444043.99270867,2026-05-03 22:03:30,I,0000,정상,,2025-05-07 17:25:04,,2024-11-26,0,,서울특별시 동작구 대방동 ***-** 골든퍼스트,319000004820240004,3190000,000,"서울특별시 동작구 여의대방로**길 **, 골든퍼스트 *층 ***호 (대방동)",07055,,01,영업/정상,,,
지에이치 헬스케어,,194571.152376388,445790.549860682,2026-05-03 22:03:30,I,0000,정상,,2025-08-04 16:28:24,,2024-12-02,0,,서울특별시 동작구 노량진동 **-* 노량진 드림스퀘어 복합빌딩,319000004820240005,3190000,000,"서울특별시 동작구 노들로*길 *, 노량진 드림스퀘어 복합빌딩 A동 *층 ***호 (노량진동)",06900,,01,영업/정상,,,
멍글멍글애견호텔미용,,196267.514996498,444443.755756289,2026-05-03 22:03:31,I,0000,정상,,2025-03-25 11:18:56,,2025-03-25,0,,서울특별시 동작구 흑석동 *** 흑석한강센트레빌*차,319000004820250001,3190000,000,"서울특별시 동작구 서달로 **, B***호 (흑석동, 흑석한강센트레빌*차)",06975,,01,영업/정상,,,
펫대손손 애견센터 신대방점,,193224.770608462,444045.833532044,2026-05-03 22:03:31,I,0000,정상,,2025-12-31 11:17:04,,2025-12-30,0,,서울특별시 동작구 대방동 ***-**,319000004820250002,3190000,000,"서울특별시 동작구 여의대방로**길 **, *층 (대방동)",07055,,01,영업/정상,,,
주니네 놀이터,,198077.090132292,442916.890457083,2026-05-03 22:03:31,I,0000,정상,,2026-02-05 08:57:23,,2026-02-05,0,,서울특별시 동작구 사당동 ***-**,319000004820260001,3190000,000,"서울특별시 동작구 동작대로**길 **, *층 (사당동)",07008,,01,영업/정상,,,
