사업장명,사업장전화번호,폐업일자,좌표X,좌표Y,데이터갱신시점,데이터갱신구분,상세영업상태코드,상세영업상태명,최종수정시점,인허가일자,소재지우편번호,지번주소,관리번호,사무소전화번호,개방자치단체코드,도로명주소,도로명우편번호,재개업일자,영업상태구분코드,영업상태명,휴업시작일자,휴업종료일자,소재지전화번호
(주)진용에너지 동구지점,,,169073.14633698,442352.128139149,2026-05-03 22:49:41,I,01,영업중,2015-04-30 10:34:05,1995-04-06,401-822,인천광역시 동구 송림6동 8번지 571호,1995350000906500004,032-761-3351,3500000,인천광역시 동구 송미로 50 (송림동),,,01,영업/정상,,,032-761-3351
동국제강(주),,,167855.331285349,442549.20948589,2026-05-03 22:49:41,I,01,영업중,2020-08-18 19:34:53,1995-07-15,401-800,인천광역시 동구 송현3동 1번지 6호,1995350000906500005,032-830-6266,3500000,인천광역시 동구 중봉대로 15 (송현동),,,01,영업/정상,,,032-830-6266
케이에이치에너지(주)직영북항주유소,,,168601.098371752,442918.76280875,2026-05-03 22:49:41,I,01,영업중,2025-02-05 10:15:02,2001-11-19,,인천광역시 동구 송현동 1번지 776 호,2001350000906500001,02-2662-7837,3500000,인천광역시 동구 중봉대로 91 (송현동),,,01,영업/정상,,,02-2662-7837
비전계기,,,169424.109924844,442692.722669138,2026-05-03 22:49:41,I,01,영업중,2011-12-28 15:03:14,2006-06-28,401-722,인천광역시 동구 송림4동 294번지 산업유통센터 36동 103호,2006350000906500001,032-589-6465,3500000,"인천광역시  방축로83번길 23, 36동 103호 (산업용품센터)",,,01,영업/정상,,,032-589-6465
주식회사 유니환경,,,166366.237314098,442844.801048758,2026-05-03 22:49:42,I,01,영업중,2025-09-05 15:17:54,2025-09-02,,인천광역시 동구 만석동 2-412 유니환경,2025350017806500001,032-579-4408,3500000,"인천광역시 동구 보세로 29, 유니환경 (만석동)",22500,,01,영업/정상,,,032-579-4408
송국계량증명업소,,,170978.968734,440674.465361166,2026-05-03 22:49:44,I,01,영업중,2018-06-29 13:53:58,1981-04-18,,인천광역시 미추홀구 도화동 120번지 39  호,2000351000006500003,032-866-5945,3510500,,,,01,영업/정상,,,032-866-5945
케이제이로지스틱스주식회사,,,169393.081954222,438189.624345127,2026-05-03 22:49:44,I,01,영업중,2021-05-28 10:04:02,2015-11-24,,,2015351015606500002,032-872-8552,3510500,"인천광역시 미추홀구 소성로 48 (학익동, 케이제이로지스틱스(주))",22201,,01,영업/정상,,,032-872-8552
계룡자원계량증명업소,,,178434.837897734,447378.840804976,2026-05-03 22:49:44,I,01,영업중,2024-01-16 11:16:31,2007-05-14,,인천광역시 계양구 서운동 148번지 22호,2007355005906500002,032-515-2454,3550000,인천광역시 계양구 서운산업로 31 (서운동),,,01,영업/정상,,,032-515-2454
인성환경(주),,,178403.671864094,447551.891150749,2026-05-03 22:49:44,I,01,영업중,2020-01-23 17:03:40,2016-05-09,,인천광역시 계양구 서운동 149번지 19호,2016355005906500001,032-322-9522,3550000,인천광역시 계양구 서운산업로47번길 8 (서운동),21075,,01,영업/정상,,,032-322-9522
(주)하나산업,,,153217.32513415,468510.292655236,2026-05-03 22:49:43,I,01,영업중,2019-01-03 18:59:37,2019-01-03,,인천광역시 강화군 선원면 냉정리 550번지 19호,2019357011706500001,032-932-8261,3570000,인천광역시 강화군 선원면 중앙로 380,23044,,01,영업/정상,,,032-932-8261
동원로엑스(주),,,203825.862435034,441733.620009246,2026-05-03 22:49:42,I,01,영업중,2021-12-28 17:23:30,1991-01-18,,,1997370000906500003,052-220-6199,3700000,"서울특별시 서초구 마방로 68 (양재동, 동원산업빌딩)",06775,,01,영업/정상,,,052-220-6199
씨제이대한통운(주),,,198213.955223154,452045.296742706,2026-05-03 22:49:42,I,01,영업중,2024-04-16 10:24:28,1992-05-20,,서울특별시 종로구 청진동 128 Tower 8,1997370000906500004,052-226-3331,3700000,"서울특별시 종로구 종로5길 7, Tower 8 (청진동)",03157,,01,영업/정상,,,052-226-3331
신흥게량증명업소,,,193111.201618364,455658.582861694,2026-05-03 22:49:42,I,01,영업중,2012-01-31 08:50:45,1981-05-18,,서울특별시 은평구 녹번동 159번지 35  호,2001311008806500001,,3110000,서울특별시 은평구 응암로 360 (녹번동),,,01,영업/정상,,,
현대제철(주),,2022-04-22,167961.623195239,443084.120976229,2026-05-03 22:49:41,I,03,폐업,2022-04-26 17:32:10,1980-02-14,401-800,인천광역시 동구 송현3동 1번지 670호,1980350000906500001,032-760-2034,3500000,인천광역시 동구 중봉대로 63 (송현동),,,03,폐업,,,032-760-2034
한일탱크(주),,2011-04-28,166146.38715993,442986.472726489,2026-05-03 22:49:41,I,03,폐업,2011-12-28 15:24:37,1989-11-03,401-010,인천광역시 동구 만석동 2번지 47호,1989350000906500002,032-884-3201,3500000,인천광역시 동구 보세로42번길 29 (만석동),,,03,폐업,,,032-884-3201
영진탱크터미널,,2013-08-06,166046.664038651,443113.960786863,2026-05-03 22:49:41,I,03,폐업,2014-02-04 10:45:16,1994-04-08,,인천광역시 동구 만석동 2번지 156 호,1994350000906500003,032-773-2082,3500000,인천광역시 동구 보세로42번길 61 (만석동),,,03,폐업,,,032-773-2082
동부건설(주),,2011-07-06,165870.811193601,442840.321864143,2026-05-03 22:49:41,I,03,폐업,2011-12-28 15:39:03,1999-08-27,,인천광역시 동구 만석동 2번지 252 호,1999350000906500006,032-570-6726,3500000,인천광역시 동구 보세로 74 (만석동),,,03,폐업,,,032-570-6726
서진산업,,2013-07-23,170080.945094666,442425.377747266,2026-05-03 22:49:41,I,03,폐업,2013-07-23 09:37:39,2002-06-19,,인천광역시 동구 송림동 296번지 5호,2002350000906500001,032-571-6501,3500000,인천광역시 동구 봉수대로96번길 47 (송림동),,,03,폐업,,,032-571-6501
(주)한일계량증명소,,2025-09-05,166362.187705004,442884.366689169,2026-05-03 22:49:41,I,03,폐업,2025-09-08 08:57:38,2005-09-05,401-010,인천광역시 동구 만석동 2번지 144호,2005350000906500001,032-765-4200,3500000,인천광역시 동구 보세로 34 (만석동),,,03,폐업,,,032-765-4200
유니 메트릭,,2021-11-26,166366.237314098,442844.801048758,2026-05-03 22:49:42,I,03,폐업,2022-04-22 17:58:42,2020-03-19,,인천광역시 동구 만석동 2번지 412호 유니환경,2020350013206500001,032-579-4408,3500000,"인천광역시 동구 보세로 29, 유니환경 (만석동)",22500,,03,폐업,,,032-579-4408
인천교계량증명업소,,2023-12-20,170673.046224228,441503.155544578,2026-05-03 22:49:44,I,03,폐업,2023-12-21 11:22:38,1979-02-08,,인천광역시 미추홀구 도화동 53번지 13호,2000351000006500017,032-863-3027,3510500,인천광역시 미추홀구 장고개로 83(도화동),22113,,03,폐업,,,032-863-3027
성보공업(주)계량증명업소,,2020-08-20,170677.49803144,441305.147341709,2026-05-03 22:49:44,I,03,폐업,2020-08-21 16:03:47,1988-03-26,,인천광역시 미추홀구 도화동 707번지,2000351000006500043,032-874-7200,3510500,인천광역시 미추홀구 염전로 255 (도화동),,,03,폐업,,,032-874-7200
대우일렉트로닉스 인천공장,,2011-07-15,,,2026-05-03 22:49:44,I,03,폐업,2011-07-15 10:23:08,2005-02-18,,인천광역시 미추홀구 용현동 604번지,2005351006106500001,032-880-5033,3510500,,,,03,폐업,,,032-880-5033
도화계량소,,2011-07-15,170513.475571618,441604.72029932,2026-05-03 22:49:44,I,03,폐업,2011-07-15 10:22:35,2007-04-24,402-063,인천광역시 미추홀구 도화3동 754번지 1호,2007351009206500001,032-428-3951,3510500,인천광역시 미추홀구 송림로 309 (도화동),,,03,폐업,,,032-428-3951
협진계량증명업소,,2004-08-06,175419.774343376,447108.897108723,2026-05-03 22:49:44,I,03,폐업,2009-12-03 11:42:03,2000-05-30,,인천광역시 계양구 작전동 429번지 8   호,2000355000006500001,032-546-2031,3550000,인천광역시 계양구 계양대로 24 (작전동),,,03,폐업,,,032-546-2031
까치계량증명업소,,2019-01-03,176454.765842621,447085.003449487,2026-05-03 22:49:44,I,03,폐업,2019-01-08 18:00:18,1990-04-12,,인천광역시 계양구 작전동 706번지 8   호,2000355000006500003,032-549-9156,3550000,인천광역시 계양구 아나지로 379 (작전동),,,03,폐업,,,032-549-9156
대호계량증명업소,,2017-08-31,177651.477702952,450537.094711948,2026-05-03 22:49:44,I,03,폐업,2017-09-07 16:53:09,1998-01-26,,인천광역시 계양구 박촌동 149번지 7  호,2000355000006500005,032-512-8256,3550000,인천광역시 계양구 동양로 19 (박촌동),,,03,폐업,,,032-512-8256
대영철재,,2022-07-21,173861.169988333,447440.210257607,2026-05-03 22:49:44,I,03,폐업,2022-07-21 11:51:08,2007-04-09,,인천광역시 계양구 효성동 186번지 13호,2007355005906500001,032-545-2907,3550000,인천광역시  마장로 567,,,03,폐업,,,032-545-2907
