사업장명,폐업일자,좌표X,좌표Y,데이터갱신시점,데이터갱신구분,지정일자,상세영업상태코드,상세영업상태명,최종수정시점,인허가취소일자,인허가일자,소재지우편번호,지번주소,관리번호,개방자치단체코드,약국영업면적,도로명주소,도로명우편번호,영업상태구분코드,영업상태명,휴업시작일자,휴업종료일자,소재지전화번호
온누리백합약국,2012-01-02,,,2026-04-26 22:31:04,I,2001-02-09,03,폐업,2012-01-02 10:25:53,,2001-02-09,,서울특별시 용산구 후암동 105-6 1층,PHMD120013020033084000001,3020000,64,,,03,폐업,,,
편한약국,2011-12-31,,,2026-04-26 22:31:05,I,2001-06-01,03,폐업,2012-01-02 10:28:48,,2001-06-01,,서울특별시 용산구 이촌1동 301-160 현대21동 상가 107호,PHMD120013020033084000002,3020000,45,,,03,폐업,,,
이레팜약국,2011-01-24,,,2026-04-26 22:31:04,I,2001-06-25,03,폐업,2011-01-24 17:21:37,,2001-06-25,,서울특별시 용산구 이촌1동 302-52 엘지프라자 지층 104호,PHMD120013020033084000004,3020000,29,,,03,폐업,,,
새건강약국,2014-08-07,,,2026-04-26 22:31:04,I,2001-07-02,03,폐업,2014-08-07 17:11:26,,2001-07-02,,서울특별시 용산구 이촌1동 300-10 전보상가12-2,PHMD120013020033084000005,3020000,24,,,03,폐업,,,
행복을주는약국,2015-05-21,,,2026-04-26 22:31:04,I,2001-08-07,03,폐업,2015-05-21 15:18:41,,2001-08-07,,서울특별시 용산구 도원동4번지 삼성래미안(아)상가 212호,PHMD120013020033084000006,3020000,42,,,03,폐업,,,
중문약국,2011-03-28,,,2026-04-26 22:31:04,I,2001-11-09,03,폐업,2011-03-28 10:05:29,,2001-11-09,,서울특별시 용산구 한강로3가 48-2,PHMD120013020033084000008,3020000,44,,,03,폐업,,,
굿윌정약국,2011-02-09,,,2026-04-26 22:31:04,I,2002-01-02,03,폐업,2011-02-09 14:24:35,,2002-01-02,,서울특별시 용산구 후암동 105-3,PHMD120023020033084000001,3020000,33,,,03,폐업,,,
원효종로엠약국,2022-07-07,196448.260071629,448121.923070359,2026-04-26 22:31:04,I,2002-04-01,03,폐업,2022-07-07 11:28:14,,2002-04-01,,서울특별시 용산구 원효로2가 91-7,PHMD120023020033084000002,3020000,133,서울특별시 용산구 원효로41길 58-1 (원효로2가),04363,03,폐업,,,02-704-3118
한강약국,2010-10-29,196862.736717493,447075.456650818,2026-04-26 22:31:04,I,2002-04-20,03,폐업,2016-02-11 14:55:47,,2002-04-20,,서울특별시 용산구 한강로3가 45-2,PHMD120023020033084000003,3020000,25,서울특별시 용산구 서빙고로 4-4 (한강로3가),04388,03,폐업,,,
용산중앙약국,2011-04-06,,,2026-04-26 22:31:04,I,2002-04-20,03,폐업,2011-04-07 09:21:58,,2002-04-20,,서울특별시 용산구 한강로3가 65-162,PHMD120023020033084000004,3020000,78,,,03,폐업,,,
참사랑약국,2019-08-29,196950.394718106,448510.426776893,2026-04-26 22:31:04,I,2003-03-21,03,폐업,2019-08-29 16:54:50,,2003-03-21,,서울특별시 용산구 원효로1가 27-12,PHMD120033020033084000001,3020000,36,서울특별시 용산구 원효로77길 12 (원효로1가),04316,03,폐업,,,
서울약국,2012-08-01,,,2026-04-26 22:31:04,I,2003-07-01,03,폐업,2012-08-01 15:40:38,,2003-07-01,,서울특별시 용산구 갈월동 15-3,PHMD120033020033084000002,3020000,70,,,03,폐업,,,
서울중앙약국,2025-01-02,197373.839856311,450014.537949042,2026-04-26 22:31:04,I,2003-11-27,03,폐업,2025-01-02 11:09:51,,2003-11-27,,서울특별시 용산구 동자동 43-205 1층 역사내,PHMD120033020033084000003,3020000,29,"서울특별시 용산구 청파로 378, 1층 (동자동)",04301,03,폐업,,,02-313-4483
정문약국,2025-09-11,200355.926471791,447885.825806315,2026-04-26 22:31:04,I,2003-12-02,03,폐업,2025-09-12 09:34:21,,2003-12-02,,서울특별시 용산구 한남1동 638-11,PHMD120033020033084000004,3020000,48,서울특별시 용산구 대사관로 60-1 (한남동),04402,03,폐업,,,02-796-2580
광장약국,2009-07-22,,,2026-04-26 22:31:04,I,2004-02-11,03,폐업,2009-07-22 17:38:59,,2004-02-11,,서울특별시 용산구 동자동 43-52,PHMD120043020033084000001,3020000,29,,,03,폐업,,,031-274-8456
용산역약국,2017-01-07,196762.077394917,447480.039577359,2026-04-26 22:31:04,I,2004-09-23,03,폐업,2017-01-12 11:45:40,,2004-09-23,,서울특별시 용산구 한강로3가 40-999 3층 맞이방,PHMD120043020033084000004,3020000,50,"서울특별시 용산구 한강대로23길 55, 3층 (한강로3가)",04377,03,폐업,,,
옵티마엠마오약국,2018-09-20,197722.571038558,446344.591216568,2026-04-26 22:31:04,I,2004-10-05,03,폐업,2018-09-20 10:27:05,,2004-10-05,,서울특별시 용산구 이촌1동 300-153 한강맨션 11동 203-1호,PHMD120043020033084000005,3020000,33,"서울특별시 용산구 이촌로 248, 11동 203-1호 (이촌동, 한강맨션)",04426,03,폐업,,,
한국약국,2021-11-03,198236.296378418,446262.544080318,2026-04-26 22:31:04,I,2004-12-01,03,폐업,2021-11-03 14:29:48,,2004-12-01,,서울특별시 용산구 이촌1동 301-160 현대21동 112호,PHMD120043020033084000006,3020000,18,"서울특별시 용산구 이촌로 303, 21동 112호 (이촌동, 현대아파트)",04424,03,폐업,,,02-794-6045
열린약국,2010-09-27,197725.026777439,449696.305233799,2026-04-26 22:31:04,I,2005-05-24,03,폐업,2016-02-11 15:29:43,,2005-05-24,,서울특별시 용산구 후암동 123-13,PHMD120053020033084000004,3020000,37,서울특별시 용산구 한강대로102길 51-4 (후암동),04333,03,폐업,,,
기분좋은 한약국,2016-01-06,,,2026-04-26 22:31:04,I,2005-05-24,03,폐업,2016-01-06 17:39:55,,2005-05-24,,서울특별시 용산구 한강로1가 215-5 의성빌딩 1층,PHMD120053020033084000005,3020000,35,,,03,폐업,,,
수약국,2014-01-24,,,2026-04-26 22:31:05,I,2005-09-08,03,폐업,2014-01-24 11:57:56,,2005-09-08,,서울특별시 용산구 효창동 81-1,PHMD120053020033084000006,3020000,12,,,03,폐업,,,
이촌약국,2012-03-19,,,2026-04-26 22:31:04,I,2005-09-26,03,폐업,2012-03-19 11:01:00,,2005-09-26,,서울특별시 용산구 이촌1동 300-27 한강쇼핑센터 3층 1호,PHMD120053020033084000007,3020000,22,,,03,폐업,,,
김약국,2013-09-30,,,2026-04-26 22:31:04,I,2006-01-18,03,폐업,2013-09-30 13:08:40,,2006-01-18,,서울특별시 용산구 효창동 74,PHMD120063020033084000002,3020000,22,,,03,폐업,,,
청해약국,2010-09-27,197725.026777439,449696.305233799,2026-04-26 22:31:04,I,2006-01-26,03,폐업,2016-02-11 14:45:39,,2006-01-26,,서울특별시 용산구 한강로3가 63-196,PHMD120063020033084000003,3020000,32,서울특별시 용산구 한강대로102길 51-4 (후암동),04333,03,폐업,,,
용산대학약국,2012-11-01,,,2026-04-26 22:31:04,I,2006-03-27,03,폐업,2012-11-01 14:27:01,,2006-03-27,,서울특별시 용산구 한남동 639-8,PHMD120063020033084000004,3020000,64,,,03,폐업,,,
김숙영약국,2016-02-16,197773.224501107,449762.092549488,2026-04-26 22:31:04,I,2006-03-31,03,폐업,2016-02-16 09:31:32,,2006-03-31,,서울특별시 용산구 후암동 116-34,PHMD120063020033084000005,3020000,26,서울특별시 용산구 한강대로104길 62 (후암동),04333,03,폐업,,,32750887
임마누엘 명약국,2011-03-09,,,2026-04-26 22:31:04,I,2006-06-29,03,폐업,2011-03-10 09:23:55,,2006-06-29,,서울특별시 용산구 한강로3가 40-8,PHMD120063020033084000006,3020000,23,,,03,폐업,,,
탑약국,2012-12-21,,,2026-04-26 22:31:04,I,2006-08-17,03,폐업,2012-12-21 14:26:40,,2006-08-17,,서울특별시 용산구 한남2동 736-8,PHMD120063020033084000008,3020000,41,,,03,폐업,,,
효약국,2011-04-21,,,2026-04-26 22:31:04,I,2006-10-12,03,폐업,2011-04-21 11:53:24,,2006-10-12,,서울특별시 용산구 원효로2가 94-2 원효상가아파트 204호,PHMD120063020033084000009,3020000,28,,,03,폐업,,,
서부메디칼약국,2011-06-14,197145.738804882,450208.807869693,2026-04-26 22:31:04,I,2006-11-01,03,폐업,2016-02-11 15:31:15,,2006-11-01,,서울특별시 용산구 서계동 223-18 지하1층,PHMD120063020033084000010,3020000,104,"서울특별시 용산구 청파로 383-8 (서계동, 청운가든)",04300,03,폐업,,,
홍주약국,2008-11-17,,,2026-04-26 22:31:04,I,2006-11-09,03,폐업,2008-11-17 14:17:17,,2006-11-09,,서울특별시 용산구 이촌1동 302-51 3층,PHMD120063020033084000011,3020000,31,,,03,폐업,,,
파운지약국(pha-unge pharmacy),2017-03-27,198165.767858385,446185.244544796,2026-04-26 22:31:04,I,2007-01-04,03,폐업,2017-03-27 17:24:53,,2007-01-04,140-907,서울특별시 용산구 이촌동 301번지 169호 렉스상가 12-1호,PHMD120073020033084000001,3020000,19,"서울특별시 용산구 이촌로 300, 12-1호 (이촌동, 렉스상가)",04425,03,폐업,,,
용사구내약국,2013-10-01,,,2026-04-26 22:31:04,I,2007-01-16,03,폐업,2013-10-01 17:06:17,,2007-01-16,,서울특별시 용산구 한강로3가 40-708,PHMD120073020033084000002,3020000,28,,,03,폐업,,,070-4339-4504
행복나무한약국,2011-02-25,,,2026-04-26 22:31:04,I,2007-10-18,03,폐업,2011-02-25 10:15:07,,2007-10-18,,서울특별시 용산구 보광동 259-1 102호,PHMD120073020033084000006,3020000,34,,,03,폐업,,,
소아건강약국,2013-08-09,,,2026-04-26 22:31:04,I,2008-01-11,03,폐업,2013-08-09 09:33:18,,2008-01-11,,서울특별시 용산구 서계동 223-8 1층,PHMD120083020033084000001,3020000,28,,,03,폐업,,,
유진약국,2008-10-06,,,2026-04-26 22:31:04,I,2008-07-25,03,폐업,2008-11-17 16:20:42,,2008-07-25,,서울특별시 용산구 신계동 25-8,PHMD120083020033084000006,3020000,23,,,03,폐업,,,
저스트헬쓰드럭스토어약국,2008-10-10,,,2026-04-26 22:31:04,I,2008-08-05,03,폐업,2008-11-17 16:22:47,,2008-08-05,,서울특별시 용산구 이태원1동 34-6,PHMD120083020033084000007,3020000,41,,,03,폐업,,,
튼튼약국,2009-03-02,,,2026-04-26 22:31:04,I,2008-08-18,03,폐업,2009-03-02 16:41:23,,2008-08-18,,서울특별시 용산구 용산동6가 69-167 신동아쇼핑센타 1층117호,PHMD120083020033084000008,3020000,24,,,03,폐업,,,
우리들약국,2010-08-03,,,2026-04-26 22:31:04,I,2008-08-27,03,폐업,2010-08-03 17:45:57,,2008-08-27,,서울특별시 용산구 원효로2가 91-9 1층,PHMD120083020033084000009,3020000,36,,,03,폐업,,,
우리약국,2013-07-29,,,2026-04-26 22:31:04,I,2008-09-03,03,폐업,2013-07-29 13:13:18,,2008-09-03,,서울특별시 용산구 한강로3가 40-999 6층 990호,PHMD120083020033084000010,3020000,19,,,03,폐업,,,20121507
홍주약국,2010-12-06,197265.064006919,446517.341438543,2026-04-26 22:31:04,I,2008-11-17,03,폐업,2015-07-27 15:29:25,,2008-11-17,140-854,서울특별시 용산구 이촌동 302번지 51호 국민은행PB센터 3층,PHMD120083020033084000011,3020000,29,서울특별시 용산구 이촌로 206 (이촌동),,03,폐업,,,
한남23시약국,2009-03-31,200455.14401596,447866.831310941,2026-04-26 22:31:04,I,2008-09-23,03,폐업,2011-11-24 14:45:28,,2008-09-23,140-887,서울특별시 용산구 한남동 633번지 3호 1층 1호,PHMD120083020033084000013,3020000,37,,,03,폐업,,,
유진약국,2008-11-03,196724.128253572,448063.37525228,2026-04-26 22:31:04,I,2008-10-06,03,폐업,2008-11-17 16:17:55,,2008-10-06,140-090,서울특별시 용산구 신계동 25번지 8호 1층,PHMD120083020033084000014,3020000,23,,,03,폐업,,,
유진약국,2009-10-19,196724.128253572,448063.37525228,2026-04-26 22:31:04,I,2008-11-03,03,폐업,2016-02-11 15:32:37,,2008-11-03,140-090,서울특별시 용산구 신계동 25번지 8호 1층,PHMD120083020033084000015,3020000,23,"서울특별시 용산구 새창로45길 25 (신계동, 유진약국)",04367,03,폐업,,,
문약국,2025-07-04,200648.866223783,447953.839063087,2026-04-26 22:31:04,I,2009-02-02,03,폐업,2025-07-04 13:52:15,,2009-02-02,140-884,서울특별시 용산구 한남동 261번지 6호 205호,PHMD120093020033084000001,3020000,21,"서울특별시 용산구 독서당로 67, 205호 (한남동, 서울빌딩)",04419,03,폐업,,,
효창약국,2014-05-19,196252.288320072,448722.260917391,2026-04-26 22:31:04,I,2009-02-25,03,폐업,2014-05-19 16:14:12,,2009-02-25,140-897,서울특별시 용산구 효창동 5번지 219호 지층,PHMD120093020033084000002,3020000,23,,,03,폐업,,,26112789
제일약국,2012-09-14,200347.417101715,447889.426011757,2026-04-26 22:31:04,I,2009-06-15,03,폐업,2012-09-14 11:18:26,,2009-06-15,140-887,서울특별시 용산구 한남동 638번지 4호,PHMD120093020033084000003,3020000,21,,,03,폐업,,,
용산후문약국,2011-06-23,196876.882179978,446917.937732998,2026-04-26 22:31:04,I,2009-08-21,03,폐업,2011-06-23 16:39:24,,2009-08-21,140-883,서울특별시 용산구 한강로3가 65번지 449호,PHMD120093020033084000004,3020000,13,,,03,폐업,,,
순천당약국,2010-06-25,200270.981734911,447892.865925447,2026-04-26 22:31:04,I,2010-06-23,03,폐업,2010-06-28 13:09:17,,2010-06-23,140-887,서울특별시 용산구 한남동 653번지 1호,PHMD120103020033084000002,3020000,140,,,03,폐업,,,
순천당약국,2011-08-16,200270.981734911,447892.865925447,2026-04-26 22:31:04,I,2010-07-01,03,폐업,2011-08-16 13:15:52,,2010-07-01,140-210,서울특별시 용산구 한남동 653번지 1호,PHMD120103020033084000003,3020000,148,,,03,폐업,,,02-790-3372
건강약국,2014-05-12,197083.100438264,447552.774477998,2026-04-26 22:31:04,I,2010-07-14,03,폐업,2014-05-12 14:34:11,,2010-07-14,140-735,서울특별시 용산구 한강로2가 2번지 37호 용산토투밸리 1층,PHMD120103020033084000004,3020000,40,,,03,폐업,,,
현대온누리약국,2012-12-17,197974.143194607,446243.198701013,2026-04-26 22:31:04,I,2010-08-05,03,폐업,2012-12-18 09:44:21,,2010-08-05,140-853,서울특별시 용산구 이촌1동 300번지 15호 1층 1호,PHMD120103020033084000005,3020000,29,,,03,폐업,,,
희망약국,2018-10-29,196549.89584221,448153.524398611,2026-04-26 22:31:04,I,2010-08-11,03,폐업,2018-10-29 11:42:05,,2010-08-11,,,PHMD120103020033084000006,3020000,9,"서울특별시 용산구 원효로 171, 1층 (원효로2가)",04364,03,폐업,,,
하나약국,2011-02-14,196426.613790962,448089.513228441,2026-04-26 22:31:04,I,2010-10-15,03,폐업,2011-02-14 10:09:34,,2010-10-15,140-112,서울특별시 용산구 원효로2가 91번지 9호,PHMD120103020033084000007,3020000,15,,,03,폐업,,,
홍주약국,2014-10-31,197265.064006919,446517.341438543,2026-04-26 22:31:04,I,2010-12-06,03,폐업,2014-10-31 14:51:09,,2010-12-06,140-031,서울특별시 용산구 이촌1동 302번지 51호,PHMD120103020033084000009,3020000,31,,,03,폐업,,,
용산원광한약국,2011-06-28,197269.60480727,447630.777424575,2026-04-26 22:31:04,I,2011-01-05,03,폐업,2011-06-28 18:02:19,,2011-01-05,140-872,서울특별시 용산구 한강로2가 116번지 4호 2층,PHMD120113020033084000001,3020000,26,,,03,폐업,,,
행복나무한약국,2016-01-25,199860.819809374,447348.10086997,2026-04-26 22:31:04,I,2011-03-03,03,폐업,2016-01-29 13:13:00,,2011-03-03,,,PHMD120113020033084000004,3020000,34,"서울특별시 용산구 보광로 46, 1층 (보광동)",04414,03,폐업,,,
가까운우리약국,2020-10-12,200406.963708797,447968.152857355,2026-04-26 22:31:04,I,2011-04-01,03,폐업,2020-10-12 14:08:25,,2011-04-01,140-887,서울특별시 용산구 한남동 657번지 154호 1층,PHMD120113020033084000005,3020000,51,서울특별시 용산구 대사관로31길 7-10 (한남동),04401,03,폐업,,,02-749-6011
밝은온누리약국,2012-01-27,199117.051682138,447830.318352912,2026-04-26 22:31:04,I,2011-06-29,03,폐업,2012-01-27 14:24:55,,2011-06-29,140-863,서울특별시 용산구 이태원1동 44번지 17호 지하1층,PHMD120113020033084000007,3020000,12,,,03,폐업,,,
자연사람한약국,2011-12-30,,,2026-04-26 22:31:04,I,2011-07-01,03,폐업,2012-01-11 10:37:47,,2011-07-01,140-748,서울특별시 용산구 도원동 삼성래미안아파트,PHMD120113020033084000008,3020000,18,,,03,폐업,,,
한남메디컬약국,2014-01-13,200270.981734911,447892.865925447,2026-04-26 22:31:04,I,2011-08-16,03,폐업,2014-01-13 10:30:14,,2011-08-16,140-887,서울특별시 용산구 한남동 653번지 1호 1층,PHMD120113020033084000009,3020000,148,서울특별시 용산구 대사관로 52 (한남동),,03,폐업,,,
아이피약국,2012-03-15,199788.755748324,448121.175798434,2026-04-26 22:31:04,I,2011-09-02,03,폐업,2012-03-15 18:00:40,,2011-09-02,140-893,서울특별시 용산구 한남동 737번지 32호 2층,PHMD120113020033084000010,3020000,15,,,03,폐업,,,
한강약국,2012-02-06,197450.277644237,446437.197878548,2026-04-26 22:31:05,I,2011-09-20,03,폐업,2012-02-06 15:16:42,,2011-09-20,140-031,서울특별시 용산구 이촌1동 300번지 27호,PHMD120113020033084000012,3020000,6,,,03,폐업,,,
경희자연사람한약국,2014-12-03,196149.859380737,448581.975861465,2026-04-26 22:31:05,I,2012-01-10,03,폐업,2014-12-05 09:13:54,,2012-01-10,140-748,서울특별시 용산구 도원동 28번지,PHMD120123020033084000003,3020000,18,서울특별시 용산구 새창로 70 (도원동),,03,폐업,,,
해란약국,2017-03-30,197047.492486141,449155.197455867,2026-04-26 22:31:05,I,2012-02-01,03,폐업,2017-03-30 14:46:40,,2012-02-01,,서울특별시 용산구 청파동3가 111번지 20호,PHMD120123020033084000005,3020000,19,"서울특별시 용산구 청파로47길 53, 1층 (청파동3가)",04313,03,폐업,,,
이촌약국,2013-09-02,197450.277644237,446437.197878548,2026-04-26 22:31:05,I,2012-03-19,03,폐업,2013-09-02 11:06:03,,2012-03-19,140-854,서울특별시 용산구 이촌동 300번지 27호,PHMD120123020033084000006,3020000,22,서울특별시 용산구 이촌로 224 (이촌동),,03,폐업,,,
제일약국,2021-08-30,200347.417101715,447889.426011757,2026-04-26 22:31:05,I,2012-09-14,03,폐업,2021-08-30 10:23:25,,2012-09-14,140-887,서울특별시 용산구 한남동 638번지 4호,PHMD120123020033084000008,3020000,21,"서울특별시 용산구 대사관로 60, 1층 (한남동)",04402,03,폐업,,,02-792-8422
초콜릿약국,2013-05-23,197143.611431282,447561.482331264,2026-04-26 22:31:05,I,2012-09-28,03,폐업,2013-05-23 15:15:25,,2012-09-28,140-871,서울특별시 용산구 한강로2가 312번지 4호,PHMD120123020033084000009,3020000,25,서울특별시 용산구 한강대로 115 (한강로2가),,03,폐업,,,070-4616-1560
대학약국,2018-10-05,200335.901369821,447885.892491197,2026-04-26 22:31:05,I,2012-11-01,03,폐업,2018-10-05 10:00:49,,2012-11-01,140-887,서울특별시 용산구 한남동 639번지 8호,PHMD120123020033084000010,3020000,64,서울특별시 용산구 대사관로 58 (한남동),04402,03,폐업,,,
현대온누리약국,2016-11-11,197974.143194607,446243.198701013,2026-04-26 22:31:05,I,2012-12-17,03,폐업,2016-11-14 09:01:58,,2012-12-17,140-853,이촌동 300번지 15호,PHMD120123020033084000011,3020000,29,"서울특별시 용산구 이촌로 280, 1층 (이촌동)",04426,03,폐업,,,
온누리금보약국,2015-02-09,195547.140326252,447976.775939762,2026-04-26 22:31:05,I,2013-01-02,03,폐업,2015-02-09 15:26:11,,2013-01-02,140-040,서울특별시 용산구 산천동 220번지,PHMD120133020033084000001,3020000,46,서울특별시 용산구 원효로 51 (산천동),,03,폐업,,,
이레약국,2014-01-06,197450.277644237,446437.197878548,2026-04-26 22:31:05,I,2013-02-15,03,폐업,2014-01-06 17:46:59,,2013-02-15,140-854,서울특별시 용산구 이촌동 300번지 27호,PHMD120133020033084000002,3020000,7,서울특별시 용산구 이촌로 224 (이촌동),,03,폐업,,,
부자약국,2024-05-14,200409.140142015,447762.344780979,2026-04-26 22:31:05,I,2013-03-18,03,폐업,2024-05-14 13:28:35,,2013-03-18,140-890,서울특별시 용산구 한남동 619번지 3호,PHMD120133020033084000003,3020000,28,"서울특별시 용산구 대사관로30가길 1, 1층 (한남동)",04409,03,폐업,,,
원효약국,2014-12-01,196534.284541859,448086.811978621,2026-04-26 22:31:05,I,2013-06-04,03,폐업,2014-12-01 14:05:15,,2013-06-04,140-847,서울특별시 용산구 원효로2가 94번지 2호,PHMD120133020033084000004,3020000,25,서울특별시 용산구 원효로 166 (원효로2가),,03,폐업,,,02-6407-7234
소아건강약국,2020-06-09,197150.604766683,450222.68877987,2026-04-26 22:31:05,I,2013-08-09,03,폐업,2020-06-09 14:16:47,,2013-08-09,140-828,서울특별시 용산구 서계동 223번지 8호,PHMD120133020033084000006,3020000,39,"서울특별시 용산구 청파로93길 5, 1층 (서계동)",04300,03,폐업,,,
이촌약국,2018-12-07,197450.277644237,446437.197878548,2026-04-26 22:31:05,I,2013-09-02,03,폐업,2018-12-07 14:52:28,,2013-09-02,140-854,이촌동 300번지 27호,PHMD120133020033084000007,3020000,22,"서울특별시 용산구 이촌로 224, 301호 (이촌동)",04427,03,폐업,,,
공항약국,2018-05-04,197255.617985125,450139.846002725,2026-04-26 22:31:05,I,2014-01-23,03,폐업,2018-05-04 12:34:12,,2014-01-23,140-821,서울특별시 용산구 동자동 43번지 227호,PHMD120143020033084000002,3020000,115,"서울특별시 용산구 청파로 378, 1층 (동자동)",04301,03,폐업,,,
이촌프라자약국,2020-01-17,198047.573915372,446202.36502252,2026-04-26 22:31:05,I,2014-08-14,03,폐업,2020-01-17 13:27:28,,2014-08-14,140-852,이촌동 300번지 10호,PHMD120143020033084000007,3020000,24,"서울특별시 용산구 이촌로88길 3, 1층 12-2호 (이촌동, 점보상가)",04425,03,폐업,,,
하이약국,2015-01-02,197592.425971984,448787.429656748,2026-04-26 22:31:05,I,2014-10-10,03,폐업,2015-01-02 15:19:36,,2014-10-10,140-160,서울특별시 용산구 남영동 120번지 2호,PHMD120143020033084000008,3020000,24,서울특별시 용산구 한강대로 256 (남영동),,03,폐업,,,
원효약국,2016-03-18,196534.284541859,448086.811978621,2026-04-26 22:31:05,I,2014-12-01,03,폐업,2016-03-18 11:51:30,,2014-12-01,140-847,서울특별시 용산구 원효로2가 94번지 2호,PHMD120143020033084000010,3020000,25,"서울특별시 용산구 원효로 166, 103호 (원효로2가)",04366,03,폐업,,,
하이약국,2017-12-01,197592.425971984,448787.429656748,2026-04-26 22:31:05,I,2015-01-02,03,폐업,2017-12-01 09:52:26,,2015-01-02,140-160,서울특별시 용산구 남영동 120번지 2호,PHMD120153020033084000001,3020000,24,"서울특별시 용산구 한강대로 256, 1층 (남영동, 수빌딩)",04352,03,폐업,,,070-4122-1004
오약국,2016-03-21,198622.89264988,446114.155238838,2026-04-26 22:31:05,I,2015-02-16,03,폐업,2016-03-21 09:59:15,,2015-02-16,140-026,서울특별시 용산구 용산동6가 69번지 167호 신동아쇼핑센터 103호,PHMD120153020033084000003,3020000,37,"서울특별시 용산구 이촌로 352, 103호 (용산동6가, 신동아쇼핑센터)",04428,03,폐업,,,
행복을주는약국,2016-01-07,195981.203408641,448450.307441413,2026-04-26 22:31:05,I,2015-05-21,03,폐업,2016-01-07 17:05:57,,2015-05-21,140-748,서울특별시 용산구 도원동 4번지 삼성래미안아파트상가 212호,PHMD120153020033084000005,3020000,42,"서울특별시 용산구 새창로 70, 212호 (도원동, 삼성래미안아파트상가)",04354,03,폐업,,,32753723
밝은누리약국,2016-04-01,199130.159648204,447835.195055145,2026-04-26 22:31:05,I,2015-06-15,03,폐업,2016-04-01 11:37:31,,2015-06-15,140-201,서울특별시 용산구 이태원동 44번지 16호,PHMD120153020033084000006,3020000,12,서울특별시 용산구 녹사평대로32길 47 (이태원동),04390,03,폐업,,,02-792-2621
성경약국,2015-10-07,197338.915067396,446893.484429691,2026-04-26 22:31:05,I,2015-07-02,03,폐업,2015-10-07 16:22:08,,2015-07-02,140-762,서울특별시 용산구 용산동5가 24번지,PHMD120153020033084000007,3020000,103,서울특별시 용산구 서빙고로 67 (용산동5가),04385,03,폐업,,,
미소약국,2016-01-12,200414.314339382,447967.300929192,2026-04-26 22:31:05,I,2015-07-30,03,폐업,2016-01-12 11:05:36,,2015-07-30,140-887,"서울특별시 용산구 한남동 657번지 114호 1, 2층",PHMD120153020033084000008,3020000,80,서울특별시 용산구 대사관로31길 7-8 (한남동),04401,03,폐업,,,
나린약국,2017-03-06,197450.277644237,446437.197878548,2026-04-26 22:31:05,I,2015-09-08,03,폐업,2017-03-06 15:38:25,,2015-09-08,,서울특별시 용산구 이촌동 300번지 27호,PHMD120153020033084000009,3020000,7,"서울특별시 용산구 이촌로 224 (이촌동, 리버뷰맨션)",04427,03,폐업,,,
팜그린약국,2018-11-07,196370.746398773,447841.698787531,2026-04-26 22:31:05,I,2015-11-30,03,폐업,2018-11-07 15:26:00,,2015-11-30,,서울특별시 용산구 한강로3가 16번지 9호,PHMD120153020033084000010,3020000,31,"서울특별시 용산구 청파로 74 (한강로3가, 전자랜드)",04372,03,폐업,,,02-3273-1553
시티온누리약국,2024-03-29,197450.83248065,449012.518444493,2026-04-26 22:31:05,I,2015-12-31,03,폐업,2024-03-29 13:55:42,,2015-12-31,,서울특별시 용산구 갈월동 89번지 9호,PHMD120153020033084000013,3020000,47,"서울특별시 용산구 한강대로 283 (갈월동, 시티파크타워)",04321,03,폐업,,,02-715-7800
행복을주는약국,2018-08-20,196149.859380737,448581.975861465,2026-04-26 22:31:05,I,2016-03-15,03,폐업,2018-08-20 14:37:35,,2016-03-15,,서울특별시 용산구 도원동 28번지,PHMD120163020033084000003,3020000,21,"서울특별시 용산구 새창로 70, 212호 (도원동, 삼성래미안아파트)",04354,03,폐업,,,
예사랑약국,2025-11-05,198622.89264988,446114.155238838,2026-04-26 22:31:05,I,2016-03-21,03,폐업,2025-11-05 10:57:22,,2016-03-21,,서울특별시 용산구 용산동6가 69번지 167호 신동아쇼핑센타 103호,PHMD120163020033084000004,3020000,37,"서울특별시 용산구 이촌로 352, 103호 (용산동6가, 신동아쇼핑)",04428,03,폐업,,,34777500
밝은누리약국,2018-03-22,199117.051682138,447830.318352912,2026-04-26 22:31:05,I,2016-04-01,03,폐업,2018-03-22 10:14:18,,2016-04-01,,서울특별시 용산구 이태원동 44번지 17호,PHMD120163020033084000005,3020000,12,서울특별시 용산구 녹사평대로32길 47 (이태원동),04390,03,폐업,,,02-792-2621
신용산수약국,2018-01-02,197117.41843467,447527.338271365,2026-04-26 22:31:05,I,2016-05-02,03,폐업,2018-01-02 14:06:41,,2016-05-02,,서울특별시 용산구 한강로2가 314번지 1호,PHMD120163020033084000006,3020000,14,"서울특별시 용산구 한강대로 109, 지하2층 227,233호 (한강로2가, 용성비즈텔)",04376,03,폐업,,,
사랑온누리약국,2016-12-26,197450.277644237,446437.197878548,2026-04-26 22:31:05,I,2016-05-16,03,폐업,2016-12-26 12:11:10,,2016-05-16,,,PHMD120163020033084000007,3020000,43,"서울특별시 용산구 이촌로 224, 2층 207,208,219호 (이촌동, 리버뷰맨션)",04427,03,폐업,,,
용산선인약국,2016-12-23,196839.641743356,447863.232025192,2026-04-26 22:31:05,I,2016-10-27,03,폐업,2016-12-27 14:27:58,,2016-10-27,,서울특별시 용산구 한강로2가 15번지 14호,PHMD120163020033084000010,3020000,21,"서울특별시 용산구 청파로20길 34, 22동 7023호 (한강로2가, 선인상가)",04371,03,폐업,,,
사랑온누리약국,2017-11-06,197450.277644237,446437.197878548,2026-04-26 22:31:05,I,2016-12-26,03,폐업,2017-11-06 16:04:59,,2016-12-26,,서울특별시 용산구 이촌동 300번지 27호,PHMD120163020033084000013,3020000,43,"서울특별시 용산구 이촌로 224, 207. 208 219호 (이촌동, 리버뷰맨션)",04427,03,폐업,,,02-796-9508
진약국,2017-02-17,197450.277644237,446437.197878548,2026-04-26 22:31:05,I,2017-01-18,03,폐업,2017-02-17 11:50:10,,2017-01-18,,,PHMD120173020033084000001,3020000,29,"서울특별시 용산구 이촌로 224, 2층 215호 (이촌동, 리버뷰맨션)",04427,03,폐업,,,
진약국,2017-07-03,197450.277644237,446437.197878548,2026-04-26 22:31:05,I,2017-02-17,03,폐업,2017-07-04 09:27:46,,2017-02-17,,,PHMD120173020033084000002,3020000,29,"서울특별시 용산구 이촌로 224, 2층 215호 (이촌동, 리버뷰맨션)",04427,03,폐업,,,02-3785-1047
미라클약국,2021-02-01,197505.954465858,448829.575800282,2026-04-26 22:31:05,I,2017-03-09,03,폐업,2021-02-01 09:33:02,,2017-03-09,,서울특별시 용산구 갈월동 101번지 41호,PHMD120173020033084000003,3020000,33,"서울특별시 용산구 한강대로 259, 109호 (갈월동, 고려에이트리움)",04322,03,폐업,,,070-7723-6050
스마일온누리약국,2017-11-24,196334.724063159,446872.660810651,2026-04-26 22:31:05,I,2017-05-04,03,폐업,2017-11-24 10:31:17,,2017-05-04,,서울특별시 용산구 한강로3가 40번지 93호,PHMD120173020033084000005,3020000,50,"서울특별시 용산구 이촌로 101, 201호 (한강로3가, 한진빌딩)",04380,03,폐업,,,02-792-9383
힐링온누리약국,2018-03-19,198825.353525608,449002.087665382,2026-04-26 22:31:05,I,2017-06-19,03,폐업,2018-03-19 10:14:47,,2017-06-19,,서울특별시 용산구 용산동2가 27번지 4호,PHMD120173020033084000006,3020000,51,"서울특별시 용산구 신흥로 53, 1층 (용산동2가, 기업은행)",04338,03,폐업,,,02-797-1175
드림약국,2019-02-28,196610.663839509,447742.348636253,2026-04-26 22:31:05,I,2017-09-26,03,폐업,2019-02-28 13:56:34,,2017-09-26,,,PHMD120173020033084000007,3020000,33,"서울특별시 용산구 청파로20길 95, 202호 (한강로2가)",04371,03,폐업,,,02-2138-5377
사랑온누리약국,2020-11-11,197450.277644237,446437.197878548,2026-04-26 22:31:05,I,2017-11-06,03,폐업,2020-11-11 10:18:36,,2017-11-06,,,PHMD120173020033084000008,3020000,43,"서울특별시 용산구 이촌로 224, 2층 207,208,219호 (이촌동, 리버뷰맨션)",04427,03,폐업,,,02-796-9508
신용산수약국,2019-11-11,197117.41843467,447527.338271365,2026-04-26 22:31:05,I,2018-01-02,03,폐업,2019-11-11 10:59:22,,2018-01-02,,,PHMD120183020033084000001,3020000,14,"서울특별시 용산구 한강대로 109, 용성비즈텔 지하2층 233,227호 (한강로2가)",04376,03,폐업,,,02-2077-1122
래미안스타약국,2021-05-31,197011.737528847,447430.100250997,2026-04-26 22:31:05,I,2018-01-19,03,폐업,2021-05-31 09:37:39,,2018-01-19,,,PHMD120183020033084000002,3020000,33,"서울특별시 용산구 한강대로 95, 지하2층 RB208호 (한강로2가, 래미안용산)",04378,03,폐업,,,02-2088-3335
공감365온누리약국,2021-10-28,197158.923647874,447399.964398158,2026-04-26 22:31:05,I,2018-01-30,03,폐업,2021-10-28 10:08:38,,2018-01-30,,서울특별시 용산구 한강로2가 424번지 아모레퍼시픽,PHMD120183020033084000003,3020000,49,"서울특별시 용산구 한강대로 100, 아모레퍼시픽 지하1층 B106-2호 (한강로2가)",04386,03,폐업,,,
민약국,2020-07-20,196762.077394917,447480.039577359,2026-04-26 22:31:05,I,2018-04-04,03,폐업,2020-07-20 14:28:47,,2018-04-04,,서울특별시 용산구 한강로3가 40번지 999호 용산역,PHMD120183020033084000006,3020000,11,"서울특별시 용산구 한강대로23길 55, 용산민자역사내 3층 (한강로3가)",04377,03,폐업,,,
카카오약국 cacao pharmacy,2020-12-14,198983.520675068,448023.694558043,2026-04-26 22:31:05,I,2018-04-11,03,폐업,2020-12-14 14:22:30,,2018-04-11,,,PHMD120183020033084000007,3020000,23,"서울특별시 용산구 녹사평대로40길 63, 1층 (이태원동)",04351,03,폐업,,,02-790-7527
그림약국,2018-07-12,197011.737528847,447430.100250997,2026-04-26 22:31:05,I,2018-07-06,03,폐업,2018-07-12 14:39:15,,2018-07-06,,,PHMD120183020033084000009,3020000,6,"서울특별시 용산구 한강대로 95, 2층 206호 (한강로2가, 래미안용산)",04378,03,폐업,,,
새한약국,2013-05-08,,,2026-04-26 22:31:04,I,1960-09-19,03,폐업,2013-05-08 11:16:33,,1960-09-19,,서울특별시 용산구 이태원2동 577,PHMD119603020033084000001,3020000,23,,,03,폐업,,,02-793-7556
부부약국,2015-03-31,,,2026-04-26 22:31:04,I,1964-02-20,03,폐업,2015-04-01 09:07:10,,1964-02-20,,서울특별시 용산구 후암동 166-15,PHMD119643020033084000001,3020000,39,,,03,폐업,,,
새김약국,2010-06-30,,,2026-04-26 22:31:04,I,1965-12-23,03,폐업,2010-07-01 11:47:44,,1965-12-23,,서울특별시 용산구 동빙고동 75,PHMD119653020033084000001,3020000,18,,,03,폐업,,,
문화약국,2021-02-18,200129.716767118,447158.039766923,2026-04-26 22:31:04,I,1967-05-22,03,폐업,2021-02-18 13:45:27,,1967-05-22,140-822,서울특별시 용산구 보광동 64번지 1호,PHMD119673020033084000001,3020000,37,서울특별시 용산구  장문로  114-1 (보광동),04416,03,폐업,,,02-795-8430
보림사약국,2023-07-04,197707.228223815,448013.157100546,2026-04-26 22:31:04,I,1967-05-29,03,폐업,2023-07-04 13:39:42,,1967-05-29,,서울특별시 용산구 용산동3가 1-1,PHMD119673020033084000002,3020000,21,서울특별시 용산구 한강대로62나길 20 (용산동3가),04382,03,폐업,,,02-793-2700
경미약국,2011-09-27,,,2026-04-26 22:31:04,I,1969-03-08,03,폐업,2011-09-27 16:07:07,,1969-03-08,,서울특별시 용산구 한강로3가 65-450,PHMD119693020033084000001,3020000,19,,,03,폐업,,,
혜전약국,2016-08-19,197750.29782569,447888.672064306,2026-04-26 22:31:04,I,1970-04-03,03,폐업,2016-08-22 07:25:45,,1970-04-03,,서울특별시 용산구 한강로1가 166-6,PHMD119703020033084000001,3020000,42,서울특별시 용산구 이태원로4길 30 (한강로1가),04382,03,폐업,,,
신성신약국,2011-10-06,,,2026-04-26 22:31:04,I,1970-04-14,03,폐업,2011-10-06 17:43:55,,1970-04-14,,서울특별시 용산구 서계동 260-1,PHMD119703020033084000002,3020000,15,,,03,폐업,,,
가정약국,2024-09-24,197247.634245402,449673.193356009,2026-04-26 22:31:04,I,1971-01-09,03,폐업,2024-09-25 10:54:03,,1971-01-09,,서울특별시 용산구 청파동1가 135 홍신빌딩,PHMD119713020033084000001,3020000,21,"서울특별시 용산구 청파로 333, 홍신빌딩 (청파동1가)",04304,03,폐업,,,02-713-6200
동인당약국,2018-11-07,197642.670601717,449983.351913454,2026-04-26 22:31:04,I,1971-05-21,03,폐업,2018-11-07 15:15:57,,1971-05-21,,서울특별시 용산구 동자동 35-144,PHMD119713020033084000002,3020000,15,서울특별시 용산구 후암로57길 31 (동자동),04324,03,폐업,,,
신보영약국,2022-04-21,197415.69907315,447820.956945022,2026-04-26 22:31:04,I,1972-02-01,03,폐업,2022-04-21 11:57:35,,1972-02-01,,서울특별시 용산구 한강로2가 43-2,PHMD119723020033084000002,3020000,96,서울특별시 용산구 한강대로 154 (한강로2가),04382,03,폐업,,,02-793-9627
신약국,2019-07-01,199999.529227695,447091.510463832,2026-04-26 22:31:04,I,1972-04-10,03,폐업,2019-07-01 13:57:46,,1972-04-10,,서울특별시 용산구 보광동 216,PHMD119723020033084000003,3020000,22,서울특별시 용산구 장문로 100 (보광동),04396,03,폐업,,,
장안약국,2010-10-29,,,2026-04-26 22:31:04,I,1972-04-10,03,폐업,2016-02-11 17:25:30,,1972-04-10,,서울특별시 용산구 한강로2가 230-2,PHMD119723020033084000004,3020000,21,서울특별시 용산구 한강대로 80 (한강로2가),04387,03,폐업,,,
신용산약국,2024-07-18,196606.215519141,447009.361612995,2026-04-26 22:31:04,I,1972-04-10,03,폐업,2024-07-18 11:14:31,,1972-04-10,140-880,서울특별시 용산구 한강로3가 40번지 8호 1층,PHMD119723020033084000005,3020000,40,서울특별시 용산구 한강대로15길 9-18 (한강로3가),04379,03,폐업,,,02-795-3774
신정제약국,2021-11-26,196799.110040952,447008.382099627,2026-04-26 22:31:04,I,1972-04-10,03,폐업,2021-11-26 16:50:42,,1972-04-10,,서울특별시 용산구 한강로3가 61-2,PHMD119723020033084000006,3020000,75,"서울특별시 용산구 한강대로 50 (한강로3가, 신정재약국)",04388,03,폐업,,,02-794-9833
남부약국,2019-01-20,197107.758351589,448715.895827854,2026-04-26 22:31:04,I,1972-04-28,03,폐업,2019-01-31 16:06:04,,1972-04-28,,,PHMD119723020033084000007,3020000,21,서울특별시 용산구 원효로89길 19 (원효로1가),04316,03,폐업,,,
알파약국,2024-04-22,199860.819809374,447348.10086997,2026-04-26 22:31:04,I,1973-04-17,03,폐업,2024-04-22 16:49:14,,1973-04-17,,,PHMD119733020033084000001,3020000,20,서울특별시 용산구 보광로 46 (보광동),04414,03,폐업,,,02-795-6092
서안약국,2015-12-31,196572.237865086,448693.225017024,2026-04-26 22:31:04,I,1973-05-30,03,폐업,2015-12-31 09:11:04,,1973-05-30,,,PHMD119733020033084000003,3020000,39,서울특별시 용산구 효창원로 142 (효창동),04317,03,폐업,,,
신진약국,2014-08-13,,,2026-04-26 22:31:04,I,1973-06-18,03,폐업,2014-08-14 10:07:30,,1973-06-18,,서울특별시 용산구 보광동 238-9,PHMD119733020033084000004,3020000,30,,,03,폐업,,,
삼희약국,2018-04-16,,,2026-04-26 22:31:04,I,1973-06-20,03,폐업,2018-04-16 11:50:28,,1973-06-20,,,PHMD119733020033084000005,3020000,44,서울특별시 용산구 한강대로 68 (한강로2가),04387,03,폐업,,,
풍전약국,2025-11-24,195733.868987977,447844.706054369,2026-04-26 22:31:04,I,1973-07-20,03,폐업,2025-11-24 18:12:52,,1973-07-20,,,PHMD119733020033084000006,3020000,24,서울특별시 용산구 원효로25길 31 (원효로4가),04362,03,폐업,,,02-719-6833
불로초약국,2017-07-31,196043.634484984,447017.879587962,2026-04-26 22:31:04,I,1973-07-26,03,폐업,2017-07-31 10:57:30,,1973-07-26,,,PHMD119733020033084000007,3020000,25,서울특별시 용산구 이촌로22길 11 (이촌동),04374,03,폐업,,,
종점약국,2017-10-19,198854.250295369,449026.565241571,2026-04-26 22:31:04,I,1974-04-15,03,폐업,2017-10-20 12:55:59,,1974-04-15,,,PHMD119743020033084000003,3020000,46,서울특별시 용산구 신흥로12길 1 (용산동2가),04339,03,폐업,,,
버들약국,2011-12-16,,,2026-04-26 22:31:04,I,1974-05-21,03,폐업,2011-12-16 12:49:00,,1974-05-21,,서울특별시 용산구 한남2동 738-25,PHMD119743020033084000004,3020000,0,,,03,폐업,,,
선우약국,2015-11-13,197241.83081055,447570.134512326,2026-04-26 22:31:04,I,1974-07-16,03,폐업,2015-11-13 15:00:25,,1974-07-16,,,PHMD119743020033084000005,3020000,16,서울특별시 용산구 한강대로40길 5 (한강로2가),04382,03,폐업,,,02-795-5423
삼산약국,2013-11-06,,,2026-04-26 22:31:04,I,1974-07-20,03,폐업,2013-11-06 14:35:17,,1974-07-20,,서울특별시 용산구 신계동 5-17,PHMD119743020033084000006,3020000,19,,,03,폐업,,,
서시약국,2015-07-01,200415.970306611,447883.360212005,2026-04-26 22:31:04,I,1975-01-09,03,폐업,2015-07-10 13:22:04,,1975-01-09,,,PHMD119753020033084000001,3020000,61,서울특별시 용산구 대사관로 66-1 (한남동),,03,폐업,,,
동명약국,2020-04-03,196493.226777435,448069.362976274,2026-04-26 22:31:04,I,1975-09-08,03,폐업,2020-04-03 13:13:35,,1975-09-08,,,PHMD119753020033084000007,3020000,66,서울특별시 용산구 원효로 164 (원효로2가),04366,03,폐업,,,02-712-1852
가나약국,2013-04-30,,,2026-04-26 22:31:04,I,1977-03-25,03,폐업,2013-04-30 17:50:01,,1977-03-25,,서울특별시 용산구 이촌1동 302-82,PHMD119773020033084000001,3020000,15,,,03,폐업,,,
후암약국,2009-12-28,198262.399622082,449424.968818037,2026-04-26 22:31:04,I,1977-06-09,03,폐업,2016-02-11 15:00:13,,1977-06-09,,서울특별시 용산구 후암동 265-16,PHMD119773020033084000002,3020000,19,서울특별시 용산구 두텁바위로35길 2-1 (후암동),04336,03,폐업,,,
신명약국,2021-02-01,198101.445232724,449672.909204653,2026-04-26 22:31:04,I,1978-07-20,03,폐업,2021-02-01 10:27:50,,1978-07-20,,서울특별시 용산구 후암동 244번지 79호 남산리치빌,PHMD119783020033084000001,3020000,28,"서울특별시 용산구 후암로28길 38, 남산리치빌 (후암동)",04331,03,폐업,,,
한라약국,2015-04-27,199426.149287344,447955.380979937,2026-04-26 22:31:04,I,1978-10-14,03,폐업,2015-05-11 14:09:29,,1978-10-14,140-858,서울특별시 용산구 이태원동 131번지 3호,PHMD119783020033084000002,3020000,22,서울특별시 용산구 보광로 124 (이태원동),,03,폐업,,,
세일약국,2020-01-10,196680.660754332,446995.532369586,2026-04-26 22:31:04,I,1979-12-13,03,폐업,2020-01-13 09:14:17,,1979-12-13,,,PHMD119793020033084000001,3020000,20,서울특별시 용산구 한강대로15길 9-17 (한강로3가),04379,03,폐업,,,02-795-7375
메디팜한진약국,2025-10-13,195996.987059253,447116.532297206,2026-04-26 22:31:04,I,1980-01-09,03,폐업,2025-10-13 15:09:05,,1980-01-09,140-909,서울특별시 용산구 이촌동 203번지 17호,PHMD119803020033084000001,3020000,25,서울특별시 용산구  이촌로18길  5 (이촌동),04374,03,폐업,,,
청파약국,2010-08-25,,,2026-04-26 22:31:04,I,1980-07-05,03,폐업,2010-08-25 15:37:25,,1980-07-05,,서울특별시 용산구 원효로1가 38-6,PHMD119803020033084000002,3020000,26,,,03,폐업,,,
구명약국,2010-06-28,,,2026-04-26 22:31:04,I,1982-10-19,03,폐업,2010-06-28 13:09:01,,1982-10-19,,서울특별시 용산구 한남1동 631-5,PHMD119823020033084000002,3020000,28,,,03,폐업,,,
청은약국,2016-07-07,196993.838133124,449201.432096601,2026-04-26 22:31:04,I,1983-03-25,03,폐업,2016-07-08 08:50:09,,1983-03-25,,,PHMD119833020033084000002,3020000,24,서울특별시 용산구 청파로47길 66 (청파동2가),04310,03,폐업,,,02-717-6415
영광약국,2008-11-07,,,2026-04-26 22:31:04,I,1984-03-10,03,폐업,2008-11-17 16:24:57,,1984-03-10,,서울특별시 용산구 한강로2가 351,PHMD119843020033084000001,3020000,23,,,03,폐업,,,
전약국,2020-03-24,199397.088702538,447956.466832685,2026-04-26 22:31:04,I,1985-03-16,03,폐업,2020-03-24 17:48:51,,1985-03-16,,,PHMD119853020033084000001,3020000,20,서울특별시 용산구 보광로 125 (이태원동),04391,03,폐업,,,02-797-9834
문약국,2009-02-02,,,2026-04-26 22:31:04,I,1985-06-21,03,폐업,2009-02-02 16:24:31,,1985-06-21,,서울특별시 용산구 한남1동 75-1,PHMD119853020033084000002,3020000,25,,,03,폐업,,,
부영사약국,2016-03-28,199661.747077339,447700.193338684,2026-04-26 22:31:04,I,1985-10-23,03,폐업,2016-03-28 15:33:57,,1985-10-23,,,PHMD119853020033084000003,3020000,24,서울특별시 용산구 우사단로4길 5 (보광동),04407,03,폐업,,,
해란약국,2012-02-01,,,2026-04-26 22:31:04,I,1986-02-12,03,폐업,2012-02-01 10:40:09,,1986-02-12,,서울특별시 용산구 청파동3가 111-61,PHMD119863020033084000001,3020000,22,,,03,폐업,,,
성수약국,2009-01-29,,,2026-04-26 22:31:04,I,1986-05-22,03,폐업,2009-01-29 16:07:48,,1986-05-22,,서울특별시 용산구 원효로4가 117-8,PHMD119863020033084000002,3020000,12,,,03,폐업,,,
남선약국,2025-05-07,196534.284541859,448086.811978621,2026-04-26 22:31:04,I,1987-02-28,03,폐업,2025-05-07 10:05:33,,1987-02-28,,,PHMD119873020033084000001,3020000,43,"서울특별시 용산구 원효로 166, 103호 (원효로2가, 원효아파트)",04366,03,폐업,,,
대한당약국,2024-05-02,199741.853489197,447841.880473634,2026-04-26 22:31:04,I,1987-06-02,03,폐업,2024-05-02 13:55:15,,1987-06-02,,,PHMD119873020033084000002,3020000,21,서울특별시 용산구 우사단로10길 42 (한남동),04407,03,폐업,,,02-794-8056
미화약국,2019-10-25,197823.407639755,449598.787943071,2026-04-26 22:31:04,I,1992-01-10,03,폐업,2019-10-25 15:50:10,,1992-01-10,,,PHMD119923020033084000001,3020000,31,서울특별시 용산구 두텁바위로1길 108 (후암동),04332,03,폐업,,,
용산약국,2016-07-01,197099.381481836,447328.548832245,2026-04-26 22:31:04,I,1994-01-11,03,폐업,2016-07-04 10:21:06,,1994-01-11,,,PHMD119943020033084000001,3020000,53,서울특별시 용산구 한강대로 92 (한강로2가),04386,03,폐업,,,
동오약국,2024-06-12,200013.719391789,447128.300366966,2026-04-26 22:31:04,I,1994-02-04,03,폐업,2024-06-12 14:01:38,,1994-02-04,,,PHMD119943020033084000002,3020000,44,서울특별시 용산구 보광로 18 (보광동),04415,03,폐업,,,02-749-1293
정도약국,2011-09-05,,,2026-04-26 22:31:04,I,1994-05-30,03,폐업,2011-09-05 13:32:15,,1994-05-30,,서울특별시 용산구 원효로2가 81-8,PHMD119943020033084000003,3020000,68,,,03,폐업,,,
실로암약국,2024-07-17,196600.080247176,447900.639294985,2026-04-26 22:31:04,I,1994-11-16,03,폐업,2024-07-17 17:48:27,,1994-11-16,,,PHMD119943020033084000004,3020000,15,"서울특별시 용산구 청파로 101, 10동 특1호 (한강로3가)",04366,03,폐업,,,02-716-8145
보람약국,2015-11-30,196370.746398773,447841.698787531,2026-04-26 22:31:04,I,1994-11-26,03,폐업,2015-11-30 11:11:22,,1994-11-26,,,PHMD119943020033084000005,3020000,27,"서울특별시 용산구 청파로 74, 1층 1호 (한강로3가)",04372,03,폐업,,,
명진당약국,2021-03-19,197169.575620093,450214.931124581,2026-04-26 22:31:04,I,1996-07-18,03,폐업,2021-03-19 10:26:43,,1996-07-18,,,PHMD119963020033084000001,3020000,25,서울특별시 용산구 청파로 387 (서계동),04300,03,폐업,,,02-717-5603
코끼리약국,2023-12-29,199955.429742269,447219.161582186,2026-04-26 22:31:04,I,2000-08-14,03,폐업,2023-12-29 10:15:13,,2000-08-14,,서울특별시 용산구 보광동 260-8,PHMD120003020033084000003,3020000,11,"서울특별시 용산구 보광로 30, 2층 (보광동)",04415,03,폐업,,,02-796-0484
기영약국,2015-12-31,200415.883125551,447943.864490642,2026-04-26 22:31:04,I,2000-08-28,03,폐업,2015-12-31 09:36:00,,2000-08-28,140-887,서울특별시 용산구 한남동 657번지 102호,PHMD120003020033084000004,3020000,173,서울특별시 용산구 대사관로31길 7-5 (한남동),04401,03,폐업,,,
온누리금보약국,2012-12-31,,,2026-04-26 22:31:04,I,2000-11-17,03,폐업,2013-01-02 13:31:56,,2000-11-17,,"서울특별시 용산구 산천동 6번지 삼성테마트 110,111",PHMD120003020033084000005,3020000,66,,,03,폐업,,,
센트럴파란문약국,2019-04-08,197011.737528847,447430.100250997,2026-04-26 22:31:05,I,2018-07-23,03,폐업,2019-04-08 15:22:51,,2018-07-23,,,PHMD120183020033084000011,3020000,66,"서울특별시 용산구 한강대로 95, 208-1호 (한강로2가, 래미안용산)",04378,03,폐업,,,
해밀톤약국,2018-10-15,199387.896366941,448055.04886957,2026-04-26 22:31:05,I,2018-08-09,03,폐업,2018-10-15 15:01:22,,2018-08-09,,,PHMD120183020033084000012,3020000,15,"서울특별시 용산구 이태원로 179, 해밀톤호텔 (본관),해밀톤쇼핑센터 1층 4호 (이태원동)",04350,03,폐업,,,
대학약국,2020-02-03,200335.901369821,447885.892491197,2026-04-26 22:31:05,I,2018-10-05,03,폐업,2020-02-03 09:43:21,,2018-10-05,,,PHMD120183020033084000015,3020000,64,"서울특별시 용산구 대사관로 58, 1층 (한남동)",04402,03,폐업,,,02-795-4549
희망약국,2020-01-06,196549.89584221,448153.524398611,2026-04-26 22:31:05,I,2018-10-31,03,폐업,2020-01-06 10:15:02,,2018-10-31,,,PHMD120183020033084000016,3020000,6,"서울특별시 용산구 원효로 171, 신영빌딩 1층 (원효로2가)",04364,03,폐업,,,02-703-0120
새평화약국,2025-11-26,197642.28869319,449949.107249319,2026-04-26 22:31:05,I,2019-02-11,03,폐업,2025-11-26 15:45:57,,2019-02-11,,,PHMD120193020033084000001,3020000,22,"서울특별시 용산구 후암로57길 37, 1층 (동자동)",04324,03,폐업,,,02-3789-4904
센트럴파란문약국,2021-04-01,197011.737528847,447430.100250997,2026-04-26 22:31:05,I,2019-04-10,03,폐업,2021-04-01 09:42:06,,2019-04-10,,,PHMD120193020033084000002,3020000,66,"서울특별시 용산구 한강대로 95, 2층 RB208-1호 (한강로2가, 래미안용산 더 센트럴)",04378,03,폐업,,,02-3785-3365
분홍약국,2022-05-17,199117.051682138,447830.318352912,2026-04-26 22:31:05,I,2019-06-21,03,폐업,2022-05-17 17:04:24,,2019-06-21,,,PHMD120193020033084000003,3020000,17,"서울특별시 용산구 녹사평대로32길 47, 1층 (이태원동)",04390,03,폐업,,,070-4234-8203
3층 파란문 약국,2023-05-22,196861.350875235,447226.720509901,2026-04-26 22:31:05,I,2019-08-16,03,폐업,2023-05-22 09:28:26,,2019-08-16,,,PHMD120193020033084000004,3020000,29,"서울특별시 용산구 한강대로 69, 3층 305-1호 (한강로2가, 용산푸르지오써밋)",04378,03,폐업,,,
다혜원 한약국,2022-10-17,197011.737528847,447430.100250997,2026-04-26 22:31:05,I,2019-09-04,03,폐업,2022-10-17 13:40:33,,2019-09-04,,,PHMD120193020033084000006,3020000,70,"서울특별시 용산구 한강대로 95, B동 217호 (한강로2가, 래미안용산 더 센트럴)",04378,03,폐업,,,02-6409-3005
한남더힐한약국,2020-09-18,200148.029733314,449044.513022054,2026-04-26 22:31:05,I,2019-09-09,03,폐업,2020-09-18 11:33:50,,2019-09-09,,,PHMD120193020033084000007,3020000,20,"서울특별시 용산구 한남대로46길 26, 1층 1호 (한남동)",04417,03,폐업,,,02-797-0120
이태원수약국,2023-06-27,199397.088702538,447956.466832685,2026-04-26 22:31:05,I,2020-06-03,03,폐업,2023-06-27 12:17:18,,2020-06-03,,서울특별시 용산구 이태원동 130번지 1호,PHMD120203020033084000004,3020000,23,"서울특별시 용산구 보광로 125, 2층 (이태원동)",04391,03,폐업,,,02-797-9834
봄의 언덕 약국,2023-01-11,198022.925692735,449887.20204289,2026-04-26 22:31:05,I,2020-08-06,03,폐업,2023-01-11 18:08:33,,2020-08-06,,서울특별시 용산구 후암동 30-43,PHMD120203020033084000006,3020000,30,"서울특별시 용산구 후암로34길 22, 1층 (후암동)",04327,03,폐업,,,
다올약국,2022-01-27,197311.684172988,448850.59982315,2026-04-26 22:31:05,I,2020-09-25,03,폐업,2022-01-27 14:41:19,,2020-09-25,,,PHMD120203020033084000007,3020000,51,"서울특별시 용산구 청파로 251, 지하 B02호 (청파동3가)",04313,03,폐업,,,02-702-7083
애플약국,2024-02-29,197315.866592275,448835.167043143,2026-04-26 22:31:05,I,2021-05-26,03,폐업,2024-02-29 09:21:17,,2021-05-26,,서울특별시 용산구 청파동3가 80-7 애전빌딩,PHMD120213020033084000003,3020000,118,"서울특별시 용산구 청파로 247, 애전빌딩 지하1층 (청파동3가)",04313,03,폐업,,,02-469-1020
래미안스타약국,2024-08-30,197011.737528847,447430.100250997,2026-04-26 22:31:05,I,2021-05-31,03,폐업,2024-09-02 17:40:27,,2021-05-31,,서울특별시 용산구 한강로2가 422 래미안용산 더 센트럴,PHMD120213020033084000004,3020000,33,"서울특별시 용산구 한강대로 95, 지하2층 208호 (한강로2가, 래미안용산 더 센트럴)",04378,03,폐업,,,02-2088-3335
이화약국,2023-01-30,200347.417101715,447889.426011757,2026-04-26 22:31:05,I,2021-08-30,03,폐업,2023-01-30 14:52:15,,2021-08-30,,서울특별시 용산구 한남동 638-4,PHMD120213020033084000005,3020000,21,"서울특별시 용산구 대사관로 60, 1층 (한남동)",04402,03,폐업,,,070-8860-7760
용산사랑약국,2022-07-22,195322.602262906,448009.59736107,2026-04-26 22:31:05,I,2022-03-15,03,폐업,2022-07-22 13:18:42,,2022-03-15,,서울특별시 용산구 원효로4가 178-9,PHMD120223020033084000002,3020000,138,"서울특별시 용산구 원효로 28, 1층 (원효로4가)",04365,03,폐업,,,02-711-2731
휴베이스 새봄약국,2024-02-27,195547.140326252,447976.775939762,2026-04-26 22:31:05,I,2023-05-08,03,폐업,2024-02-27 11:08:24,,2023-05-08,,서울특별시 용산구 산천동 202 삼성테마트,PHMD120233020033084000003,3020000,56,"서울특별시 용산구 원효로 51, 250,251,252,253호 (산천동, 삼성테마트)",04359,03,폐업,,,02-715-1514
매일약국,2024-09-24,196704.745506143,448591.786383215,2026-04-26 22:31:05,I,2023-06-28,03,폐업,2024-09-24 16:28:33,,2023-06-28,,서울특별시 용산구 효창동 287 용산 롯데캐슬 센터포레,PHMD120233020033084000005,3020000,50,"서울특별시 용산구 백범로 313, 208동 지하3층 111호 (효창동, 용산 롯데캐슬 센터포레)",04317,03,폐업,,,
용산파크약국,,197056.728931087,447077.126289262,2026-04-26 22:31:05,I,2020-11-16,13,영업중,2020-11-16 17:59:07,,2020-11-16,,서울특별시 용산구 한강로3가 63-70,PHMD120203020033084000010,3020000,25,"서울특별시 용산구 서빙고로 17, 용산 센트럴파크 해링턴스퀘어 D동 2층 50호 (한강로3가)",04387,01,영업/정상,,,02-797-5055
미라클약국,,197495.818710273,448806.677034283,2026-04-26 22:31:05,I,2021-02-01,13,영업중,2022-08-16 13:21:11,,2021-02-01,,서울특별시 용산구 갈월동 101-49 고려에이트리움,PHMD120213020033084000001,3020000,33,"서울특별시 용산구 한강대로 259, 고려에이트리움 1층 109호 (갈월동)",04322,01,영업/정상,,,02-795-6050
나라약국,,197282.805167662,449161.041937749,2026-04-26 22:31:05,I,2021-04-27,13,영업중,2021-04-27 16:32:09,,2021-04-27,,,PHMD120213020033084000002,3020000,45,"서울특별시 용산구 청파로47길 7, 102호 (청파동3가)",04313,01,영업/정상,,,02-6949-3332
하늘약국,,197011.737528847,447430.100250997,2026-04-26 22:31:05,I,2021-08-31,13,영업중,2021-08-31 16:18:31,,2021-08-31,,서울특별시 용산구 한강로2가 422 래미안용산 더 센트럴 상가동 228호,PHMD120213020033084000006,3020000,44,"서울특별시 용산구 한강대로 95, 상가동 2층 228호 (한강로2가, 래미안용산 더 센트럴)",04378,01,영업/정상,,,02-3785-2202
해피약국,,197056.728931087,447077.126289262,2026-04-26 22:31:05,I,2021-12-14,13,영업중,2021-12-14 14:41:16,,2021-12-14,,서울특별시 용산구 한강로3가 63-70,PHMD120213020033084000007,3020000,34,"서울특별시 용산구 서빙고로 17, 용산센트럴파크해링턴스퀘어 상가동 2층 108호 (한강로3가)",04387,01,영업/정상,,,02-6953-8785
국민약국,,199453.471294286,448006.716542077,2026-04-26 22:31:05,I,2022-01-26,13,영업중,2024-09-12 10:11:45,,2022-01-26,,서울특별시 용산구 이태원동 127-7 국민은행,PHMD120223020033084000001,3020000,22,"서울특별시 용산구 이태원로 186, 1층 (이태원동)",04406,01,영업/정상,,,02-749-7799
다올약국,,197311.684172988,448850.59982315,2026-04-26 22:31:05,I,2022-06-22,13,영업중,2022-06-22 16:36:19,,2022-06-22,,서울특별시 용산구 청파동3가 80-6,PHMD120223020033084000003,3020000,51,"서울특별시 용산구 청파로 251, 지하1층 B02호 (청파동3가)",04313,01,영업/정상,,,02-702-7083
솔약국,,197045.849468346,448447.558967085,2026-04-26 22:31:05,I,2022-07-28,13,영업중,2022-08-02 10:36:47,,2022-07-28,,,PHMD120223020033084000004,3020000,27,"서울특별시 용산구 백범로 341, 128-1호 (원효로1가, 리첸시아 용산)",04315,01,영업/정상,,,02-3272-1117
라임약국,,197238.047760935,448273.21111275,2026-04-26 22:31:05,I,2022-08-09,13,영업중,2022-08-09 10:58:49,,2022-08-09,,서울특별시 용산구 문배동 24-8 프라임펠리스,PHMD120223020033084000005,3020000,50,"서울특별시 용산구 백범로90길 38, 102호 (문배동, 프라임펠리스)",04369,01,영업/정상,,,02-702-5632
이화약국,,200347.417101715,447889.426011757,2026-04-26 22:31:05,I,2023-01-30,13,영업중,2023-01-30 15:31:30,,2023-01-30,,서울특별시 용산구 한남동 638-4,PHMD120233020033084000001,3020000,21,"서울특별시 용산구 대사관로 60, 1층 (한남동)",04402,01,영업/정상,,,070-8860-7760
호정약국,,,,2026-04-26 22:31:05,I,2023-03-24,13,영업중,2024-03-07 11:02:31,,2023-03-24,,서울특별시 용산구 효창동 288 한빛빌딩,PHMD120233020033084000002,3020000,29,"서울특별시 용산구 효창원로93길 9, 한빛빌딩 2층 201호 (효창동)",04311,01,영업/정상,,,02-712-1276
3층파란문약국,,196861.350875235,447226.720509901,2026-04-26 22:31:05,I,2023-05-22,13,영업중,2023-05-22 10:56:54,,2023-05-22,,서울특별시 용산구 한강로2가 420 용산푸르지오써밋,PHMD120233020033084000004,3020000,29,"서울특별시 용산구 한강대로 69, 3층 305-1호 (한강로2가, 용산푸르지오써밋)",04378,01,영업/정상,,,02-796-9008
산책약국,,197158.923647874,447399.964398158,2026-04-26 22:31:05,I,2023-08-18,13,영업중,2023-08-18 17:32:14,,2023-08-18,,서울특별시 용산구 한강로2가 424 아모레퍼시픽,PHMD120233020033084000006,3020000,49,"서울특별시 용산구 한강대로 100, 아모레퍼시픽 지하1층 B106-2호 (한강로2가)",04386,01,영업/정상,,,02-6272-3595
바로약국,,197083.100438264,447552.774477998,2026-04-26 22:31:05,I,2023-10-24,13,영업중,2023-10-24 16:12:59,,2023-10-24,,서울특별시 용산구 한강로2가 2-37 용산토투밸리,PHMD120233020033084000007,3020000,8,"서울특별시 용산구 새창로 217, 용산토투밸리 1층 132호 (한강로2가)",04376,01,영업/정상,,,
용산매일여는약국,,197056.728931087,447077.126289262,2026-04-26 22:31:05,I,2024-01-31,13,영업중,2025-03-12 17:03:31,,2024-01-31,,서울특별시 용산구 한강로3가 98,PHMD120243020033084000001,3020000,34,"서울특별시 용산구 서빙고로 17, A몰동 2층 2073-1호 (한강로3가)",04387,01,영업/정상,,,02-790-3655
다나은약국,,197117.41843467,447527.338271365,2026-04-26 22:31:05,I,2024-02-16,13,영업중,2024-02-16 11:23:02,,2024-02-16,,서울특별시 용산구 한강로2가 314-1 용성비즈텔,PHMD120243020033084000002,3020000,22,"서울특별시 용산구 한강대로 109, 용성비즈텔 101호 (한강로2가)",04376,01,영업/정상,,,02-794-0518
큰약국,,199940.114846819,447079.499990337,2026-04-26 22:31:05,I,2024-05-14,13,영업중,2024-12-20 14:23:11,,2024-05-14,,서울특별시 용산구 보광동 216-12 그린서적,PHMD120243020033084000003,3020000,112,"서울특별시 용산구 장문로 96, 1층 (보광동)",04395,01,영업/정상,,,02-794-7328
경옥채한약국,,200770.256534709,448074.56339501,2026-04-26 22:31:05,I,2024-10-17,13,영업중,2024-12-31 17:37:40,,2024-10-17,,서울특별시 용산구 한남동 31-13,PHMD120243020033084000004,3020000,42,"서울특별시 용산구 한남대로20길 47, 102호 (한남동)",04419,01,영업/정상,,,02-000-0000
민약국,,196665.147549242,447013.745620057,2026-04-26 22:31:05,I,2025-02-18,13,영업중,2025-02-17 17:56:03,,2025-02-18,,서울특별시 용산구 한강로3가 40-640 연세중앙내과의원,PHMD120253020033084000001,3020000,57,"서울특별시 용산구 한강대로15길 9-18, 연세중앙내과의원 (한강로3가)",04379,01,영업/정상,,,070-8211-1917
자연약국,,200384.512011927,447884.322201482,2026-04-26 22:31:05,I,2025-05-23,13,영업중,2025-10-14 13:29:57,,2025-05-23,,서울특별시 용산구 한남동 636-7,PHMD120253020033084000002,3020000,34,"서울특별시 용산구 대사관로 64, 1층 (한남동)",04402,01,영업/정상,,,02-6731-1113
한남햇살약국,,200671.408890572,447981.6662549,2026-04-26 22:31:05,I,2025-06-24,13,영업중,2025-06-24 09:10:44,,2025-06-24,,서울특별시 용산구 한남동 262-1,PHMD120253020033084000003,3020000,12,"서울특별시 용산구 독서당로 71, 지하2층 (한남동)",04419,01,영업/정상,,,02-790-2356
새희망약국,,200648.866223783,447953.839063087,2026-04-26 22:31:05,I,2025-07-14,13,영업중,2025-07-14 09:12:59,,2025-07-14,,서울특별시 용산구 한남동 261-6,PHMD120253020033084000004,3020000,21,"서울특별시 용산구 독서당로 67, 205호 (한남동)",04419,01,영업/정상,,,02-793-2296
기분좋은약국,,196919.617115446,447106.168036632,2026-04-26 22:31:05,I,2025-07-22,13,영업중,2025-07-28 17:00:43,,2025-07-22,,서울특별시 용산구 한강로2가 210-1,PHMD120253020033084000005,3020000,36,"서울특별시 용산구 한강대로 66, 호반써밋 에이디션 상가동 3층 306호 (한강로2가)",04387,01,영업/정상,,,02-3785-1031
정문약국,,200355.926471791,447885.825806315,2026-04-26 22:31:05,I,2025-09-11,13,영업중,2025-09-12 09:34:56,,2025-09-11,,서울특별시 용산구 한남동 638-11,PHMD120253020033084000006,3020000,52,"서울특별시 용산구 대사관로 60-1, 1층 (한남동)",04402,01,영업/정상,,,02-790-7775
이태원365약국,,199224.170293572,448033.321602332,2026-04-26 22:31:05,I,2025-11-12,13,영업중,2025-11-13 17:13:29,,2025-11-12,,,PHMD120253020033084000007,3020000,32,"서울특별시 용산구 이태원로 161-1, 1층 (이태원동)",04350,01,영업/정상,,,
서울중앙약국,,197373.839856311,450014.537949042,2026-04-26 22:31:05,I,2025-11-19,13,영업중,2025-11-26 16:59:10,,2025-11-19,,,PHMD120253020033084000008,3020000,12,"서울특별시 용산구 청파로 378, 한국철도공사 3층 (동자동)",04301,01,영업/정상,,,
메디킹덤약국,,196370.746398773,447841.698787531,2026-04-26 22:31:05,I,2026-01-19,13,영업중,2026-03-20 09:10:23,,2026-01-19,,서울특별시 용산구 한강로3가 16-9 전자랜드,PHMD120263020033084000001,3020000,1178,"서울특별시 용산구 청파로 74, 전자랜드 신관 1층 116호 (한강로3가)",04372,01,영업/정상,,,
수명약국,,198312.512451769,449279.565312795,2026-04-26 22:31:04,I,1971-07-13,13,영업중,2019-12-03 15:13:10,,1971-07-13,,서울특별시 용산구 용산동2가 1-451,PHMD119713020033084000003,3020000,28,서울특별시 용산구 신흥로 141 (용산동2가),04337,01,영업/정상,,,02-754-2697
소명약국,,199526.383511008,447989.314882996,2026-04-26 22:31:04,I,1972-01-28,13,영업중,2019-12-03 15:15:51,,1972-01-28,,서울특별시 용산구 이태원1동 127-24,PHMD119723020033084000001,3020000,46,서울특별시 용산구 우사단로 43 (이태원동),04406,01,영업/정상,,,02-795-9954
대성옵티마약국,,198973.358688324,448567.494419764,2026-04-26 22:31:04,I,1972-10-10,13,영업중,2019-12-03 15:23:42,,1972-10-10,,,PHMD119723020033084000008,3020000,20,서울특별시 용산구 회나무로 23 (이태원동),04343,01,영업/정상,,,02-794-0389
김상돈약국,,,,2026-04-26 22:31:04,I,1973-05-03,18,사용중,2009-05-29 10:22:52,,1973-05-03,,서울특별시 용산구 한남1동 263-15,PHMD119733020033084000002,3020000,34,,,01,영업/정상,,,
새무림약국,,196785.287686892,447075.536363298,2026-04-26 22:31:04,I,1973-10-30,13,영업중,2019-12-04 10:14:13,,1973-10-30,,,PHMD119733020033084000008,3020000,24,서울특별시 용산구 한강대로 55 (한강로3가),04379,01,영업/정상,,,02-794-4727
삼정약국,,196026.789200545,447915.914911788,2026-04-26 22:31:04,I,1974-01-12,13,영업중,2018-11-19 14:29:49,,1974-01-12,,,PHMD119743020033084000001,3020000,22,"서울특별시 용산구 원효로19길 72-1, 1층 (원효로3가)",04362,01,영업/정상,,,02-712-4941
동아약국,,198936.051188916,448513.805654553,2026-04-26 22:31:04,I,1974-04-04,13,영업중,2019-12-04 10:11:51,,1974-04-04,,,PHMD119743020033084000002,3020000,21,서울특별시 용산구 회나무로 16 (이태원동),04345,01,영업/정상,,,02-794-8873
성도약국,,199010.489283283,448589.146621627,2026-04-26 22:31:04,I,1974-08-23,13,영업중,2019-12-04 10:16:11,,1974-08-23,,,PHMD119743020033084000007,3020000,31,서울특별시 용산구 회나무로 25 (이태원동),04344,01,영업/정상,,,02-793-9991
은정약국,,197996.004095281,449376.060976781,2026-04-26 22:31:05,I,1975-03-31,13,영업중,2025-05-30 09:48:17,,1975-03-31,,서울특별시 용산구 후암동 204-6,PHMD119753020033084000002,3020000,18,"서울특별시 용산구 후암로 7-1, 1층 (후암동)",04335,01,영업/정상,,,02-754-1511
우정약국,,197045.849468346,448447.558967085,2026-04-26 22:31:04,I,1975-05-17,13,영업중,2019-12-04 09:44:42,,1975-05-17,,,PHMD119753020033084000003,3020000,41,"서울특별시 용산구 백범로 341, A동 315호 (원효로1가)",04315,01,영업/정상,,,02-713-5408
임상온누리약국,,195915.785026517,447292.400352343,2026-04-26 22:31:04,I,1975-06-20,13,영업중,2025-08-19 15:11:45,,1975-06-20,,서울특별시 용산구 이촌동 209-22 시범아파트,PHMD119753020033084000004,3020000,38,"서울특별시 용산구 이촌로14길 16, 3동 1층 104호 (이촌동, 시범아파트)",04374,01,영업/정상,,,02-713-0493
승현약국,,196673.061781948,449886.400424401,2026-04-26 22:31:04,I,1975-06-24,13,영업중,2019-12-04 09:39:33,,1975-06-24,,,PHMD119753020033084000005,3020000,32,서울특별시 용산구 효창원로 271-1 (서계동),04305,01,영업/정상,,,02-714-3231
동광약국,,199657.573775103,447085.087671928,2026-04-26 22:31:04,I,1975-08-19,13,영업중,2015-07-27 11:42:30,,1975-08-19,,,PHMD119753020033084000006,3020000,40,서울특별시 용산구 장문로 66-1 (보광동),04393,01,영업/정상,,,
신태양약국,2026-04-08,199761.010456703,447586.303219208,2026-04-26 22:31:04,I,1977-07-20,03,폐업,2026-04-08 15:45:43,,1977-07-20,,서울특별시 용산구 보광동 265번지 213호 신태양약국,PHMD119773020033084000003,3020000,17,"서울특별시 용산구 우사단로2길 23, 신태양약국 (보광동)",04413,03,폐업,,,02-794-0744
경인약국,,196346.747418612,448347.230300053,2026-04-26 22:31:04,I,1980-12-13,13,영업중,2019-11-12 14:33:42,,1980-12-13,,,PHMD119803020033084000003,3020000,58,서울특별시 용산구 새창로14길 50 (용문동),04356,01,영업/정상,,,02-715-6083
동부약국,,197679.255159437,446425.373848781,2026-04-26 22:31:04,I,1982-04-14,13,영업중,2015-07-27 13:26:49,,1982-04-14,,,PHMD119823020033084000001,3020000,17,서울특별시 용산구 이촌로 245 (이촌동),04423,01,영업/정상,,,
수복약국,,196175.87825027,448557.996798715,2026-04-26 22:31:04,I,1983-03-09,13,영업중,2019-11-18 15:02:46,,1983-03-09,,,PHMD119833020033084000001,3020000,16,서울특별시 용산구 새창로12길 12 (도원동),04356,01,영업/정상,,,02-714-0667
소망약국,,197811.954980013,446248.255892098,2026-04-26 22:31:04,I,1984-05-04,13,영업중,2015-07-27 13:35:00,,1984-05-04,,,PHMD119843020033084000002,3020000,16,서울특별시 용산구 이촌로 264 (이촌동),04426,01,영업/정상,,,
새서부약국,,197445.292061326,449126.337367829,2026-04-26 22:31:04,I,1988-01-05,13,영업중,2015-07-27 13:40:31,,1988-01-05,,,PHMD119883020033084000001,3020000,19,서울특별시 용산구 한강대로 293 (갈월동),04321,01,영업/정상,,,
보현온누리약국,,198612.572,449283.874666667,2026-04-26 22:31:04,I,1989-02-25,13,영업중,2017-09-08 13:32:09,,1989-02-25,,,PHMD119893020033084000001,3020000,77,"서울특별시 용산구 신흥로20길 1 (용산동2가, 세명치과)",04328,01,영업/정상,,,02-775-1981
명진약국,,198327.811225097,449367.071265042,2026-04-26 22:31:04,I,1989-05-10,13,영업중,2021-05-03 09:26:06,,1989-05-10,,서울특별시 용산구 후암동 415-37,PHMD119893020033084000002,3020000,29,서울특별시 용산구 신흥로36길 3 (후암동),04337,01,영업/정상,,,02-778-4365
메디팜미래로약국,,197126.773846372,449173.291375495,2026-04-26 22:31:04,I,1989-06-27,13,영업중,2015-07-27 13:45:03,,1989-06-27,,,PHMD119893020033084000003,3020000,36,서울특별시 용산구 청파로47길 40 (청파동2가),04309,01,영업/정상,,,
새건우약국,,197747.102997967,450114.82369787,2026-04-26 22:31:04,I,1996-09-06,13,영업중,2015-07-27 13:54:05,,1996-09-06,,,PHMD119963020033084000002,3020000,50,서울특별시 용산구 후암로 91-1 (동자동),04324,01,영업/정상,,,
백경약국,,196358.196462669,448076.003167687,2026-04-26 22:31:04,I,1996-09-09,13,영업중,2015-07-27 13:55:33,,1996-09-09,,,PHMD119963020033084000003,3020000,26,서울특별시 용산구 원효로41길 38 (원효로3가),04363,01,영업/정상,,,
신우성약국,,197456.165864689,448872.114447192,2026-04-26 22:31:04,I,1998-03-24,13,영업중,2020-04-20 17:41:07,,1998-03-24,,,PHMD119983020033084000001,3020000,19,서울특별시 용산구 한강대로77길 10 (갈월동),04321,01,영업/정상,,,02-714-5392
한국구일온누리약국,,198165.767858385,446185.244544796,2026-04-26 22:31:05,I,1999-10-19,13,영업중,2026-01-13 18:33:34,,1999-10-19,,서울특별시 용산구 이촌동 301-263 렉스상가,PHMD119993020033084000001,3020000,47,"서울특별시 용산구 이촌로 300, 렉스상가 2-2,3-1호 (이촌동)",04425,01,영업/정상,,,02-792-9290
용약국,,200312.987736585,447877.773387698,2026-04-26 22:31:04,I,2000-03-21,13,영업중,2019-11-18 15:12:14,,2000-03-21,,,PHMD120003020033084000001,3020000,51,서울특별시 용산구 대사관로24길 6 (한남동),04402,01,영업/정상,,,02-794-5528
정화약국,,197591.199833411,449248.150199952,2026-04-26 22:31:04,I,2000-06-22,13,영업중,2019-11-18 15:14:24,,2000-06-22,,서울특별시 용산구 갈월동 56-5,PHMD120003020033084000002,3020000,24,서울특별시 용산구 두텁바위로 11 (갈월동),04335,01,영업/정상,,,02-774-2399
신세계약국,,199924.584895518,447084.797083983,2026-04-26 22:31:04,I,2001-06-12,13,영업중,2020-04-20 17:38:57,,2001-06-12,,서울특별시 용산구 보광동 216-100,PHMD120013020033084000003,3020000,45,서울특별시 용산구 장문로 94 (보광동),04395,01,영업/정상,,,02-797-8403
세계약국,,196549.89584221,448153.524398611,2026-04-26 22:31:04,I,2001-08-31,13,영업중,2015-07-27 11:36:41,,2001-08-31,,서울특별시 용산구 원효로2가 84-10,PHMD120013020033084000007,3020000,8,서울특별시 용산구 원효로 171 (원효로2가),04364,01,영업/정상,,,
인원약국,,198600.842117268,449304.668172052,2026-04-26 22:31:04,I,2002-05-03,13,영업중,2020-04-20 18:00:35,,2002-05-03,,서울특별시 용산구 용산2가동 1-560,PHMD120023020033084000005,3020000,27,서울특별시 용산구 신흥로20길 5 (용산동2가),04328,01,영업/정상,,,02-774-4035
구온누리약국,,196621.810302984,449898.051124054,2026-04-26 22:31:04,I,2002-09-09,13,영업중,2015-07-27 11:45:03,,2002-09-09,,서울특별시 용산구 서계동 266-73 힐타워빌딩 1층,PHMD120023020033084000006,3020000,41,"서울특별시 용산구 만리재로 134, 1층 (서계동, 힐타워빌딩)",04305,01,영업/정상,,,
국제약국,,197504.994272381,449104.953362094,2026-04-26 22:31:05,I,2004-08-09,13,영업중,2026-01-13 19:08:35,,2004-08-09,,서울특별시 용산구 남영동 24-4,PHMD120043020033084000002,3020000,23,"서울특별시 용산구 한강대로 290-1, 1층 (남영동)",04352,01,영업/정상,,,02-794-0705
세브레스약국,,200299.87733922,447889.831561119,2026-04-26 22:31:04,I,2004-09-01,13,영업중,2019-11-28 10:15:11,,2004-09-01,,서울특별시 용산구 한남1동 644-10,PHMD120043020033084000003,3020000,57,서울특별시 용산구 대사관로 56 (한남동),04402,01,영업/정상,,,02-798-3048
시온약국,,200648.866223783,447953.839063087,2026-04-26 22:31:04,I,2005-01-07,13,영업중,2020-04-20 17:34:55,,2005-01-07,,서울특별시 용산구 한남1동 261-6 204호(2층),PHMD120053020033084000001,3020000,22,서울특별시 용산구 독서당로 67 (한남동),04419,01,영업/정상,,,02-790-7897
종로프라자약국,,196762.077394917,447480.039577359,2026-04-26 22:31:04,I,2005-03-11,13,영업중,2019-12-06 16:33:44,,2005-03-11,,서울특별시 용산구 한강로3가 40-999 지하1층 이마트내,PHMD120053020033084000003,3020000,53,"서울특별시 용산구 한강대로23길 55 (한강로3가, 이마트내)",04377,01,영업/정상,,,02-2012-1276
다니엘약국,,196356.513376783,446868.532726729,2026-04-26 22:31:04,I,2006-01-09,13,영업중,2015-07-27 13:59:27,,2006-01-09,,서울특별시 용산구 한강로3가 40-876,PHMD120063020033084000001,3020000,31,"서울특별시 용산구 이촌로 103, 1층 (한강로3가, 천일빌딩)",04380,01,영업/정상,,,
건강한약국,,196691.773344223,449589.048509084,2026-04-26 22:31:04,I,2006-07-03,13,영업중,2015-07-27 14:16:21,,2006-07-03,,서울특별시 용산구 청파동2가 1-17,PHMD120063020033084000007,3020000,38,서울특별시 용산구 효창원로93길 2 (청파동2가),04311,01,영업/정상,,,
신효창프라자약국,,196490.844311727,448594.448927151,2026-04-26 22:31:05,I,2007-03-05,13,영업중,2026-01-13 18:58:25,,2007-03-05,,서울특별시 용산구 효창동 80,PHMD120073020033084000003,3020000,51,서울특별시 용산구 백범로 285 (효창동),04318,01,영업/정상,,,02-718-6448
사랑플러스약국,,197573.417262303,448795.649603715,2026-04-26 22:31:04,I,2007-03-06,13,영업중,2015-07-27 14:25:34,,2007-03-06,,서울특별시 용산구 남영동 127-1,PHMD120073020033084000004,3020000,46,서울특별시 용산구 한강대로 258 (남영동),04352,01,영업/정상,,,
다정약국,,197719.581657754,449813.336130432,2026-04-26 22:31:04,I,2007-05-07,13,영업중,2018-11-19 14:27:21,,2007-05-07,,서울특별시 용산구 동자동 19-40 남영빌딩 1층,PHMD120073020033084000005,3020000,40,"서울특별시 용산구 한강대로104길 51, 1층 (동자동, 남영빌딩(제1호))",04324,01,영업/정상,,,64972899
보광프라자약국,,199902.227207576,447231.323770507,2026-04-26 22:31:04,I,2008-04-18,13,영업중,2015-07-27 14:26:49,,2008-04-18,,서울특별시 용산구 보광동 280-3,PHMD120083020033084000002,3020000,68,서울특별시 용산구 보광로 35 (보광동),04394,01,영업/정상,,,
푸른약국,,197923.391613046,449700.031317877,2026-04-26 22:31:04,I,2008-05-07,13,영업중,2020-04-20 18:16:59,,2008-05-07,,서울특별시 용산구 후암동 105-5 1층,PHMD120083020033084000003,3020000,22,"서울특별시 용산구 후암로 41, 1층 (후암동)",04332,01,영업/정상,,,02-3789-1460
다나약국,,197922.335444791,449724.913626587,2026-04-26 22:31:04,I,2008-06-02,13,영업중,2015-07-27 14:29:12,,2008-06-02,,서울특별시 용산구 추암동 105-69 1층,PHMD120083020033084000004,3020000,31,"서울특별시 용산구 후암로 43-2, 1층 (후암동)",04332,01,영업/정상,,,
옵티마찬미약국,,200429.986650365,447801.120539264,2026-04-26 22:31:04,I,2008-06-09,13,영업중,2020-04-20 17:48:42,,2008-06-09,,서울특별시 용산구 한남동 631-17,PHMD120083020033084000005,3020000,28,서울특별시 용산구 대사관로30길 17 (한남동),04402,01,영업/정상,,,02-790-4080
메디팜나은약국,,197542.687282146,448325.294355232,2026-04-26 22:31:04,I,2008-09-16,13,영업중,2015-07-27 14:31:58,,2008-09-16,140-011,서울특별시 용산구 한강로1가 64번지 대우월드마크용산 1층 110호,PHMD120083020033084000012,3020000,25,"서울특별시 용산구 한강대로 211, 110호 (한강로1가, 대우월드마크용산)",04322,01,영업/정상,,,
가까운 우리 약국,,200406.963708797,447968.152857355,2026-04-26 22:31:04,I,2009-11-09,02,휴업,2011-12-05 14:45:56,,2009-11-09,140-887,서울특별시 용산구 한남동 657번지 154호,PHMD120093020033084000005,3020000,24,서울특별시 용산구 대사관로31길 7-10 (한남동),,02,휴업,2011-12-01,2012-05-31,
메디팜최약국,,197300.851982804,449590.701464663,2026-04-26 22:31:04,I,2010-03-09,13,영업중,2015-07-27 14:38:26,,2010-03-09,140-869,서울특별시 용산구 청파동1가 154번지 32호,PHMD120103020033084000001,3020000,28,"서울특별시 용산구 청파로 324, 1층 (청파동1가)",04301,01,영업/정상,,,02-715-6009
연희온누리약국,,197425.47861329,449166.662964325,2026-04-26 22:31:04,I,2010-10-18,13,영업중,2015-07-27 14:34:49,,2010-10-18,,,PHMD120103020033084000008,3020000,36,"서울특별시 용산구 한강대로 297, 2층 (갈월동)",04321,01,영업/정상,,,32737778
서현약국,,197221.439324261,446524.508385914,2026-04-26 22:31:04,I,2011-01-24,13,영업중,2015-07-27 14:33:49,,2011-01-24,,,PHMD120113020033084000002,3020000,29,"서울특별시 용산구 이촌로 200, 지히1층 104호 (이촌동)",04427,01,영업/정상,,,
굿윌정약국,,197909.53471934,449753.225997761,2026-04-26 22:31:04,I,2011-02-09,13,영업중,2015-07-27 14:32:30,,2011-02-09,,,PHMD120113020033084000003,3020000,23,"서울특별시 용산구 후암로 47, 1층 (후암동)",04332,01,영업/정상,,,
온누리정도약국,,196569.912447126,448200.426257955,2026-04-26 22:31:04,I,2011-09-05,13,영업중,2016-02-02 17:50:42,,2011-09-05,,서울특별시 용산구 원효로2가 81번지 8호 1층,PHMD120113020033084000011,3020000,66,"서울특별시 용산구 원효로53길 9 (원효로2가, 정도약국)",04364,01,영업/정상,,,
이층성장약국,,197450.277644237,446437.197878548,2026-04-26 22:31:05,I,2011-09-22,13,영업중,2020-04-20 17:59:20,,2011-09-22,140-854,이촌동 300번지 27호 한강쇼핑센터2층 210 1,PHMD120113020033084000013,3020000,73,"서울특별시 용산구 이촌로 224, 210-1, 209, 217호 (이촌동, 한강쇼핑센터)",04427,01,영업/정상,,,02-792-7881
편한약국,,197056.728931087,447077.126289262,2026-04-26 22:31:05,I,2012-01-02,13,영업중,2021-10-26 15:43:49,,2012-01-02,,서울특별시 용산구 한강로3가 63-70,PHMD120123020033084000001,3020000,32,"서울특별시 용산구 서빙고로 17, 용산센트럴파크 해링턴스퀘어 1층 47호 (한강로3가)",04387,01,영업/정상,,,02-793-8887
온누리백합약국,,197941.007694007,449616.994544088,2026-04-26 22:31:05,I,2012-01-02,13,영업중,2020-04-20 17:46:41,,2012-01-02,,서울특별시 용산구 후암동 105번지 6호,PHMD120123020033084000002,3020000,64,"서울특별시 용산구 후암로 33-3, 1층 (후암동)",04332,01,영업/정상,,,02-774-2002
서울약국,,197478.770349994,449308.544293884,2026-04-26 22:31:05,I,2012-08-01,13,영업중,2023-07-31 15:16:04,,2012-08-01,,서울특별시 용산구 갈월동 15-3,PHMD120123020033084000007,3020000,82,"서울특별시 용산구 한강대로 312, 2층 2호 (갈월동)",04334,01,영업/정상,,,02-774-9207
우리약국,,196762.077394917,447480.039577359,2026-04-26 22:31:05,I,2013-07-29,13,영업중,2017-12-22 15:48:00,,2013-07-29,,서울특별시 용산구 한강로3가 40번지 999호 용산역,PHMD120133020033084000005,3020000,22,"서울특별시 용산구 한강대로23길 55, 아이파크몰 리빙파크 6층 218호 (한강로3가)",04377,01,영업/정상,,,02-2012-1507
가장큰태평양약국,,200270.981734911,447892.865925447,2026-04-26 22:31:05,I,2014-01-13,13,영업중,2015-07-27 15:15:05,,2014-01-13,140-887,서울특별시 용산구 한남동 653번지 1호,PHMD120143020033084000001,3020000,148,"서울특별시 용산구 대사관로 52, 1층 (한남동)",04402,01,영업/정상,,,
수약국,,196325.553848282,448686.217025972,2026-04-26 22:31:05,I,2014-01-24,13,영업중,2026-01-13 19:04:32,,2014-01-24,,서울특별시 용산구 효창동 286-1,PHMD120143020033084000003,3020000,56,"서울특별시 용산구 백범로51길 6, 지하1층 (효창동)",04318,01,영업/정상,,,02-701-8224
효창약국,,196252.288320072,448722.260917391,2026-04-26 22:31:05,I,2014-05-19,13,영업중,2015-07-27 15:17:22,,2014-05-19,140-897,서울특별시 용산구 효창동 5번지 219호,PHMD120143020033084000004,3020000,23,"서울특별시 용산구 백범로 259, 지층 (효창동)",04318,01,영업/정상,,,26112789
참온누리약국,,198299.956925781,449378.615545006,2026-04-26 22:31:05,I,2014-06-02,13,영업중,2014-06-02 13:21:18,,2014-06-02,140-902,서울특별시 용산구 후암동 415번지 35호,PHMD120143020033084000005,3020000,18,서울특별시 용산구 신흥로 150-1 (후암동),04337,01,영업/정상,,,
신진약국,,199659.228721053,447594.009841561,2026-04-26 22:31:05,I,2014-08-14,13,영업중,2015-07-27 15:20:30,,2014-08-14,140-823,서울특별시 용산구 보광동 238번지 9호,PHMD120143020033084000006,3020000,30,"서울특별시 용산구 우사단로 2-1, 1층 104호 (보광동)",04414,01,영업/정상,,,
홍주약국,,197265.064006919,446517.341438543,2026-04-26 22:31:05,I,2014-10-31,13,영업중,2020-04-20 17:52:32,,2014-10-31,140-854,이촌동 302번지 51호,PHMD120143020033084000009,3020000,31,"서울특별시 용산구 이촌로 206, 3층 (이촌동, 국민은행PB센터)",04427,01,영업/정상,,,02-793-5572
금보약국,,195547.140326252,447976.775939762,2026-04-26 22:31:05,I,2015-02-09,13,영업중,2024-01-03 09:15:34,,2015-02-09,,서울특별시 용산구 산천동 202 삼성테마트,PHMD120153020033084000002,3020000,44,"서울특별시 용산구 원효로 51, 302호 (산천동, 삼성테마트)",04359,01,영업/정상,,,02-718-3673
한라약국,,199426.149287344,447955.380979937,2026-04-26 22:31:05,I,2015-05-04,13,영업중,2015-07-27 15:43:05,,2015-05-04,140-858,이태원동 131번지 3호,PHMD120153020033084000004,3020000,21,서울특별시 용산구 보광로 124 (이태원동),04406,01,영업/정상,,,
기영약국,,200415.883125551,447943.864490642,2026-04-26 22:31:05,I,2015-12-31,13,영업중,2016-01-12 16:36:15,,2015-12-31,,서울특별시 용산구 한남동 657번지 102호,PHMD120153020033084000011,3020000,72,서울특별시 용산구 대사관로31길 7-5 (한남동),04401,01,영업/정상,,,
서안약국,,196572.237865086,448693.225017024,2026-04-26 22:31:05,I,2015-12-31,13,영업중,2015-12-31 11:31:54,,2015-12-31,,서울특별시 용산구 효창동 5번지 585호,PHMD120153020033084000012,3020000,39,"서울특별시 용산구 효창원로 142 (효창동, 중앙병원)",04317,01,영업/정상,,,
양지약국,,197722.571038558,446344.591216568,2026-04-26 22:31:05,I,2016-01-12,13,영업중,2016-01-12 12:38:13,,2016-01-12,,,PHMD120163020033084000002,3020000,17,"서울특별시 용산구 이촌로 248, 11동 103-1호 (이촌동, 한강맨션)",04426,01,영업/정상,,,02-793-8253
용산약국,,197099.381481836,447328.548832245,2026-04-26 22:31:05,I,2016-07-01,13,영업중,2020-04-20 17:50:16,,2016-07-01,,서울특별시 용산구 한강로2가 191번지,PHMD120163020033084000008,3020000,33,"서울특별시 용산구 한강대로 92, 지층 (한강로2가, LS용산타워)",04386,01,영업/정상,,,02-794-7952
숙명약국,,196993.838133124,449201.432096601,2026-04-26 22:31:05,I,2016-07-29,13,영업중,2025-01-03 13:25:46,,2016-07-29,,서울특별시 용산구 청파동2가 63번지 5호,PHMD120163020033084000009,3020000,37,"서울특별시 용산구 청파로47길 66 (청파동2가, 중하빌딩)",04310,01,영업/정상,,,02-717-6415
현대온누리약국,,197974.143194607,446243.198701013,2026-04-26 22:31:05,I,2016-11-22,13,영업중,2016-11-23 10:35:43,,2016-11-22,,서울특별시 용산구 이촌동 300번지 15호,PHMD120163020033084000011,3020000,30,"서울특별시 용산구 이촌로 280, 1층 1호 (이촌동, 명지상가)",04426,01,영업/정상,,,02-795-9842
소아제일약국,,197145.738804882,450208.807869693,2026-04-26 22:31:05,I,2016-11-30,13,영업중,2016-12-01 08:59:05,,2016-11-30,,서울특별시 용산구 서계동 223번지 18호,PHMD120163020033084000012,3020000,104,"서울특별시 용산구 청파로 383-8 (서계동, 청운가든)",04300,01,영업/정상,,,02-711-2223
해란약국,,197047.492486141,449155.197455867,2026-04-26 22:31:05,I,2017-03-30,13,영업중,2017-03-30 17:10:00,,2017-03-30,,,PHMD120173020033084000004,3020000,19,"서울특별시 용산구 청파로47길 53, 1층 (청파동3가)",04313,01,영업/정상,,,02-713-6590
정다운약국,,196426.613790962,448089.513228441,2026-04-26 22:31:05,I,2017-11-21,13,영업중,2017-11-22 10:04:45,,2017-11-21,,,PHMD120173020033084000009,3020000,11,"서울특별시 용산구 원효로 155, 1층 (원효로2가)",04363,01,영업/정상,,,02-2237-0388
하이약국,,197592.425971984,448787.429656748,2026-04-26 22:31:05,I,2017-12-01,13,영업중,2020-04-20 18:18:26,,2017-12-01,,,PHMD120173020033084000010,3020000,24,"서울특별시 용산구 한강대로 256, 1층 (남영동)",04352,01,영업/정상,,,02-792-9248
힐링약국,,198825.353525608,449002.087665382,2026-04-26 22:31:05,I,2018-03-19,13,영업중,2021-06-09 11:06:19,,2018-03-19,,서울특별시 용산구 용산동2가 27번지 4호,PHMD120183020033084000004,3020000,45,"서울특별시 용산구 신흥로 53, 1층 (용산동2가)",04338,01,영업/정상,,,02-797-1175
삼희약국,,197056.728931087,447077.126289262,2026-04-26 22:31:05,I,2018-04-16,13,영업중,2020-09-28 10:41:52,,2018-04-16,,서울특별시 용산구 한강로3가 63-70 105동 2009호,PHMD120183020033084000008,3020000,39,"서울특별시 용산구 서빙고로 17, 105동 2009호 일부호 (한강로3가)",04387,01,영업/정상,,,02-793-8575
우리서울약국,,197011.737528847,447430.100250997,2026-04-26 22:31:05,I,2018-07-11,13,영업중,2018-07-11 09:13:48,,2018-07-11,,,PHMD120183020033084000010,3020000,20,"서울특별시 용산구 한강대로 95, 2층 207호 (한강로2가, 래미안용산)",04378,01,영업/정상,,,02-3785-1233
행복을 주는 약국,,195981.203408641,448450.307441413,2026-04-26 22:31:05,I,2018-08-20,13,영업중,2018-08-20 16:45:03,,2018-08-20,,,PHMD120183020033084000013,3020000,21,"서울특별시 용산구 새창로 70, 212호 (도원동, 도원동삼성래미안)",04354,01,영업/정상,,,02-3275-3723
용산오늘약국,,197083.100438264,447552.774477998,2026-04-26 22:31:05,I,2018-09-20,13,영업중,2025-09-10 10:13:04,,2018-09-20,,,PHMD120183020033084000014,3020000,75,"서울특별시 용산구 새창로 217, 용산토투밸리 1층 (한강로2가)",04376,01,영업/정상,,,02-6390-7377
팜그린약국,2026-03-27,196370.746398773,447841.698787531,2026-04-26 22:31:05,I,2018-11-07,03,폐업,2026-03-27 11:11:57,,2018-11-07,,,PHMD120183020033084000017,3020000,31,"서울특별시 용산구 청파로 74, 전자랜드 1층 A147호 (한강로3가)",04372,03,폐업,,,02-3273-1553
이촌사랑약국,,198165.767858385,446185.244544796,2026-04-26 22:31:05,I,2018-11-14,13,영업중,2018-11-14 17:09:48,,2018-11-14,,서울특별시 용산구 이촌동 301번지 263호 렉스상가,PHMD120183020033084000018,3020000,24,"서울특별시 용산구 이촌로 300, 제1호 (이촌동)",04425,01,영업/정상,,,02-794-1687
2층써밋약국,,196861.350875235,447226.720509901,2026-04-26 22:31:05,I,2018-11-16,13,영업중,2018-11-16 17:17:20,,2018-11-16,,,PHMD120183020033084000019,3020000,24,"서울특별시 용산구 한강대로 69, 상가동 2층 222-2호 (한강로2가, 용산푸르지오써밋)",04378,01,영업/정상,,,02-797-8920
이촌약국,,197450.277644237,446437.197878548,2026-04-26 22:31:05,I,2018-12-07,13,영업중,2018-12-07 16:43:09,,2018-12-07,,,PHMD120183020033084000020,3020000,22,"서울특별시 용산구 이촌로 224, 301호 (이촌동, 리버뷰맨션)",04427,01,영업/정상,,,02-798-2901
나음약국,,197011.737528847,447430.100250997,2026-04-26 22:31:05,I,2019-08-19,13,영업중,2019-08-19 14:10:37,,2019-08-19,,,PHMD120193020033084000005,3020000,23,"서울특별시 용산구 한강대로 95, 제지하1층 제1비157호 (한강로2가, 래미안용산 더 센트럴)",04378,01,영업/정상,,,02-6402-1155
신용산수약국,,197117.41843467,447527.338271365,2026-04-26 22:31:05,I,2019-11-11,13,영업중,2025-09-23 17:11:14,,2019-11-11,,,PHMD120193020033084000008,3020000,14,"서울특별시 용산구 한강대로 109, 용성비즈텔 지하2층 227,233호 (한강로2가)",04376,01,영업/정상,,,02-2077-1122
희망약국,,196549.89584221,448153.524398611,2026-04-26 22:31:05,I,2020-01-06,13,영업중,2023-01-30 15:04:58,,2020-01-06,,,PHMD120203020033084000001,3020000,6,"서울특별시 용산구 원효로 171, 신영빌딩 1층 (원효로2가)",04364,01,영업/정상,,,02-703-0120
용산대학약국,,200335.901369821,447885.892491197,2026-04-26 22:31:05,I,2020-02-03,13,영업중,2025-02-24 09:54:11,,2020-02-03,,서울특별시 용산구 한남동 639-8 용산대학약국,PHMD120203020033084000002,3020000,90,"서울특별시 용산구 대사관로 58, 용산대학약국 1층 (한남동)",04402,01,영업/정상,,,02-795-4549
새봄약국,,196503.783070686,448592.511643064,2026-04-26 22:31:05,I,2020-02-07,13,영업중,2020-02-07 15:38:41,,2020-02-07,,서울특별시 용산구 효창동 75번지 1호,PHMD120203020033084000003,3020000,24,"서울특별시 용산구 백범로 287, 1층 (효창동)",04318,01,영업/정상,,,02-2135-1303
스타약국,,196762.077394917,447480.039577359,2026-04-26 22:31:05,I,2020-07-24,13,영업중,2020-07-24 10:51:15,,2020-07-24,,서울특별시 용산구 한강로3가 40-999 용산역,PHMD120203020033084000005,3020000,11,"서울특별시 용산구 한강대로23길 55, 용산역 3층 (한강로3가)",04377,01,영업/정상,,,
빙고약국,,197056.728931087,447077.126289262,2026-04-26 22:31:05,I,2020-09-29,13,영업중,2025-09-25 11:23:07,,2020-09-29,,서울특별시 용산구 한강로3가 98,PHMD120203020033084000008,3020000,41,"서울특별시 용산구 서빙고로 17, 센트럴파크 제몰동 제2층 제2016호 (한강로3가)",04387,01,영업/정상,,,02-797-9990
가까운우리약국,,200406.963708797,447968.152857355,2026-04-26 22:31:05,I,2020-10-12,13,영업중,2020-10-12 17:25:38,,2020-10-12,,,PHMD120203020033084000009,3020000,51,"서울특별시 용산구 대사관로31길 7-10, 1층 (한남동)",04401,01,영업/정상,,,02-749-6011
