건축물동수,건축물연면적,사업장명,폐업일자,법인명,좌표X,좌표Y,문화체육업종명,데이터갱신시점,데이터갱신구분,상세영업상태코드,상세영업상태명,보험가입여부코드,최종수정시점,인허가취소일자,인허가일자,소재지우편번호,지도자수,지번주소,회원모집총인원,관리번호,개방자치단체코드,공사립구분명,도로명주소,도로명우편번호,영업상태구분코드,영업상태명,휴업시작일자,휴업종료일자,소재지전화번호
0,0,행복당구장,1998-11-05,,206778.376224075,455457.573729324,당구장업,2026-04-05 23:07:59,I,03,폐업,,2011-11-17 16:33:44,,1994-09-05,131-881,,서울특별시 중랑구 중화동 312-1,,CDFH3301081994000007,3060000,사립,서울특별시 중랑구 중랑역로 89 (중화동),,03,폐업,,,
0,0,수경당구장,1999-02-25,,208443.937107463,453993.860848715,당구장업,2026-04-05 23:08:00,I,03,폐업,,2003-04-18 17:00:57,,1994-09-08,131-811,0,서울특별시 중랑구 면목동 19-41,,CDFH3301081994000008,3060000,사립,서울특별시 중랑구 용마산로 412  (면목동),,03,폐업,,,
0,0,신내,2000-06-19,,208534.770432431,455851.992916626,당구장업,2026-04-05 23:08:00,I,03,폐업,,2011-11-17 16:27:44,,1994-09-13,131-868,,서울특별시 중랑구 신내동 461-1,,CDFH3301081994000009,3060000,사립,서울특별시 중랑구 봉화산로56길 90 (신내동),,03,폐업,,,
,,킹,2004-02-25,,208416.446511424,454037.596679156,당구장업,2026-04-05 23:08:01,I,03,폐업,,2011-11-17 16:25:33,,1994-10-11,131-811,,서울특별시 중랑구 면목동 20-40,,CDFH3301081994000010,3060000,사립,서울특별시 중랑구 용마산로 415 (면목동),,03,폐업,,,
,,학사,2004-01-26,,208283.960442784,454991.405105921,당구장업,2026-04-05 23:08:01,I,03,폐업,0,2004-01-26 14:57:37,,1994-10-25,131-809,,서울특별시 중랑구 망우동 508-1,,CDFH3301081994000011,3060000,사립,서울특별시 중랑구 망우로60길 31  (망우동),,03,폐업,,,
,,응접실,2019-07-02,,206871.131075903,455500.499705087,당구장업,2026-04-05 23:08:01,I,03,폐업,,2019-07-02 09:40:37,,1994-11-03,131-881,,서울특별시 중랑구 중화동 305-45,,CDFH3301081994000012,3060000,사립,서울특별시 중랑구 봉화산로 39 (중화동),02017,03,폐업,,,
,,에이스,2020-11-24,,207733.920478367,453087.52613467,당구장업,2026-04-05 23:08:01,I,03,폐업,,2020-11-24 14:24:30,,1994-11-12,131-828,,서울특별시 중랑구 면목동 617-1,,CDFH3301081994000013,3060000,사립,서울특별시 중랑구 면목로 316 (면목동),02249,03,폐업,,,
,,가든,2020-01-03,,206711.773147364,454350.54109971,당구장업,2026-04-05 23:08:02,I,03,폐업,,2020-01-03 10:38:45,,1995-03-28,131-823,,서울특별시 중랑구 면목동 185-116,,CDFH3301081995000001,3060000,사립,서울특별시 중랑구 동일로109길 62-4 (면목동),02125,03,폐업,,,
0,0,VIP,2000-01-26,,207775.554062215,453518.328132499,당구장업,2026-04-05 23:08:02,I,03,폐업,,2011-11-17 16:20:29,,1995-04-10,131-813,,서울특별시 중랑구 면목동 428-23,,CDFH3301081995000002,3060000,사립,서울특별시 중랑구 면목로56길 8 (면목동),,03,폐업,,,
0,0,파라다이스,2000-08-19,,206694.052784096,457058.833608079,당구장업,2026-04-05 23:08:02,I,03,폐업,,2011-11-17 16:16:50,,1995-05-03,131-848,,서울특별시 중랑구 묵동 168-18,,CDFH3301081995000003,3060000,사립,서울특별시 중랑구 중랑역로 257 (묵동),,03,폐업,,,
0,0,귀빈,2000-05-31,,206823.165967179,456686.933363648,당구장업,2026-04-05 23:08:02,I,03,폐업,,2011-11-17 16:15:58,,1995-05-31,131-848,,서울특별시 중랑구 묵동 174-29,,CDFH3301081995000004,3060000,사립,서울특별시 중랑구 공릉로 18 (묵동),,03,폐업,,,
0,0,역전,1999-12-29,,207678.453288782,454070.979536823,당구장업,2026-04-05 23:08:02,I,03,폐업,,2011-11-17 16:14:59,,1995-06-20,131-816,,서울특별시 중랑구 면목동 102-20,,CDFH3301081995000005,3060000,사립,서울특별시 중랑구 면목로 414 (면목동),,03,폐업,,,
0,0,다인빌,2000-05-29,,208166.970499664,454327.924688242,당구장업,2026-04-05 23:08:03,I,03,폐업,,2011-11-17 16:13:26,,1995-07-18,131-817,,서울특별시 중랑구 면목동 87-66,,CDFH3301081995000006,3060000,사립,서울특별시 중랑구 상봉로 59 (면목동),,03,폐업,,,
0,0,서울,2000-05-29,,207478.98321109,454664.91573249,당구장업,2026-04-05 23:08:03,I,03,폐업,,2011-11-17 16:10:29,,1995-09-18,131-860,,서울특별시 중랑구 상봉동 108-22,,CDFH3301081995000007,3060000,사립,서울특별시 중랑구 면목로91길 9 (상봉동),,03,폐업,,,
0,0,두꺼비,1998-11-30,,207655.291092379,454993.657588592,당구장업,2026-04-05 23:08:03,I,03,폐업,,2011-11-17 16:09:41,,1995-10-06,131-857,,서울특별시 중랑구 상봉동 99-10,,CDFH3301081995000008,3060000,사립,서울특별시 중랑구 망우로 315 (상봉동),,03,폐업,,,
,,동원,2003-01-07,,207928.911342193,454115.499601712,당구장업,2026-04-05 23:08:03,I,03,폐업,,2011-11-17 16:08:26,,1995-10-09,131-816,,서울특별시 중랑구 면목동 103-4,,CDFH3301081995000009,3060000,사립,서울특별시 중랑구 겸재로 207 (면목동),,03,폐업,,,
0,0,용마,2000-09-26,,,,당구장업,2026-04-05 23:08:03,I,03,폐업,,2011-11-17 16:07:24,,1995-10-20,131-833,,서울특별시 중랑구 면목동 1084-9,,CDFH3301081995000010,3060000,사립,서울특별시 중랑구 용마산로 320-1 (면목동),,03,폐업,,,
,,용,2004-11-15,,206689.85488446,456825.300625744,당구장업,2026-04-05 23:08:03,I,03,폐업,,2011-11-17 16:06:25,,1995-11-08,131-851,,서울특별시 중랑구 묵동 238-1,,CDFH3301081995000011,3060000,사립,서울특별시 중랑구 동일로 933 (묵동),,03,폐업,,,
0,0,특실,1997-02-04,,208484.325520647,454193.419218639,당구장업,2026-04-05 23:08:03,I,03,폐업,,2011-11-17 16:05:33,,1995-11-08,131-811,,서울특별시 중랑구 면목동 22-7,,CDFH3301081995000012,3060000,사립,서울특별시 중랑구 용마산로 431 (면목동),,03,폐업,,,
0,0,VIP,2000-02-28,,206465.321541553,454132.874160643,당구장업,2026-04-05 23:08:03,I,03,폐업,,2011-11-17 16:02:29,,1995-11-10,131-824,,서울특별시 중랑구 면목동 191-88,,CDFH3301081995000013,3060000,사립,서울특별시 중랑구 봉우재로 5 (면목동),,03,폐업,,,
0,0,제일,1999-10-26,,206711.097913283,454620.769366564,당구장업,2026-04-05 23:08:03,I,03,폐업,,2011-11-17 15:56:31,,1995-11-15,131-861,,서울특별시 중랑구 상봉동 129-86,,CDFH3301081995000014,3060000,사립,서울특별시 중랑구 망우로 216 (상봉동),,03,폐업,,,
0,0,특실,2000-04-26,,207796.621888627,453577.941056082,당구장업,2026-04-05 23:08:03,I,03,폐업,,2011-11-17 15:55:35,,1995-11-17,131-814,,서울특별시 중랑구 면목동 409-1,,CDFH3301081995000015,3060000,사립,서울특별시 중랑구 면목로58길 12 (면목동),,03,폐업,,,
0,0,챔프,2001-08-06,,206814.61345332,456135.882474094,당구장업,2026-04-05 23:08:03,I,03,폐업,,2011-11-17 15:47:56,,1995-11-20,131-853,,서울특별시 중랑구 묵동 245-4,,CDFH3301081995000016,3060000,사립,서울특별시 중랑구 동일로149가길 8-14 (묵동),,03,폐업,,,
,,태양,2004-06-02,,207095.043308103,452454.938575965,당구장업,2026-04-05 23:08:03,I,03,폐업,,2011-11-17 15:46:39,,1995-11-29,131-830,,서울특별시 중랑구 면목동 376-4,,CDFH3301081995000017,3060000,사립,서울특별시 중랑구 면목로27길 80 (면목동),,03,폐업,,,
0,0,동일,2001-12-20,,206492.087474895,454508.605124002,당구장업,2026-04-05 23:08:03,I,03,폐업,,2011-11-17 15:43:52,,1996-02-01,131-861,,서울특별시 중랑구 상봉동 136-50,,CDFH3301081996000002,3060000,사립,서울특별시 중랑구 망우로30길 8 (상봉동),,03,폐업,,,
0,0,준,2000-05-29,,206316.270834781,454873.415549777,당구장업,2026-04-05 23:08:03,I,03,폐업,,2011-11-17 15:42:31,,1996-02-01,131-878,,서울특별시 중랑구 중화동 326-49,,CDFH3301081996000003,3060000,사립,서울특별시 중랑구 중랑천로 124 (중화동),,03,폐업,,,
0,0,특실,1999-07-10,,206642.171095344,454822.546432962,당구장업,2026-04-05 23:08:03,I,03,폐업,,2011-11-15 13:20:18,,1996-02-07,131-879,,서울특별시 중랑구 중화동 320-140,,CDFH3301081996000004,3060000,사립,서울특별시 중랑구 중랑역로5길 14 (중화동),,03,폐업,,,
0,0,특실,1999-10-11,,207277.243043174,454635.166719477,당구장업,2026-04-05 23:08:03,I,03,폐업,,2011-11-15 13:18:45,,1996-02-14,131-860,,서울특별시 중랑구 상봉동 121-2,,CDFH3301081996000005,3060000,사립,서울특별시 중랑구 동일로114길 53 (상봉동),,03,폐업,,,
0,0,라임,1999-11-27,,207376.994458106,454832.975207488,당구장업,2026-04-05 23:08:03,I,03,폐업,,2011-11-15 13:16:40,,1996-02-21,131-860,,서울특별시 중랑구 상봉동 115-12,,CDFH3301081996000006,3060000,사립,서울특별시 중랑구 망우로 286 (상봉동),,03,폐업,,,
0,0,큐,2000-07-10,,208544.705138991,455068.255470259,당구장업,2026-04-05 23:08:03,I,03,폐업,,2011-11-15 13:12:23,,1996-03-08,131-809,,서울특별시 중랑구 망우동 492-1,,CDFH3301081996000007,3060000,사립,서울특별시 중랑구 용마산로115나길 24 (망우동),,03,폐업,,,
0,0,그린,2000-06-23,,208008.082257144,454135.357006999,당구장업,2026-04-05 23:08:03,I,03,폐업,,2011-11-15 13:11:12,,1996-03-26,131-816,,서울특별시 중랑구 면목동 103-18,,CDFH3301081996000008,3060000,사립,서울특별시 중랑구 겸재로 215 (면목동),,03,폐업,,,
0,0,MIRAGE,2002-05-09,,208347.195702372,455106.465007497,당구장업,2026-04-05 23:08:03,I,03,폐업,,2011-11-15 13:10:14,,1996-03-27,131-810,,서울특별시 중랑구 망우동 490-13,,CDFH3301081996000009,3060000,사립,서울특별시 중랑구 용마산로115길 92 (망우동),,03,폐업,,,
0,0,프로2000,2000-05-29,,207205.900556618,453852.775442564,당구장업,2026-04-05 23:08:04,I,03,폐업,,2011-11-15 13:09:19,,1996-04-23,131-821,,서울특별시 중랑구 면목동 149-5,,CDFH3301081996000010,3060000,사립,서울특별시 중랑구 겸재로 132 (면목동),,03,폐업,,,
0,0,모아,2000-07-22,,208761.110474498,454969.006228516,당구장업,2026-04-05 23:08:04,I,03,폐업,,2011-11-15 13:08:03,,1996-05-03,131-809,,서울특별시 중랑구 망우동 465-4,,CDFH3301081996000011,3060000,사립,서울특별시 중랑구 망우로66길 53-7 (망우동),,03,폐업,,,
,,현대,2004-06-14,,207088.508452371,454739.360770068,당구장업,2026-04-05 23:08:05,I,03,폐업,,2011-11-15 13:05:54,,1996-05-09,131-860,,서울특별시 중랑구 상봉동 118-16,,CDFH3301081996000013,3060000,사립,서울특별시 중랑구 망우로 256 (상봉동),,03,폐업,,,
,,코코,1999-12-31,,206714.421505467,455858.699466676,당구장업,2026-04-05 23:08:05,I,03,폐업,,2011-11-15 13:04:45,,1996-05-21,131-882,,서울특별시 중랑구 중화동 308-1,,CDFH3301081996000014,3060000,사립,서울특별시 중랑구 동일로143길 29 (중화동),,03,폐업,,,
0,0,반도,2001-10-20,,206953.752122592,455178.394488831,당구장업,2026-04-05 23:08:05,I,03,폐업,,2011-11-15 13:03:28,,1996-05-30,131-880,,서울특별시 중랑구 중화동 301-110,,CDFH3301081996000015,3060000,사립,서울특별시 중랑구 동일로 767 (중화동),,03,폐업,,,
0,0,바다,1999-11-09,,206829.187515253,453720.762454803,당구장업,2026-04-05 23:08:05,I,03,폐업,,2011-11-15 13:02:30,,1996-06-14,131-822,,서울특별시 중랑구 면목동 174-98,,CDFH3301081996000016,3060000,사립,서울특별시 중랑구 겸재로10길 10 (면목동),,03,폐업,,,
0,0,양지당구장,1999-03-24,,206802.059533373,455307.818343244,당구장업,2026-04-05 23:08:05,I,03,폐업,,2003-04-18 17:00:57,,1996-06-14,131-881,0,서울특별시 중랑구 중화동 312-37,,CDFH3301081996000017,3060000,사립,서울특별시 중랑구 중랑역로 73-1  (중화동),,03,폐업,,,
0,0,망우리,1998-11-30,,208269.294495248,454713.093539362,당구장업,2026-04-05 23:08:05,I,03,폐업,,2011-11-15 13:00:45,,1996-06-14,131-809,,서울특별시 중랑구 망우동 515-44,,CDFH3301081996000018,3060000,사립,서울특별시 중랑구 봉우재로 195 (망우동),,03,폐업,,,
0,0,VIP,2000-10-08,,207641.9498773,455350.617752934,당구장업,2026-04-05 23:08:05,I,03,폐업,,2011-11-15 12:59:43,,1996-07-31,131-862,,서울특별시 중랑구 상봉동 208-1,,CDFH3301081996000019,3060000,사립,서울특별시 중랑구 상봉중앙로 37 (상봉동),,03,폐업,,,
0,0,정당구장,1999-02-08,,206813.057180085,456188.141054861,당구장업,2026-04-05 23:08:05,I,03,폐업,,2011-11-15 12:58:49,,1996-08-07,131-853,,서울특별시 중랑구 묵동 245-1,,CDFH3301081996000020,3060000,사립,서울특별시 중랑구 동일로 869 (묵동),,03,폐업,,,
0,0,종점,2000-04-25,,207390.723178949,452250.590284785,당구장업,2026-04-05 23:08:05,I,03,폐업,,2011-11-15 12:58:03,,1996-08-09,131-829,,서울특별시 중랑구 면목동 392-50,,CDFH3301081996000021,3060000,사립,서울특별시 중랑구 답십리로83길 27 (면목동),,03,폐업,,,
,,포르테,2004-06-04,,208707.456894453,454828.733326985,당구장업,2026-04-05 23:08:05,I,03,폐업,,2011-11-15 12:57:05,,1996-09-04,131-809,,서울특별시 중랑구 망우동 461-1,,CDFH3301081996000022,3060000,사립,서울특별시 중랑구 봉우재로 239 (망우동),,03,폐업,,,
,,삼일,2004-11-15,,206856.663790759,454062.136548702,당구장업,2026-04-05 23:08:05,I,03,폐업,,2011-11-15 12:55:03,,1996-10-29,131-820,,서울특별시 중랑구 면목동 179-98,,CDFH3301081996000024,3060000,사립,서울특별시 중랑구 겸재로9길 54 (면목동),,03,폐업,,,
0,0,진성,1999-08-03,,207017.307569162,453977.120908062,당구장업,2026-04-05 23:08:05,I,03,폐업,,2011-11-15 12:54:13,,1996-11-05,131-820,,서울특별시 중랑구 면목동 146-20,,CDFH3301081996000025,3060000,사립,서울특별시 중랑구 동일로 646 (면목동),,03,폐업,,,
0,0,동부,2001-04-10,,206710.334818724,454446.052748595,당구장업,2026-04-05 23:08:05,I,03,폐업,,2011-11-15 12:53:28,,1996-11-20,131-823,,서울특별시 중랑구 면목동 185-1,,CDFH3301081996000026,3060000,사립,서울특별시 중랑구 중랑천로10길 68 (면목동),,03,폐업,,,
0,0,하니,2000-12-27,,,,당구장업,2026-04-05 23:08:05,I,03,폐업,,2003-04-18 17:00:57,,1996-12-03,131-879,0,서울특별시 중랑구 중화동 297-53,,CDFH3301081996000028,3060000,사립,,,03,폐업,,,
,,캐롬,1998-12-31,,,,당구장업,2026-04-05 23:08:05,I,03,폐업,0,2004-11-15 09:17:19,,1996-12-24,131-814,,서울특별시 중랑구 면목동 62-73,,CDFH3301081996000029,3060000,사립,,,03,폐업,,,
0,0,은성,2003-03-07,,207007.857696559,453567.633467055,당구장업,2026-04-05 23:08:05,I,03,폐업,,2011-11-15 12:50:37,,1996-12-26,131-821,,서울특별시 중랑구 면목동 161-2,,CDFH3301081996000030,3060000,사립,서울특별시 중랑구 동일로 606 (면목동),,03,폐업,,,
0,0,맘보당구장,1999-02-25,,207811.343330712,453172.013153927,당구장업,2026-04-05 23:08:05,I,03,폐업,,2003-04-18 17:00:57,,1997-01-07,131-813,0,서울특별시 중랑구 면목동 472-44,,CDFH3301081997000001,3060000,사립,서울특별시 중랑구 사가정로 399  (면목동),,03,폐업,,,
0,0,삼우,2000-05-29,,207501.970821972,452999.049427551,당구장업,2026-04-05 23:08:05,I,03,폐업,,2011-11-15 12:46:54,,1997-01-21,131-827,,서울특별시 중랑구 면목동 653-1,,CDFH3301081997000002,3060000,사립,서울특별시 중랑구 사가정로50길 36 (면목동),,03,폐업,,,
0,0,매니아,2001-01-13,,207218.392181724,453907.75566003,당구장업,2026-04-05 23:08:05,I,03,폐업,,2011-11-15 12:45:21,,1997-01-21,131-820,,서울특별시 중랑구 면목동 148-7,,CDFH3301081997000003,3060000,사립,서울특별시 중랑구 겸재로 135 (면목동),,03,폐업,,,
,,오투,1999-12-31,,208479.252221523,454266.619885175,당구장업,2026-04-05 23:08:05,I,03,폐업,,2011-11-15 12:44:18,,1997-01-27,131-807,,서울특별시 중랑구 망우동 531-35,,CDFH3301081997000004,3060000,사립,서울특별시 중랑구 겸재로 263 (망우동),,03,폐업,,,
0,0,중랑당구장,1999-04-22,,206390.408395132,454392.770846654,당구장업,2026-04-05 23:08:05,I,03,폐업,,2003-04-18 17:00:57,,1997-01-29,131-861,0,서울특별시 중랑구 상봉동 136-77,,CDFH3301081997000005,3060000,사립,,,03,폐업,,,
0,0,수윤당구장,1999-06-23,,206805.226942948,456229.592921084,당구장업,2026-04-05 23:08:05,I,03,폐업,,2011-11-15 12:42:22,,1997-02-04,131-852,,서울특별시 중랑구 묵동 244-157,,CDFH3301081997000006,3060000,사립,서울특별시 중랑구 동일로 873 (묵동),,03,폐업,,,
0,0,수정당구장,1998-10-23,,206582.639595107,456754.488552522,당구장업,2026-04-05 23:08:05,I,03,폐업,,2011-11-15 12:41:19,,1997-02-10,131-851,,서울특별시 중랑구 묵동 237-101,,CDFH3301081997000007,3060000,사립,서울특별시 중랑구 중랑역로 221 (묵동),,03,폐업,,,
0,0,지프,2000-05-04,,206732.127203473,455302.483236161,당구장업,2026-04-05 23:08:05,I,03,폐업,,2011-11-14 17:38:17,,1997-02-28,131-881,,서울특별시 중랑구 중화동 312-95,,CDFH3301081997000008,3060000,사립,서울특별시 중랑구 동일로129길 54 (중화동),,03,폐업,,,
0,0,당구나라,2000-07-25,,206879.949428237,455451.570535491,당구장업,2026-04-05 23:08:05,I,03,폐업,,2011-11-14 17:37:16,,1997-03-03,131-881,,서울특별시 중랑구 중화동 303-54,,CDFH3301081997000009,3060000,사립,서울특별시 중랑구 봉화산로 40 (중화동),,03,폐업,,,
,,SBS,2019-07-02,,208567.356154269,456002.61717159,당구장업,2026-04-05 23:08:05,I,03,폐업,,2019-07-02 09:44:05,,1997-04-10,131-868,,서울특별시 중랑구 신내동 409-4,,CDFH3301081997000010,3060000,사립,서울특별시 중랑구 봉화산로54길 36 (신내동),02067,03,폐업,,,
0,0,보스당구장,1999-04-21,,207645.845911573,453975.70277489,당구장업,2026-04-05 23:08:06,I,03,폐업,,2003-04-18 17:00:57,,1997-04-18,131-818,0,서울특별시 중랑구 면목동 115-1,,CDFH3301081997000011,3060000,사립,서울특별시 중랑구 겸재로 178  (면목동),,03,폐업,,,
,,킹,2003-12-24,,206862.773892875,453849.148542047,당구장업,2026-04-05 23:08:06,I,03,폐업,,2011-11-14 17:33:34,,1997-04-30,131-820,,서울특별시 중랑구 면목동 176-11,,CDFH3301081997000012,3060000,사립,서울특별시 중랑구 겸재로9길 12 (면목동),,03,폐업,,,
0,0,그린,1999-12-17,,206837.474412979,453752.259758742,당구장업,2026-04-05 23:08:06,I,03,폐업,,2011-11-03 14:35:28,,1997-05-15,131-822,,서울특별시 중랑구 면목동 174-101,,CDFH3301081997000014,3060000,사립,서울특별시 중랑구 겸재로 94 (면목동),,03,폐업,,,
0,0,서전,2000-05-29,,208698.124429154,454012.492560743,당구장업,2026-04-05 23:08:07,I,03,폐업,,2003-04-18 17:00:57,,1997-05-15,131-811,0,서울특별시 중랑구 면목동 5-6,,CDFH3301081997000015,3060000,사립,서울특별시 중랑구 용마산로94길 46  (면목동),,03,폐업,,,
0,0,은성,1999-12-15,,207625.897326069,455497.281827964,당구장업,2026-04-05 23:08:07,I,03,폐업,,2003-04-18 17:00:57,,1997-05-20,131-862,0,서울특별시 중랑구 상봉동 216,,CDFH3301081997000016,3060000,사립,서울특별시 중랑구 상봉중앙로 51  (상봉동),,03,폐업,,,
,,반도,2003-04-30,,206699.969678472,453762.254694773,당구장업,2026-04-05 23:08:07,I,03,폐업,0,2003-04-30 18:16:40,,1997-06-10,131-820,,서울특별시 중랑구 면목동 177-223,,CDFH3301081997000017,3060000,사립,,,03,폐업,,,
0,0,허리우드당구장,1998-11-02,,208044.618684556,454639.044050313,당구장업,2026-04-05 23:08:07,I,03,폐업,,2003-04-18 17:00:57,,1997-06-24,131-859,0,서울특별시 중랑구 상봉동 85-42,,CDFH3301081997000018,3060000,사립,서울특별시 중랑구 봉우재로 171  (상봉동),,03,폐업,,,
0,0,국제당구장,2000-05-10,,207779.988755763,453126.60202146,당구장업,2026-04-05 23:08:07,I,03,폐업,,2003-04-18 17:00:57,,1997-06-30,131-828,0,서울특별시 중랑구 면목동 611-2,,CDFH3301081997000019,3060000,사립,,,03,폐업,,,
,,명인,2015-04-08,,209006.848797065,455300.541065532,당구장업,2026-04-05 23:08:07,I,03,폐업,,2015-07-31 15:49:29,,1997-07-28,131-802,,서울특별시 중랑구 망우동 202-19,,CDFH3301081997000020,3060000,사립,서울특별시 중랑구 망우로 454 (망우동),,03,폐업,,,
0,0,캉가루,1999-06-23,,208827.028317555,455349.143550112,당구장업,2026-04-05 23:08:07,I,03,폐업,,2003-04-18 17:00:57,,1997-08-06,131-804,0,서울특별시 중랑구 망우동 358-6,,CDFH3301081997000021,3060000,사립,서울특별시 중랑구 용마산로 554  (망우동),,03,폐업,,,
0,0,태양,2001-10-05,,206775.170424059,455741.276876598,당구장업,2026-04-05 23:08:07,I,03,폐업,,2003-04-18 17:00:57,,1997-08-06,131-881,0,서울특별시 중랑구 중화동 307-60,,CDFH3301081997000022,3060000,사립,서울특별시 중랑구 중랑역로 118  (중화동),,03,폐업,,,
0,0,쎄븐,2000-05-29,,206419.071508713,454518.841846223,당구장업,2026-04-05 23:08:07,I,03,폐업,,2003-04-18 17:00:57,,1997-08-18,131-861,0,서울특별시 중랑구 상봉동 136-9,,CDFH3301081997000023,3060000,사립,서울특별시 중랑구 망우로 186  (상봉동),,03,폐업,,,
0,0,한일,1998-08-04,,207503.084210468,452884.498928683,당구장업,2026-04-05 23:08:07,I,03,폐업,,2003-04-18 17:00:57,,1997-08-26,131-828,0,서울특별시 중랑구 면목동 632-3,,CDFH3301081997000024,3060000,사립,서울특별시 중랑구 면목로 283  (면목동),,03,폐업,,,
0,0,푸른공간,1999-11-25,,206755.361647167,455490.994398336,당구장업,2026-04-05 23:08:07,I,03,폐업,,2003-04-18 17:00:57,,1997-10-02,131-881,0,서울특별시 중랑구 중화동 311-10,,CDFH3301081997000025,3060000,사립,서울특별시 중랑구 봉화산로 27  (중화동),,03,폐업,,,
0,0,뉴캐롬당구장,1998-09-19,,206983.812497552,454375.713738872,당구장업,2026-04-05 23:08:07,I,03,폐업,,2003-04-18 17:00:57,,1997-10-16,131-823,0,서울특별시 중랑구 면목동 183-35,,CDFH3301081997000026,3060000,사립,서울특별시 중랑구 동일로 685  (면목동),,03,폐업,,,
,,수성,2001-10-31,,207722.581213377,453565.356092679,당구장업,2026-04-05 23:08:07,I,03,폐업,0,2005-06-04 08:48:24,,1997-10-27,131-818,,서울특별시 중랑구 면목동 501-4,,CDFH3301081997000027,3060000,사립,서울특별시 중랑구 면목로 361  (면목동),,03,폐업,,,22078689
0,0,프로2000,2000-05-24,,206986.454175193,454678.651640702,당구장업,2026-04-05 23:08:07,I,03,폐업,,2003-04-18 17:00:57,,1997-11-13,131-861,0,서울특별시 중랑구 상봉동 128-88,,CDFH3301081997000028,3060000,사립,서울특별시 중랑구 동일로 717  (상봉동),,03,폐업,,,
0,0,터미널,2000-08-18,,208172.817072963,454822.951740457,당구장업,2026-04-05 23:08:07,I,03,폐업,,2003-04-18 17:00:57,,1997-11-25,131-809,0,서울특별시 중랑구 망우동 506-8,,CDFH3301081997000029,3060000,사립,서울특별시 중랑구 상봉로 110  (망우동),,03,폐업,,,
0,0,학사,2001-02-01,,208494.083625153,453877.503189753,당구장업,2026-04-05 23:08:07,I,03,폐업,,2003-04-18 17:00:57,,1997-11-28,131-812,0,서울특별시 중랑구 면목동 52-15,,CDFH3301081997000031,3060000,사립,서울특별시 중랑구 용마산로86길 21-23  (면목동),,03,폐업,,,
0,0,2000당구클럽,2000-05-29,,208877.980192203,454706.686419648,당구장업,2026-04-05 23:08:07,I,03,폐업,,2011-11-08 19:19:13,,1997-12-05,131-805,,서울특별시 중랑구 망우동 405-22,,CDFH3301081997000033,3060000,사립,서울특별시 중랑구 용마공원로5길 5 (망우동),,03,폐업,,,
,,현,2003-05-29,,207263.373462839,452872.918902759,당구장업,2026-04-05 23:08:07,I,03,폐업,,2011-11-08 19:17:10,,1997-12-17,131-827,,서울특별시 중랑구 면목동 667-9,,CDFH3301081997000034,3060000,사립,서울특별시 중랑구 사가정로46가길 4-2 (면목동),,03,폐업,,,
,,행운당구장,2007-05-14,,,,당구장업,2026-04-05 23:08:07,I,03,폐업,0,2007-05-14 16:47:35,,1997-12-22,131-848,,서울특별시 중랑구 묵동 164-7,,CDFH3301081997000035,3060000,사립,,,03,폐업,,,
0,0,유니,1999-06-24,,208387.205148025,453959.769792811,당구장업,2026-04-05 23:08:07,I,03,폐업,,2011-11-08 19:13:34,,1997-12-26,131-812,,서울특별시 중랑구 면목동 50-48,,CDFH3301081997000036,3060000,사립,서울특별시 중랑구 용마산로 405 (면목동),,03,폐업,,,
0,0,마스터,1999-07-29,,207929.607402131,453335.88487932,당구장업,2026-04-05 23:08:07,I,03,폐업,,2011-11-08 19:11:59,,1998-01-08,131-813,,서울특별시 중랑구 면목동 455-19,,CDFH3301081998000001,3060000,사립,서울특별시 중랑구 면목로48길 33 (면목동),,03,폐업,,,
,,에이스,2004-11-15,,208519.552454744,453932.119069844,당구장업,2026-04-05 23:08:07,I,03,폐업,,2011-11-03 18:35:09,,1998-01-09,131-811,,서울특별시 중랑구 면목동 14-56,,CDFH3301081998000002,3060000,사립,서울특별시 중랑구 용마산로90길 19 (면목동),,03,폐업,,,
0,0,시코,2001-08-29,,207564.382906738,453207.051708247,당구장업,2026-04-05 23:08:07,I,03,폐업,,2011-11-03 17:53:47,,1998-01-14,131-831,,서울특별시 중랑구 면목동 605-4,,CDFH3301081998000003,3060000,사립,서울특별시 중랑구 사가정로 375 (면목동),,03,폐업,,,
,,한양,2008-09-26,,206636.436672947,457035.673883825,당구장업,2026-04-05 23:08:07,I,03,폐업,,2011-11-03 17:46:22,,1998-01-24,131-851,,서울특별시 중랑구 묵동 233-103,,CDFH3301081998000005,3060000,사립,서울특별시 중랑구 동일로 957-5 (묵동),,03,폐업,,,32965786
,,유림,2000-04-30,,206853.107394458,455922.92889032,당구장업,2026-04-05 23:08:07,I,03,폐업,,2011-11-03 17:43:21,,1998-01-24,131-853,,서울특별시 중랑구 묵동 250-41,,CDFH3301081998000007,3060000,사립,서울특별시 중랑구 동일로 843 (묵동),,03,폐업,,,
0,0,진진,1999-11-17,,208500.352910855,453917.500006187,당구장업,2026-04-05 23:08:07,I,03,폐업,,2003-04-18 17:00:57,,1998-02-12,131-812,0,서울특별시 중랑구 면목동 52-1,,CDFH3301081998000008,3060000,사립,서울특별시 중랑구 용마산로90길 20  (면목동),,03,폐업,,,
0,0,포인트,2000-01-28,,208759.516431628,454934.397387478,당구장업,2026-04-05 23:08:07,I,03,폐업,,2011-11-03 17:40:39,,1998-02-16,131-809,,서울특별시 중랑구 망우동 465-6,,CDFH3301081998000009,3060000,사립,서울특별시 중랑구 용마산로 511-1 (망우동),,03,폐업,,,
0,0,동래당구장,1999-04-16,,207181.685853136,453595.873657355,당구장업,2026-04-05 23:08:07,I,03,폐업,,2011-11-03 15:10:54,,1998-02-27,131-821,,서울특별시 중랑구 면목동 157-29,,CDFH3301081998000010,3060000,사립,서울특별시 중랑구 동일로96길 40 (면목동),,03,폐업,,,
,,하나,2002-05-25,,206686.70247599,456306.440039675,당구장업,2026-04-05 23:08:07,I,03,폐업,,2011-11-03 15:09:25,,1998-03-04,131-852,,서울특별시 중랑구 묵동 244-111,,CDFH3301081998000011,3060000,사립,서울특별시 중랑구 중랑역로 174-1 (묵동),,03,폐업,,,
0,0,LG당구장,2001-03-15,,207401.081025828,454425.755418621,당구장업,2026-04-05 23:08:07,I,03,폐업,,2011-11-03 15:08:11,,1998-03-05,131-819,,서울특별시 중랑구 면목동 132-19,,CDFH3301081998000012,3060000,사립,서울특별시 중랑구 봉우재로 100 (면목동),,03,폐업,,,
0,0,그린,2000-05-29,,207017.152055388,453896.493861561,당구장업,2026-04-05 23:08:07,I,03,폐업,,2011-11-03 15:06:55,,1998-03-05,131-820,,서울특별시 중랑구 면목동 146-8,,CDFH3301081998000013,3060000,사립,서울특별시 중랑구 동일로 638 (면목동),,03,폐업,,,
0,0,포인트당구장,1999-04-30,,208196.263784348,454478.075630935,당구장업,2026-04-05 23:08:07,I,03,폐업,,2003-04-18 17:00:57,,1998-03-12,131-807,0,서울특별시 중랑구 망우동 477-56,,CDFH3301081998000014,3060000,사립,서울특별시 중랑구 상봉로 76  (망우동),,03,폐업,,,
,,둘리,2003-08-28,,207858.580058792,453339.643188571,당구장업,2026-04-05 23:08:07,I,03,폐업,,2011-11-03 15:00:26,,1998-03-16,131-813,,서울특별시 중랑구 면목동 458-49,,CDFH3301081998000017,3060000,사립,서울특별시 중랑구 면목로44가길 27 (면목동),,03,폐업,,,
0,0,째즈,2000-04-03,,207125.075886514,452819.137963148,당구장업,2026-04-05 23:08:07,I,03,폐업,,2011-11-03 14:52:41,,1998-03-19,131-825,,서울특별시 중랑구 면목동 339-35,,CDFH3301081998000018,3060000,사립,서울특별시 중랑구 사가정로42길 91 (면목동),,03,폐업,,,
0,0,24시,2001-03-09,,208121.639509233,453032.017340633,당구장업,2026-04-05 23:08:07,I,03,폐업,,2003-04-18 17:00:57,,1998-03-24,131-834,0,서울특별시 중랑구 면목동 527-7,,CDFH3301081998000020,3060000,사립,서울특별시 중랑구 용마산로 310  (면목동),,03,폐업,,,
0,0,필,2001-03-22,,208714.108934989,455174.907004976,당구장업,2026-04-05 23:08:07,I,03,폐업,,2011-11-03 14:47:58,,1998-03-26,131-810,,서울특별시 중랑구 망우동 469-1,,CDFH3301081998000021,3060000,사립,서울특별시 중랑구 망우로66길 18-4 (망우동),,03,폐업,,,
0,0,큐,2001-04-10,,208673.092820204,456099.907231284,당구장업,2026-04-05 23:08:07,I,03,폐업,,2011-11-03 14:46:14,,1998-03-27,131-868,,서울특별시 중랑구 신내동 413-3,,CDFH3301081998000022,3060000,사립,서울특별시 중랑구 봉화산로56길 30 (신내동),,03,폐업,,,
,,한신,2019-07-02,,206835.946918058,453802.449165095,당구장업,2026-04-05 23:08:07,I,03,폐업,,2019-07-02 09:44:46,,1998-04-01,131-820,,서울특별시 중랑구 면목동 177-50,,CDFH3301081998000023,3060000,사립,서울특별시 중랑구 겸재로 93 (면목동),,03,폐업,,,
0,0,우림,2001-03-20,,208627.516174609,454941.129928332,당구장업,2026-04-05 23:08:07,I,03,폐업,,2011-11-03 14:43:26,,1998-04-01,131-809,,서울특별시 중랑구 망우동 463-2,,CDFH3301081998000024,3060000,사립,서울특별시 중랑구 망우로62길 56 (망우동),,03,폐업,,,
0,0,약속,2000-04-24,,208103.649441783,453518.507164352,당구장업,2026-04-05 23:08:07,I,03,폐업,,2011-11-03 14:42:07,,1998-04-02,131-814,,서울특별시 중랑구 면목동 402-4,,CDFH3301081998000025,3060000,사립,서울특별시 중랑구 면목로56길 73 (면목동),,03,폐업,,,
,,당구때리내,2003-05-13,,,,당구장업,2026-04-05 23:08:07,I,03,폐업,,2011-11-03 14:40:33,,1998-04-04,131-859,,서울특별시 중랑구 상봉동 101-1,,CDFH3301081998000026,3060000,사립,서울특별시 중랑구 망우로 312-1 (상봉동),,03,폐업,,,
0,0,N.B.A,2001-09-18,,206761.24003808,454386.740893815,당구장업,2026-04-05 23:08:07,I,03,폐업,,2011-11-03 14:38:31,,1998-04-13,131-823,,서울특별시 중랑구 면목동 184-52,,CDFH3301081998000027,3060000,사립,서울특별시 중랑구 망우로32길 49 (면목동),,03,폐업,,,
0,0,인선,2001-11-10,,207497.029121343,452634.999897011,당구장업,2026-04-05 23:07:44,I,03,폐업,,2011-11-17 17:04:06,,1989-08-25,131-826,,서울특별시 중랑구 면목동 368-5,,CDFH3301081989000002,3060000,사립,서울특별시 중랑구 면목로29길 2-1 (면목동),,03,폐업,,,
0,0,진주,2000-06-22,,206771.217305763,455221.989517331,당구장업,2026-04-05 23:07:45,I,03,폐업,,2011-11-17 16:59:16,,1989-12-14,131-883,,서울특별시 중랑구 중화동 314-1,,CDFH3301081989000005,3060000,사립,서울특별시 중랑구 동일로129길 35 (중화동),,03,폐업,,,
0,0,사나이,1998-09-09,,208327.469758383,455189.108329289,당구장업,2026-04-05 23:07:45,I,03,폐업,,2011-11-17 16:58:15,,1989-12-22,131-857,,서울특별시 중랑구 상봉동 74-1,,CDFH3301081989000006,3060000,사립,서울특별시 중랑구 송림길 1 (상봉동),,03,폐업,,,
0,0,샛별,2000-05-23,,208479.387967392,455297.212432285,당구장업,2026-04-05 23:07:46,I,03,폐업,,2011-11-17 16:57:11,,1990-09-30,131-868,,서울특별시 중랑구 신내동 495-7,,CDFH3301081990000001,3060000,사립,서울특별시 중랑구 신내로 9 (신내동),,03,폐업,,,
0,0,초원,1998-11-30,,209177.682798072,455333.044481669,당구장업,2026-04-05 23:07:46,I,03,폐업,,2011-11-17 16:56:18,,1992-04-16,131-802,,서울특별시 중랑구 망우동 207-1,,CDFH3301081992000001,3060000,사립,서울특별시 중랑구 망우로 474 (망우동),,03,폐업,,,
0,0,서일,1999-06-18,,208400.847655968,453990.22724702,당구장업,2026-04-05 23:07:47,I,03,폐업,,2003-04-18 17:00:57,,1992-05-28,131-811,0,서울특별시 중랑구 면목동 20-51,,CDFH3301081992000002,3060000,사립,서울특별시 중랑구 용마산로 409  (면목동),,03,폐업,,,
0,0,이천당구장,1999-04-06,,208937.569207442,455527.052300432,당구장업,2026-04-05 23:07:48,I,03,폐업,,2003-04-18 17:00:57,,1992-06-11,131-804,0,서울특별시 중랑구 망우동 355-40,,CDFH3301081992000003,3060000,사립,서울특별시 중랑구 망우로71길 35  (망우동),,03,폐업,,,
,,경성,2008-05-01,,208278.137152315,453761.158565909,당구장업,2026-04-05 23:07:49,I,03,폐업,,2011-11-17 16:53:45,,1992-07-18,131-814,,서울특별시 중랑구 면목동 67-1,,CDFH3301081992000004,3060000,사립,서울특별시 중랑구 상봉로 3 (면목동),,03,폐업,,,
0,0,원일,2000-05-04,,207164.417586059,452153.414412476,당구장업,2026-04-05 23:07:50,I,03,폐업,,2011-11-17 16:52:53,,1992-12-07,131-829,,서울특별시 중랑구 면목동 399-22,,CDFH3301081992000005,3060000,사립,서울특별시 중랑구 답십리로 373 (면목동),,03,폐업,,,
0,0,허슬러,2000-10-07,,206969.674869398,457150.626367535,당구장업,2026-04-05 23:07:50,I,03,폐업,,2011-11-17 16:51:25,,1993-03-03,131-847,,서울특별시 중랑구 묵동 158-20,,CDFH3301081993000001,3060000,사립,서울특별시 중랑구 공릉로12길 3 (묵동),,03,폐업,,,
,,대우,2020-01-03,,207903.497045807,453105.836683718,당구장업,2026-04-05 23:07:51,I,03,폐업,,2020-01-03 10:36:30,,1993-03-11,131-834,,서울특별시 중랑구 면목동 536-7,,CDFH3301081993000002,3060000,사립,서울특별시 중랑구 사가정로 412-6 (면목동),02250,03,폐업,,,
,,영빈,2004-08-30,,206643.792238808,456652.458176141,당구장업,2026-04-05 23:07:52,I,03,폐업,,2011-11-17 16:44:20,,1993-04-16,131-851,,서울특별시 중랑구 묵동 238-122,,CDFH3301081993000003,3060000,사립,서울특별시 중랑구 동일로163길 12-45 (묵동),,03,폐업,,,
0,0,남양,1998-08-13,,207231.299357379,454784.313223885,당구장업,2026-04-05 23:07:53,I,03,폐업,,2011-11-17 16:41:26,,1993-05-26,131-860,,서울특별시 중랑구 상봉동 118,,CDFH3301081993000004,3060000,사립,서울특별시 중랑구 망우로 270 (상봉동),,03,폐업,,,
0,0,대한,2001-07-31,,207831.781083928,454827.574540397,당구장업,2026-04-05 23:07:54,I,03,폐업,,2011-11-17 16:39:58,,1994-04-27,131-859,,서울특별시 중랑구 상봉동 89-16,,CDFH3301081994000001,3060000,사립,서울특별시 중랑구 망우로50길 33 (상봉동),,03,폐업,,,
,,상봉,2020-01-03,,207418.221668514,454906.592570063,당구장업,2026-04-05 23:07:55,I,03,폐업,,2020-01-03 10:35:42,,1994-05-31,131-857,,서울특별시 중랑구 상봉동 100-17,,CDFH3301081994000002,3060000,사립,서울특별시 중랑구 망우로 291 (상봉동),02098,03,폐업,,,
0,0,동양,1997-02-04,,207757.111158722,453557.753875794,당구장업,2026-04-05 23:07:56,I,03,폐업,,2011-11-17 16:35:54,,1994-06-16,131-814,,서울특별시 중랑구 면목동 413-3,,CDFH3301081994000003,3060000,사립,서울특별시 중랑구 면목로 362 (면목동),,03,폐업,,,
0,0,중앙당구장,1999-05-11,,207733.999901795,453391.020864738,당구장업,2026-04-05 23:07:57,I,03,폐업,,2003-04-18 17:00:57,,1994-07-07,131-831,0,서울특별시 중랑구 면목동 498-3,,CDFH3301081994000004,3060000,사립,서울특별시 중랑구 면목로 345  (면목동),,03,폐업,,,
0,0,종점,1998-11-30,,208169.082030804,454796.281596123,당구장업,2026-04-05 23:07:57,I,03,폐업,,2011-11-17 16:31:17,,1994-08-01,131-809,,서울특별시 중랑구 망우동 506-16,,CDFH3301081994000005,3060000,사립,서울특별시 중랑구 상봉로 108 (망우동),,03,폐업,,,
0,0,프로,2001-02-14,,206763.653496703,456484.166451356,당구장업,2026-04-05 23:07:58,I,03,폐업,,2003-04-18 17:00:57,,1994-08-10,131-852,0,서울특별시 중랑구 묵동 239-76,,CDFH3301081994000006,3060000,사립,서울특별시 중랑구 동일로 899  (묵동),,03,폐업,,,
0,0,제일,2000-02-14,,209328.971331242,455339.550243218,당구장업,2026-04-05 23:08:15,I,03,폐업,,2011-11-02 19:50:38,,1999-09-27,131-802,,서울특별시 중랑구 망우동 133-30,,CDFH3301081999000058,3060000,사립,서울특별시 중랑구 망우로 490 (망우동),,03,폐업,,,
0,0,팡팡,2001-03-20,,207441.434803639,452881.454102582,당구장업,2026-04-05 23:08:15,I,03,폐업,,2011-11-02 19:49:26,,1999-09-28,131-827,,서울특별시 중랑구 면목동 665-3,,CDFH3301081999000059,3060000,사립,서울특별시 중랑구 면목로35길 15 (면목동),,03,폐업,,,
,,똥댕이당구장,2000-03-15,,207772.038532953,454713.155015128,당구장업,2026-04-05 23:08:15,I,03,폐업,,2011-11-02 19:48:40,,1999-10-07,131-859,,서울특별시 중랑구 상봉동 87-18,,CDFH3301081999000060,3060000,사립,서울특별시 중랑구 봉우재로33길 58 (상봉동),,03,폐업,,,
,,이글스,2004-05-30,,206780.207620819,456698.48946494,당구장업,2026-04-05 23:08:15,I,03,폐업,,2011-11-02 19:47:25,,1999-10-23,131-848,,서울특별시 중랑구 묵동 175-2,,CDFH3301081999000061,3060000,사립,서울특별시 중랑구 동일로 920 (묵동),,03,폐업,,,
0,0,원,2000-06-30,,207469.526789262,453213.812537964,당구장업,2026-04-05 23:08:15,I,03,폐업,,2011-11-02 19:46:24,,1999-11-09,131-831,,서울특별시 중랑구 면목동 605-6,,CDFH3301081999000062,3060000,사립,서울특별시 중랑구 사가정로 365 (면목동),,03,폐업,,,
0,0,동원,2002-04-08,,,,당구장업,2026-04-05 23:08:15,I,03,폐업,,2011-11-02 19:44:23,,1999-11-11,131-821,,서울특별시 중랑구 면목동 162-1,,CDFH3301081999000063,3060000,사립,서울특별시 중랑구 사가정로31길 39 (면목동),,03,폐업,,,
0,0,돌탑당구장,2001-05-08,,207807.657649212,454906.600906178,당구장업,2026-04-05 23:08:15,I,03,폐업,,2011-11-02 19:40:13,,1999-12-13,131-859,,서울특별시 중랑구 상봉동 89-1,,CDFH3301081999000065,3060000,사립,서울특별시 중랑구 망우로50길 15 (상봉동),,03,폐업,,,
0,0,리베,2003-01-24,,208295.099818379,456014.999180519,당구장업,2026-04-05 23:08:15,I,03,폐업,,2011-11-02 19:38:24,,1999-12-24,131-865,,서울특별시 중랑구 신내동 666-0,,CDFH3301081999000066,3060000,사립,서울특별시 중랑구 봉화산로 194 (신내동),,03,폐업,,,34230382
0,0,제일당구장,2000-09-18,,209328.971331242,455339.550243218,당구장업,2026-04-05 23:08:15,I,03,폐업,,2011-11-02 19:37:22,,2000-02-15,131-802,,서울특별시 중랑구 망우동 133-30,,CDFH3301082000000001,3060000,사립,서울특별시 중랑구 망우로 490 (망우동),,03,폐업,,,
0,0,포인트 당구장,2001-07-19,,208759.516431628,454934.397387478,당구장업,2026-04-05 23:08:15,I,03,폐업,,2011-11-02 19:36:27,,2000-03-13,131-809,,서울특별시 중랑구 망우동 465-6,,CDFH3301082000000002,3060000,사립,서울특별시 중랑구 용마산로109길 3 (망우동),,03,폐업,,,
0,0,기은당구장,2001-12-05,,207698.604375833,453952.802899604,당구장업,2026-04-05 23:08:15,I,03,폐업,,2011-11-02 19:35:12,,2000-03-15,131-815,,서울특별시 중랑구 면목동 359-1,,CDFH3301082000000003,3060000,사립,서울특별시 중랑구 면목로 402 (면목동),,03,폐업,,,22087667
0,0,피거스당구장,2001-03-08,,209447.332233451,455386.369635939,당구장업,2026-04-05 23:08:15,I,03,폐업,,2011-11-02 17:58:48,,2000-04-20,131-802,,서울특별시 중랑구 망우동 135-5,,CDFH3301082000000004,3060000,사립,서울특별시 중랑구 망우로 499 (망우동),,03,폐업,,,
0,0,초이스,2001-02-01,,207189.679743111,454752.131153029,당구장업,2026-04-05 23:08:15,I,03,폐업,,2011-11-02 17:57:02,,2000-04-20,131-860,,서울특별시 중랑구 상봉동 118-8,,CDFH3301082000000005,3060000,사립,서울특별시 중랑구 망우로 266 (상봉동),,03,폐업,,,
,,보스당구장,2005-04-04,,208527.351713983,453895.975145275,당구장업,2026-04-05 23:08:15,I,03,폐업,,2011-11-02 17:55:15,,2000-05-23,131-812,,서울특별시 중랑구 면목동 53-2,,CDFH3301082000000006,3060000,사립,서울특별시 중랑구 용마산로86길 21-54 (면목동),,03,폐업,,,
0,0,둘리,2001-02-01,,208895.636962269,455215.739660618,당구장업,2026-04-05 23:08:15,I,03,폐업,,2011-11-02 17:53:43,,2000-06-08,131-802,,서울특별시 중랑구 망우동 363-6,,CDFH3301082000000007,3060000,사립,서울특별시 중랑구 용마산로116길 18 (망우동),,03,폐업,,,
,,한마음당구장,2004-06-25,,207785.794515374,454570.111787167,당구장업,2026-04-05 23:08:15,I,03,폐업,,2011-11-02 17:48:11,,2000-08-24,131-859,,서울특별시 중랑구 상봉동 105-84,,CDFH3301082000000009,3060000,사립,서울특별시 중랑구 봉우재로 143 (상봉동),,03,폐업,,,
0,0,먹골당구장,2001-04-07,,206747.044328817,456606.392648931,당구장업,2026-04-05 23:08:15,I,03,폐업,,2003-04-18 17:00:57,,2000-08-30,131-852,0,서울특별시 중랑구 묵동 239-1,,CDFH3301082000000010,3060000,사립,서울특별시 중랑구 동일로 911  (묵동),,03,폐업,,,
,,21세기 당구장,2006-07-11,,207764.045447867,453094.298253679,당구장업,2026-04-05 23:08:16,I,03,폐업,,2011-11-02 17:44:52,,2000-10-04,131-828,,서울특별시 중랑구 면목동 611-7,,CDFH3301082000000011,3060000,사립,서울특별시 중랑구 면목로42길 5 (면목동),,03,폐업,,,
,,거흥당구장,2003-09-26,,206857.195726672,454139.312316693,당구장업,2026-04-05 23:08:16,I,03,폐업,,2011-11-02 17:42:35,,2000-10-04,131-820,,서울특별시 중랑구 면목동 180-12,,CDFH3301082000000012,3060000,사립,서울특별시 중랑구 봉우재로14길 23 (면목동),,03,폐업,,,
0,0,칠성,2000-11-24,,207681.724592204,453019.542623898,당구장업,2026-04-05 23:08:16,I,03,폐업,,2003-04-18 17:00:57,,2000-11-24,131-828,0,서울특별시 중랑구 면목동 617-3,,CDFH3301082000000013,3060000,사립,서울특별시 중랑구 면목로 306  (면목동),,03,폐업,,,
,,동일당구클럽,2005-09-26,,207018.858174081,455197.575440037,당구장업,2026-04-05 23:08:16,I,03,폐업,,2011-11-02 15:53:39,,2001-01-15,131-877,,서울특별시 중랑구 중화동 294-7,,CDFH3301082001000001,3060000,사립,서울특별시 중랑구 동일로 768 (중화동),,03,폐업,,,
,,2002,2005-08-25,,206764.458013318,455898.611073446,당구장업,2026-04-05 23:08:16,I,03,폐업,,2011-11-02 15:50:32,,2001-01-25,131-853,,서울특별시 중랑구 묵동 250-61,,CDFH3301082001000003,3060000,사립,서울특별시 중랑구 동일로143길 22 (묵동),,03,폐업,,,
,,왕당구장,2015-04-22,,208628.324189314,455294.577026522,당구장업,2026-04-05 23:08:16,I,03,폐업,,2015-07-31 15:43:34,,2001-02-02,131-810,,서울특별시 중랑구 망우동 488-16,,CDFH3301082001000004,3060000,사립,서울특별시 중랑구 용마산로117길 35 (망우동),,03,폐업,,,
,,두레,2006-01-24,,208110.514344075,453312.208553376,당구장업,2026-04-05 23:08:16,I,03,폐업,,2011-11-02 15:41:27,,2001-02-19,131-813,,서울특별시 중랑구 면목동 449-11,,CDFH3301082001000005,3060000,사립,서울특별시 중랑구 면목로44바길 23 (면목동),,03,폐업,,,22073008
,,오성당구장,2005-01-31,,208134.41096144,454744.690562068,당구장업,2026-04-05 23:08:16,I,03,폐업,,2011-11-02 15:18:41,,2001-03-07,131-859,,서울특별시 중랑구 상봉동 84-41,,CDFH3301082001000006,3060000,사립,서울특별시 중랑구 상봉로 101 (상봉동),,03,폐업,,,
,,삼영당구장,2005-10-05,,208475.908140543,455925.040626746,당구장업,2026-04-05 23:08:17,I,03,폐업,,2011-11-02 15:16:55,,2001-03-09,131-866,,서울특별시 중랑구 신내동 587-4,,CDFH3301082001000007,3060000,사립,서울특별시 중랑구 신내로14길 22 (신내동),,03,폐업,,,34213416
0,0,한울당구장,2001-06-11,,,,당구장업,2026-04-05 23:08:17,I,03,폐업,,2011-11-02 15:03:51,,2001-03-09,131-834,,서울특별시 중랑구 면목동 525-2 23통5반,,CDFH3301082001000008,3060000,사립,서울특별시 중랑구 용마산로62길 7 (면목동),,03,폐업,,,
,,비트 당구클럽,2015-07-20,,206794.450800258,455362.756917348,당구장업,2026-04-05 23:08:17,I,03,폐업,,2015-07-31 15:21:38,,2001-03-13,131-881,,서울특별시 중랑구 중화동 312-20,,CDFH3301082001000009,3060000,사립,서울특별시 중랑구 중랑역로 79 (중화동),,03,폐업,,,
0,0,현대당구장,2001-12-20,,208547.802088779,454331.197631621,당구장업,2026-04-05 23:08:17,I,03,폐업,,2003-04-18 17:00:57,,2001-03-28,131-807,0,서울특별시 중랑구 망우동 531-3,,CDFH3301082001000011,3060000,사립,서울특별시 중랑구 용마산로 447  (망우동),,03,폐업,,,
0,0,된장당구장,2001-11-26,,208121.639509233,453032.017340633,당구장업,2026-04-05 23:08:17,I,03,폐업,,2011-11-02 14:47:37,,2001-06-13,131-834,,서울특별시 중랑구 면목동 527-7,,CDFH3301082001000012,3060000,사립,서울특별시 중랑구 용마산로 310 (면목동),,03,폐업,,,
0,0,한판당구장,2003-04-01,,208514.063189354,454141.810512176,당구장업,2026-04-05 23:08:17,I,03,폐업,,2011-11-02 14:45:11,,2001-07-04,131-811,,서울특별시 중랑구 면목동 17-33,,CDFH3301082001000013,3060000,사립,서울특별시 중랑구 용마산로 428 (면목동),,03,폐업,,,22084667
,,용마당구장,2005-09-21,,,,당구장업,2026-04-05 23:08:17,I,03,폐업,,2011-11-02 14:38:00,,2001-09-24,131-833,,서울특별시 중랑구 면목동 1084-9,,CDFH3301082001000015,3060000,사립,서울특별시 중랑구 용마산로 320-1 (면목동),,03,폐업,,,
,,현대당구장,2004-11-30,,208412.441919873,456129.89632238,당구장업,2026-04-05 23:08:17,I,03,폐업,,2011-11-02 14:34:07,,2001-10-22,131-782,,서울특별시 중랑구 신내동 613-81 지하,,CDFH3301082001000016,3060000,사립,서울특별시 중랑구 봉화산로 209 (신내동),,03,폐업,,,
,,당구나라,2005-04-08,,207729.175659582,453342.232542102,당구장업,2026-04-05 23:08:17,I,03,폐업,,2011-11-02 14:30:23,,2001-11-12,131-831,,서울특별시 중랑구 면목동 497-7,,CDFH3301082001000017,3060000,사립,서울특별시 중랑구 면목로 341 (면목동),,03,폐업,,,
,,큐 24시 당구장,2021-04-26,,208765.034096176,455309.437980638,당구장업,2026-04-05 23:08:17,I,03,폐업,,2021-04-26 17:19:10,,2001-11-27,131-810,,서울특별시 중랑구 망우동 487-2,,CDFH3301082001000018,3060000,사립,서울특별시 중랑구 망우로 431 (망우동),02072,03,폐업,,,22090992
,,꿀꿀꿀당구장,2003-12-30,,207554.956960389,453143.983101414,당구장업,2026-04-05 23:08:17,I,03,폐업,,2011-11-02 11:09:23,,2001-12-06,131-828,,서울특별시 중랑구 면목동 637-5,,CDFH3301082001000019,3060000,사립,서울특별시 중랑구 사가정로50길 6 (면목동),,03,폐업,,,
0,0,킹콩당구클럽,2002-12-02,,208508.02689248,454127.818163908,당구장업,2026-04-05 23:08:17,I,03,폐업,,2011-11-02 11:07:43,,2001-12-07,131-811,,서울특별시 중랑구 면목동 17-34,,CDFH3301082001000020,3060000,사립,서울특별시 중랑구 용마산로 426 (면목동),,03,폐업,,,22076264
,,동아리당구장,2017-04-19,,208498.171507529,453941.010673716,당구장업,2026-04-05 23:08:17,I,03,폐업,,2017-04-19 17:02:53,,2001-12-13,131-811,,서울특별시 중랑구 면목동 14-58 (지층),,CDFH3301082001000021,3060000,사립,서울특별시 중랑구 용마산로90길 15 (면목동),02191,03,폐업,,,
,,아름당구장,2015-07-20,,206809.202557298,455255.069407343,당구장업,2026-04-05 23:08:18,I,03,폐업,,2015-07-31 15:20:39,,2002-01-14,131-881,,서울특별시 중랑구 중화동 312-42,,CDFH3301082002000001,3060000,사립,서울특별시 중랑구 중랑역로 69 (중화동),,03,폐업,,,
,,허리우드,2005-01-06,,207464.252076716,452865.795443614,당구장업,2026-04-05 23:08:18,I,03,폐업,,2011-11-01 18:10:27,,2002-02-07,131-827,,서울특별시 중랑구 면목동 353-55,,CDFH3301082002000002,3060000,사립,서울특별시 중랑구 면목로35길 9 (면목동),,03,폐업,,,
,,와와당구클럽,2004-07-21,,206770.198958064,454469.975346689,당구장업,2026-04-05 23:08:18,I,03,폐업,,2011-11-01 18:08:21,,2002-02-22,131-823,,서울특별시 중랑구 면목동 184-11,,CDFH3301082002000003,3060000,사립,서울특별시 중랑구 중랑천로10길 80 (면목동),,03,폐업,,,
,,두손당구클럽,2003-11-19,,206597.593516148,454573.226449901,당구장업,2026-04-05 23:08:18,I,03,폐업,,2011-11-01 18:06:39,,2002-02-27,131-861,,서울특별시 중랑구 상봉동 130-166,,CDFH3301082002000004,3060000,사립,서울특별시 중랑구 망우로 202 (상봉동),,03,폐업,,,
,,드림당구클럽,2007-11-27,,207613.845872319,454128.450084891,당구장업,2026-04-05 23:08:18,I,03,폐업,,2011-11-01 18:04:36,,2002-03-26,131-816,,서울특별시 중랑구 면목동 126-7 지하1층,,CDFH3301082002000005,3060000,사립,서울특별시 중랑구 면목로 417 (면목동),,03,폐업,,,
,,삼거리당구장,2019-02-11,,206820.636107715,456616.148574207,당구장업,2026-04-05 23:08:18,I,03,폐업,,2019-05-07 10:16:24,,2002-03-29,131-848,,서울특별시 중랑구 묵동 176-23,,CDFH3301082002000006,3060000,사립,서울특별시 중랑구 공릉로 12 (묵동),02037,03,폐업,,,
,,로얄당구클럽,2004-10-20,,207735.456233727,454057.837624796,당구장업,2026-04-05 23:08:18,I,03,폐업,,2011-11-01 17:40:05,,2002-04-09,131-816,,서울특별시 중랑구 면목동 102-51 (2층),,CDFH3301082002000008,3060000,사립,서울특별시 중랑구 겸재로 187 (면목동),,03,폐업,,,
,,클릭당구장,2015-11-04,,207526.064490545,452792.493200149,당구장업,2026-04-05 23:08:18,I,03,폐업,,2015-11-04 14:49:01,,2002-04-11,131-827,,서울특별시 중랑구 면목동 354-2,,CDFH3301082002000009,3060000,사립,서울특별시 중랑구 면목로 276 (면목동),02252,03,폐업,,,
,,에이스당구장,2017-04-19,,208534.770432431,455851.992916626,당구장업,2026-04-05 23:08:18,I,03,폐업,,2017-04-19 17:04:45,,2002-04-25,131-868,,서울특별시 중랑구 신내동 461-1,,CDFH3301082002000012,3060000,사립,서울특별시 중랑구 봉화산로56길 90 (신내동),02069,03,폐업,,,
,,당구치네,2006-04-19,,207617.179168072,454085.603460975,당구장업,2026-04-05 23:08:18,I,03,폐업,,2011-11-01 18:20:19,,2002-05-06,131-816,,서울특별시 중랑구 면목동 126-39,,CDFH3301082002000014,3060000,사립,서울특별시 중랑구 면목로 415 (면목동),,03,폐업,,,
,,한일,2020-01-03,,208235.327579195,454200.383581749,당구장업,2026-04-05 23:08:18,I,03,폐업,,2020-01-03 10:43:29,,2002-05-14,131-807,,서울특별시 중랑구 망우동 525-5 36,,CDFH3301082002000015,3060000,사립,서울특별시 중랑구 겸재로 237 (망우동),02175,03,폐업,,,22085856
,264,삼성당구장,2021-08-19,,206745.3156041,454434.614373964,당구장업,2026-04-05 23:08:19,I,03,폐업,,2021-08-23 14:04:01,,2002-05-17,131-823,,서울특별시 중랑구 면목동 184-13,,CDFH3301082002000016,3060000,사립,서울특별시 중랑구 망우로32길 37 (면목동),02124,03,폐업,,,02-2214-9372
,,새서울,2002-11-12,,206362.887474565,454610.573703174,당구장업,2026-04-05 23:08:19,I,03,폐업,,2011-11-01 17:23:12,,2002-07-16,131-878,,서울특별시 중랑구 중화동 209-10,,CDFH3301082002000018,3060000,사립,서울특별시 중랑구 중랑천로 94 (중화동),,03,폐업,,,
,,우리당구클럽,2005-02-20,,209083.646196172,455380.068728154,당구장업,2026-04-05 23:08:19,I,03,폐업,,2011-11-01 17:20:20,,2002-08-21,131-802,,서울특별시 중랑구 망우동 209-8,,CDFH3301082002000020,3060000,사립,서울특별시 중랑구 망우로 463 (망우동),,03,폐업,,,
,,팡팡,2005-09-30,,206807.690776656,454279.576512807,당구장업,2026-04-05 23:08:19,I,03,폐업,,2011-11-01 17:18:44,,2002-08-26,131-823,,서울특별시 중랑구 면목동 183-24 (3층),,CDFH3301082002000021,3060000,사립,서울특별시 중랑구 봉우재로 41 (면목동),,03,폐업,,,
0,0,요요당구나라,2003-04-09,,206582.639595107,456754.488552522,당구장업,2026-04-05 23:08:20,I,03,폐업,,2011-11-01 17:16:10,,2002-09-09,131-851,,서울특별시 중랑구 묵동 237-101,,CDFH3301082002000023,3060000,사립,서울특별시 중랑구 중랑역로 221 (묵동),,03,폐업,,,
,,한큐당구장,2015-06-08,,206751.863318277,453945.91883425,당구장업,2026-04-05 23:08:20,I,03,폐업,,2015-06-08 13:43:46,,2002-10-08,131-820,,서울특별시 중랑구 면목동 177-36,,CDFH3301082002000024,3060000,사립,서울특별시 중랑구 동일로99길 47 (면목동),,03,폐업,,,
,,당구나라,2004-06-28,,207047.664753816,453862.007332981,당구장업,2026-04-05 23:08:20,I,03,폐업,,2011-11-01 17:12:44,,2002-10-14,131-820,,서울특별시 중랑구 면목동 147-6,,CDFH3301082002000025,3060000,사립,서울특별시 중랑구 겸재로 115 (면목동),,03,폐업,,,
,,구슬모아,2013-09-27,,206345.47354923,454460.821850917,당구장업,2026-04-05 23:08:20,I,03,폐업,,2013-09-30 13:50:18,,2002-10-14,131-861,,서울특별시 중랑구 상봉동 137-16,,CDFH3301082002000026,3060000,사립,서울특별시 중랑구 중랑천로 81 (상봉동),,03,폐업,,,
,,킹당구장,2013-12-17,,207139.47493684,457250.150407813,당구장업,2026-04-05 23:08:20,I,03,폐업,,2013-12-27 17:29:22,,2002-10-21,131-847,,서울특별시 중랑구 묵동 156-2,,CDFH3301082002000027,3060000,사립,서울특별시 중랑구 공릉로12가길 41 (묵동),,03,폐업,,,
,,노벨당구장,2003-07-29,,209394.785345905,455433.295131848,당구장업,2026-04-05 23:08:20,I,03,폐업,,2011-11-01 17:07:46,,2002-10-24,131-802,,서울특별시 중랑구 망우동 146-18,,CDFH3301082002000028,3060000,사립,서울특별시 중랑구 용마산로118길 119 (망우동),,03,폐업,,,
,,지프,2006-05-01,,208555.355763272,454237.01753823,당구장업,2026-04-05 23:08:21,I,03,폐업,,2011-11-01 17:05:47,,2002-11-05,131-811,,서울특별시 중랑구 면목동 17-1,,CDFH3301082002000029,3060000,사립,서울특별시 중랑구 용마산로 440 (면목동),,03,폐업,,,
,,케이원,2022-02-10,,207690.424463259,453262.932557853,당구장업,2026-04-05 23:08:21,I,03,폐업,,2022-02-10 10:10:33,,2003-01-28,131-831,,서울특별시 중랑구 면목동 601-2,,CDFH3301082003000002,3060000,사립,서울특별시 중랑구 면목로45길 11 (면목동),02228,03,폐업,,,
,,한큐 당구장,2024-07-24,,208005.301421628,453321.196767292,당구장업,2026-04-05 23:08:21,I,03,폐업,,2025-01-22 12:37:01,,2003-02-12,131-813,,서울특별시 중랑구 면목동 454-23,,CDFH3301082003000003,3060000,사립,서울특별시 중랑구 면목로48길 49 (면목동),02211,03,폐업,,,
,,마스터당구장,2011-03-24,,,,당구장업,2026-04-05 23:08:21,I,03,폐업,,2011-11-01 16:47:33,,2003-02-17,131-822,,서울특별시 중랑구 면목동 171-44 23통1반 2층,,CDFH3301082003000005,3060000,사립,서울특별시 중랑구 동일로 581 (면목동),,03,폐업,,,
,,로또당구장,2008-02-11,,207249.321744234,454791.25900876,당구장업,2026-04-05 23:08:22,I,03,폐업,,2011-11-01 16:40:25,,2003-03-10,131-860,,서울특별시 중랑구 상봉동 115-21,,CDFH3301082003000008,3060000,사립,서울특별시 중랑구 망우로 272 (상봉동),,03,폐업,,,
,,sbs당구장,2004-04-30,,206694.052784096,457058.833608079,당구장업,2026-04-05 23:08:22,I,03,폐업,,2011-11-01 14:56:50,,2003-03-14,131-848,,서울특별시 중랑구 묵동 168-18,,CDFH3301082003000009,3060000,사립,서울특별시 중랑구 중랑역로 257 (묵동),,03,폐업,,,
,,둘리당구장,2004-03-24,,206492.087474895,454508.605124002,당구장업,2026-04-05 23:08:22,I,03,폐업,,2011-11-01 14:52:39,,2003-03-20,131-861,,서울특별시 중랑구 상봉동 136-50 301호,,CDFH3301082003000010,3060000,사립,서울특별시 중랑구 망우로30길 8 (상봉동),,03,폐업,,,
,,통일당구장,2004-11-15,,206740.907167416,454334.486378883,당구장업,2026-04-05 23:08:23,I,03,폐업,,2011-11-01 14:50:31,,2003-03-21,131-823,,서울특별시 중랑구 면목동 182-1,,CDFH3301082003000011,3060000,사립,서울특별시 중랑구 동일로109길 55 (면목동),,03,폐업,,,
,,yellow당구장,2005-03-14,,207625.897326069,455497.281827964,당구장업,2026-04-05 23:08:23,I,03,폐업,,2011-11-01 14:47:19,,2003-03-21,131-862,,서울특별시 중랑구 상봉동 216-0,,CDFH3301082003000012,3060000,사립,서울특별시 중랑구 상봉중앙로 51 (상봉동),,03,폐업,,,
,,에이스당구장,2006-10-13,,206897.239901889,456993.849504824,당구장업,2026-04-05 23:08:23,I,03,폐업,,2011-11-01 14:45:28,,2003-03-24,131-848,,서울특별시 중랑구 묵동 294-6,,CDFH3301082003000013,3060000,사립,서울특별시 중랑구 공릉로 50-3 (묵동),,03,폐업,,,
,,장원당구장,2006-05-08,,208641.396438879,455187.101947546,당구장업,2026-04-05 23:08:23,I,03,폐업,,2011-11-01 14:43:33,,2003-03-26,131-810,,서울특별시 중랑구 망우동 470-6,,CDFH3301082003000014,3060000,사립,서울특별시 중랑구 용마산로115길 30 (망우동),,03,폐업,,,22073091
,,한게임 당구장,2015-03-26,,206724.6865899,455830.304660997,당구장업,2026-04-05 23:08:24,I,03,폐업,,2015-03-26 11:22:07,,2003-08-21,131-882,,서울특별시 중랑구 중화동 308-93,,CDFH3301082003000016,3060000,사립,서울특별시 중랑구 중랑역로 127 (중화동),,03,폐업,,,
,,골드 당구장,2020-01-03,,207858.580058792,453339.643188571,당구장업,2026-04-05 23:08:24,I,03,폐업,,2020-01-03 10:37:51,,2003-10-06,131-813,,서울특별시 중랑구 면목동 458-49,,CDFH3301082003000018,3060000,사립,서울특별시 중랑구 면목로44가길 27 (면목동),02210,03,폐업,,,22076545
,183,블루당구장,2004-12-13,,206882.954067277,456658.592752196,당구장업,2026-04-05 23:08:24,I,03,폐업,,2011-11-01 11:11:15,,2003-10-17,131-848,,서울특별시 중랑구 묵동 173-7,,CDFH3301082003000020,3060000,사립,서울특별시 중랑구 공릉로2길 13 (묵동),,03,폐업,,,02-3296-4540
,204,프로 당구장,2004-12-20,,207520.25127028,452919.351420943,당구장업,2026-04-05 23:08:25,I,03,폐업,,2011-11-01 11:06:47,,2003-12-09,131-828,,서울특별시 중랑구 면목동 632-6,,CDFH3301082003000022,3060000,사립,서울특별시 중랑구 면목로 287 (면목동),,03,폐업,,,
,108,소리나당구장,2005-02-15,,207870.434093971,454807.934645678,당구장업,2026-04-05 23:08:25,I,03,폐업,,2011-11-01 11:02:16,,2003-12-29,131-859,,서울특별시 중랑구 상봉동 88-49,,CDFH3301082003000024,3060000,사립,서울특별시 중랑구 봉우재로33길 86 (상봉동),,03,폐업,,,
,164,사가정당구장,2014-03-20,,207786.999503722,453185.947530434,당구장업,2026-04-05 23:08:25,I,03,폐업,,2014-03-20 22:33:44,,2004-03-03,131-813,,서울특별시 중랑구 면목동 473-8,,CDFH3301082004000001,3060000,사립,서울특별시 중랑구 사가정로53길 5 (면목동),,03,폐업,,,
,,에이스당구장,2010-08-06,,208416.446511424,454037.596679156,당구장업,2026-04-05 23:08:26,I,03,폐업,,2011-11-01 10:43:20,,2004-05-12,131-811,,서울특별시 중랑구 면목동 20-40,,CDFH3301082004000003,3060000,사립,서울특별시 중랑구 용마산로 415 (면목동),,03,폐업,,,
,,케이투당구장,2005-09-02,,207530.687243099,452649.921914721,당구장업,2026-04-05 23:08:27,I,03,폐업,,2011-11-01 10:31:17,,2004-05-27,131-829,,서울특별시 중랑구 면목동 367-5,,CDFH3301082004000008,3060000,사립,서울특별시 중랑구 면목로 262 (면목동),,03,폐업,,,
,,뽀글이당구장,2005-06-29,,208029.721221607,453227.420512291,당구장업,2026-04-05 23:08:27,I,03,폐업,,2011-11-01 10:26:15,,2004-06-16,131-813,,서울특별시 중랑구 면목동 449-51,,CDFH3301082004000011,3060000,사립,서울특별시 중랑구 면목로44라길 8-2 (면목동),,03,폐업,,,
,,포커스당구장,2005-07-30,,207344.833499362,452218.427242593,당구장업,2026-04-05 23:08:28,I,03,폐업,,2011-11-01 10:23:12,,2004-06-18,131-829,,서울특별시 중랑구 면목동 392-20,,CDFH3301082004000012,3060000,사립,서울특별시 중랑구 면목로 216 (면목동),,03,폐업,,,
,,서일당구장,2012-01-20,,208453.404896461,453934.391719142,당구장업,2026-04-05 23:08:28,I,03,폐업,,2012-01-26 11:26:46,,2004-07-02,131-812,,서울특별시 중랑구 면목동 51-19,,CDFH3301082004000013,3060000,사립,서울특별시 중랑구 용마산로90길 10 (면목동),,03,폐업,,,
,,지프당구장,2004-07-29,,208555.355763272,454237.01753823,당구장업,2026-04-05 23:08:28,I,03,폐업,,2011-11-01 10:18:17,,2004-07-29,131-811,,서울특별시 중랑구 면목동 17-1,,CDFH3301082004000015,3060000,사립,서울특별시 중랑구 용마산로 440 (면목동),,03,폐업,,,
,131,SBS당구장,2005-11-14,,208008.082257144,454135.357006999,당구장업,2026-04-05 23:08:28,I,03,폐업,,2011-11-01 10:15:49,,2004-08-10,131-816,,서울특별시 중랑구 면목동 103-18,,CDFH3301082004000016,3060000,사립,서울특별시 중랑구 동일로102길 58 (면목동),,03,폐업,,,
,,둘리당구장,2012-02-15,,206492.087474895,454508.605124002,당구장업,2026-04-05 23:08:28,I,03,폐업,,2012-02-15 17:35:19,,2004-09-03,131-861,,서울특별시 중랑구 상봉동 136-50,,CDFH3301082004000017,3060000,사립,서울특별시 중랑구 망우로30길 8 (상봉동),,03,폐업,,,
,,VIP당구장,2015-07-08,,206821.386432109,455910.907727098,당구장업,2026-04-05 23:08:29,I,03,폐업,,2015-07-31 15:26:04,,2004-10-26,131-853,,서울특별시 중랑구 묵동 250-52,,CDFH3301082004000018,3060000,사립,서울특별시 중랑구 동일로143길 10 (묵동),,03,폐업,,,
,,삼구 당구장,2006-06-07,,207878.490686414,454610.643727605,당구장업,2026-04-05 23:08:29,I,03,폐업,,2011-11-01 08:54:19,,2005-03-02,131-859,,서울특별시 중랑구 상봉동 87-27,,CDFH3301082005000002,3060000,사립,서울특별시 중랑구 봉우재로 155 (상봉동),,03,폐업,,,
,146,나라 당구장,2010-11-17,,,,당구장업,2026-04-05 23:08:30,I,03,폐업,,2010-11-18 10:41:32,,2005-04-19,131-867,,서울특별시 중랑구 신내동 613-18 지하1층,,CDFH3301082005000007,3060000,사립,,,03,폐업,,,02-3422-6907
,167,지노 당구장,2019-07-02,,206642.106220361,454596.860829791,당구장업,2026-04-05 23:08:31,I,03,폐업,,2019-07-02 09:42:11,,2005-12-02,131-861,,서울특별시 중랑구 상봉동 130-135 (3층),,CDFH3301082005000011,3060000,사립,서울특별시 중랑구 망우로 210 (상봉동),02120,03,폐업,,,
,143,면목당구장,2006-09-15,,207703.81079284,454049.274671213,당구장업,2026-04-05 23:08:31,I,03,폐업,,2011-10-30 16:22:56,,2006-01-24,131-816,,서울특별시 중랑구 면목동 102-18 (지층),,CDFH3301082006000002,3060000,사립,서울특별시 중랑구 겸재로 185 (면목동),,03,폐업,,,
,218,딱구 당구클럽,2017-05-29,,206747.044328817,456606.392648931,당구장업,2026-04-05 23:08:32,I,03,폐업,,2017-05-29 14:06:41,,2006-03-03,131-852,,서울특별시 중랑구 묵동 239-1 (3층),,CDFH3301082006000003,3060000,사립,서울특별시 중랑구 동일로 911 (묵동),02006,03,폐업,,,02-971-7703
,128,대한당구클럽,2015-05-12,,207807.657649212,454906.600906178,당구장업,2026-04-05 23:08:32,I,03,폐업,,2015-07-31 15:36:55,,2006-04-25,131-859,,서울특별시 중랑구 상봉동 89-1 (4층),,CDFH3301082006000006,3060000,사립,서울특별시 중랑구 망우로50길 15 (상봉동),,03,폐업,,,
,160,성한 당구장,2006-10-30,,206964.961393767,453858.621709541,당구장업,2026-04-05 23:08:32,I,03,폐업,,2011-10-30 16:18:09,,2006-06-09,131-820,,서울특별시 중랑구 면목동 176-123 (2층),,CDFH3301082006000007,3060000,사립,서울특별시 중랑구 동일로 633 (면목동),,03,폐업,,,
,,큐 당구장,2023-07-18,,206643.792238808,456652.458176141,당구장업,2026-04-05 23:08:33,I,03,폐업,,2023-07-19 11:08:47,,2006-09-25,131-851,,서울특별시 중랑구 묵동 238-122,,CDFH3301082006000008,3060000,사립,서울특별시 중랑구 동일로163길 22 (묵동),02005,03,폐업,,,
,,다이아몬드 당구클럽,2016-04-04,,206879.949428237,455451.570535491,당구장업,2026-04-05 23:08:33,I,03,폐업,,2016-04-04 18:02:55,,2006-12-07,131-881,,서울특별시 중랑구 중화동 303-54,,CDFH3301082006000010,3060000,사립,서울특별시 중랑구 봉화산로 40 (중화동),02102,03,폐업,,,
,,금호당구장,2016-04-01,,209447.332233451,455386.369635939,당구장업,2026-04-05 23:08:33,I,03,폐업,,2019-04-10 13:51:59,,2006-12-15,131-802,,서울특별시 중랑구 망우동 135-5,,CDFH3301082006000011,3060000,사립,서울특별시 중랑구 망우로 499 (망우동),,03,폐업,,,
,,지호 당구클럽,2017-04-28,,208534.948049903,454302.461964671,당구장업,2026-04-05 23:08:33,I,03,폐업,,2017-04-28 13:41:15,,2007-03-20,131-807,,서울특별시 중랑구 망우동 531-15,,CDFH3301082007000001,3060000,사립,서울특별시 중랑구 용마산로 443 (망우동),02175,03,폐업,,,
,,신일당구장,2019-07-02,,206624.280520688,454591.094674427,당구장업,2026-04-05 23:08:33,I,03,폐업,,2019-07-02 09:41:27,,2007-04-04,131-861,,서울특별시 중랑구 상봉동 130-146,,CDFH3301082007000002,3060000,사립,서울특별시 중랑구 망우로 206 (상봉동),02120,03,폐업,,,
,,SBS 당구클럽,2024-04-30,,207095.043308103,452454.938575965,당구장업,2026-04-05 23:08:33,I,03,폐업,,2024-04-30 15:01:43,,2007-04-05,131-830,,서울특별시 중랑구 면목동 376-4,,CDFH3301082007000003,3060000,사립,서울특별시 중랑구 면목로27길 80  (면목동),,03,폐업,,,60851125
,,매니아당구클럽,2011-05-24,,208490.902419723,455144.550676291,당구장업,2026-04-05 23:08:34,I,03,폐업,,2011-10-30 16:07:18,,2007-04-17,131-810,,서울특별시 중랑구 망우동 490-26,,CDFH3301082007000005,3060000,사립,서울특별시 중랑구 용마산로115길 60 (망우동),,03,폐업,,,
,,스타 당구장,2020-02-11,,206964.961393767,453858.621709541,당구장업,2026-04-05 23:08:34,I,03,폐업,,2020-02-11 13:30:45,,2007-05-15,131-820,,서울특별시 중랑구 면목동 176-123,,CDFH3301082007000006,3060000,사립,서울특별시 중랑구 동일로 633 (면목동),02135,03,폐업,,,
,,킹 당구장,2020-03-04,,207231.299357379,454784.313223885,당구장업,2026-04-05 23:08:34,I,03,폐업,,2020-03-04 16:50:52,,2007-05-15,131-860,,서울특별시 중랑구 상봉동 118,,CDFH3301082007000007,3060000,사립,서울특별시 중랑구 망우로 270 (상봉동),02136,03,폐업,,,
0,0,I.B.S당구장,1998-10-15,,206770.198958064,454469.975346689,당구장업,2026-04-05 23:08:07,I,03,폐업,,2011-11-03 14:37:00,,1998-04-15,131-823,,서울특별시 중랑구 면목동 184-11,,CDFH3301081998000028,3060000,사립,서울특별시 중랑구 중랑천로10길 80 (면목동),,03,폐업,,,
0,0,프라자,2000-05-29,,208089.958475043,454752.106057457,당구장업,2026-04-05 23:08:07,I,03,폐업,,2011-11-03 09:23:44,,1998-04-20,131-859,,서울특별시 중랑구 상봉동 84-1,,CDFH3301081998000029,3060000,사립,서울특별시 중랑구 상봉로25길 9 (상봉동),,03,폐업,,,
0,0,월드,1999-11-29,,208533.165197782,454186.696918605,당구장업,2026-04-05 23:08:07,I,03,폐업,,2011-11-03 09:22:42,,1998-05-08,131-811,,서울특별시 중랑구 면목동 17-31,,CDFH3301081998000030,3060000,사립,서울특별시 중랑구 용마산로 434 (면목동),,03,폐업,,,
0,0,히트,2000-06-15,,207696.61097229,453820.440239348,당구장업,2026-04-05 23:08:07,I,03,폐업,,2011-11-03 09:20:31,,1998-05-11,131-818,,서울특별시 중랑구 면목동 505-20,,CDFH3301081998000031,3060000,사립,서울특별시 중랑구 면목로 387 (면목동),,03,폐업,,,
0,0,NBA,2001-03-05,,207688.518769982,453291.972058157,당구장업,2026-04-05 23:08:08,I,03,폐업,,2011-11-03 09:19:29,,1998-05-12,131-831,,서울특별시 중랑구 면목동 596-4,,CDFH3301081998000032,3060000,사립,서울특별시 중랑구 사가정로51길 21 (면목동),,03,폐업,,,
0,0,우정당구클럽,1998-09-14,,207008.169616831,453760.135263113,당구장업,2026-04-05 23:08:08,I,03,폐업,,2011-11-03 09:18:22,,1998-06-08,131-821,,서울특별시 중랑구 면목동 151-21,,CDFH3301081998000033,3060000,사립,서울특별시 중랑구 동일로 624 (면목동),,03,폐업,,,
0,0,제일,1999-07-23,,208622.914907316,455181.852746991,당구장업,2026-04-05 23:08:08,I,03,폐업,,2011-11-03 09:17:04,,1998-06-08,131-810,,서울특별시 중랑구 망우동 470-21,,CDFH3301081998000034,3060000,사립,서울특별시 중랑구 용마산로115길 34 (망우동),,03,폐업,,,
0,0,산수,2000-05-29,,208288.176379781,455174.266306862,당구장업,2026-04-05 23:08:08,I,03,폐업,,2011-11-03 09:15:57,,1998-06-11,131-857,,서울특별시 중랑구 상봉동 74-5,,CDFH3301081998000035,3060000,사립,서울특별시 중랑구 망우로 381 (상봉동),,03,폐업,,,
,,공간당구장,2015-04-08,,209210.830664866,455338.56819019,당구장업,2026-04-05 23:08:08,I,03,폐업,,2015-07-31 15:48:07,,1998-06-13,131-802,,서울특별시 중랑구 망우동 149-17,,CDFH3301081998000036,3060000,사립,서울특별시 중랑구 망우로 476 (망우동),,03,폐업,,,
0,0,스카이,2001-06-02,,207748.076646295,452551.742749755,당구장업,2026-04-05 23:08:09,I,03,폐업,,2011-11-03 09:10:28,,1998-06-16,131-842,,서울특별시 중랑구 면목동 1502-2,,CDFH3301081998000037,3060000,사립,서울특별시 중랑구 용마산로 248 (면목동),,03,폐업,,,
0,0,캡틴당구장,2000-10-20,,208710.999003678,455228.776354943,당구장업,2026-04-05 23:08:09,I,03,폐업,,2011-11-03 09:06:49,,1998-06-29,131-810,,서울특별시 중랑구 망우동 470-1,,CDFH3301081998000038,3060000,사립,서울특별시 중랑구 망우로 426 (망우동),,03,폐업,,,
0,0,썬당구장,1999-04-29,,207229.867839824,452841.395493848,당구장업,2026-04-05 23:08:09,I,03,폐업,,2011-11-03 09:13:56,,1998-07-03,131-827,,서울특별시 중랑구 면목동 668-8,,CDFH3301081998000039,3060000,사립,서울특별시 중랑구 사가정로46길 81 (면목동),,03,폐업,,,
0,0,현대,2000-07-07,,208148.172900185,454562.174614843,당구장업,2026-04-05 23:08:09,I,03,폐업,,2011-11-03 09:12:53,,1998-07-15,131-817,,서울특별시 중랑구 면목동 89-33,,CDFH3301081998000040,3060000,사립,서울특별시 중랑구 상봉로 83 (면목동),,03,폐업,,,
0,0,성심당구장,1999-07-22,,207707.096846213,453797.461059192,당구장업,2026-04-05 23:08:09,I,03,폐업,,2011-11-03 09:12:04,,1998-07-15,131-818,,서울특별시 중랑구 면목동 504-1,,CDFH3301081998000041,3060000,사립,서울특별시 중랑구 면목로 385 (면목동),,03,폐업,,,
,,K2당구클럽,2004-11-15,,207127.248690386,454350.176433371,당구장업,2026-04-05 23:08:10,I,03,폐업,,2011-11-03 09:11:11,,1998-07-20,131-819,,서울특별시 중랑구 면목동 134-5,,CDFH3301081998000042,3060000,사립,서울특별시 중랑구 봉우재로 76 (면목동),,03,폐업,,,
0,0,상아,2000-07-18,,206712.86541662,455898.280330284,당구장업,2026-04-05 23:08:10,I,03,폐업,,2011-11-03 09:09:27,,1998-08-19,131-853,,서울특별시 중랑구 묵동 249-106,,CDFH3301081998000043,3060000,사립,서울특별시 중랑구 중랑역로 133 (묵동),,03,폐업,,,
0,0,크라운당구장,1999-07-14,,206626.002109911,456390.552616269,당구장업,2026-04-05 23:08:10,I,03,폐업,,2011-11-03 09:08:42,,1998-08-19,131-852,,서울특별시 중랑구 묵동 240-47,,CDFH3301081998000044,3060000,사립,서울특별시 중랑구 동일로157길 32 (묵동),,03,폐업,,,
0,0,빅맨,2000-02-19,,208050.642039729,454069.231098993,당구장업,2026-04-05 23:08:11,I,03,폐업,,2011-11-03 09:07:46,,1998-09-10,131-815,,서울특별시 중랑구 면목동 72-58,,CDFH3301081998000045,3060000,사립,서울특별시 중랑구 겸재로54길 9 (면목동),,03,폐업,,,
,,하트당구장,2020-01-03,,208049.732803958,453992.254395867,당구장업,2026-04-05 23:08:11,I,03,폐업,,2020-01-03 10:44:16,,1998-09-18,131-815,,서울특별시 중랑구 면목동 70-67,,CDFH3301081998000046,3060000,사립,서울특별시 중랑구 겸재로54길 21 (면목동),02202,03,폐업,,,
0,0,왕당구장,1999-11-02,,208167.021532102,454062.858607248,당구장업,2026-04-05 23:08:11,I,03,폐업,,2011-11-03 09:04:54,,1998-09-26,131-815,,서울특별시 중랑구 면목동 71-23,,CDFH3301081998000047,3060000,사립,서울특별시 중랑구 겸재로50길 52 (면목동),,03,폐업,,,
,,우래당구장,2007-06-08,,207659.410008159,453148.691059586,당구장업,2026-04-05 23:08:11,I,03,폐업,0,2008-01-24 15:49:42,,1998-10-12,131-828,,서울특별시 중랑구 면목동 636-17,,CDFH3301081998000048,3060000,사립,,,03,폐업,,,
0,0,궁전당구장,1999-12-09,,207344.966236032,453109.757746478,당구장업,2026-04-05 23:08:11,I,03,폐업,,2003-04-18 17:00:57,,1998-11-12,131-827,0,서울특별시 중랑구 면목동 652-35,,CDFH3301081998000050,3060000,사립,서울특별시 중랑구 사가정로42길 19  (면목동),,03,폐업,,,
0,0,캘럭시당구클럽,1999-09-15,,208197.293509648,454433.344133065,당구장업,2026-04-05 23:08:11,I,03,폐업,,2011-11-03 08:52:38,,1998-11-18,131-807,,서울특별시 중랑구 망우동 522-37,,CDFH3301081998000052,3060000,사립,서울특별시 중랑구 상봉로 72 (망우동),,03,폐업,,,34231736
,,일신당구장,2008-04-15,,207347.975350378,454485.779444694,당구장업,2026-04-05 23:08:11,I,03,폐업,,2011-11-03 08:51:20,,1998-12-11,131-860,,서울특별시 중랑구 상봉동 109-53,,CDFH3301081998000053,3060000,사립,서울특별시 중랑구 봉우재로25길 8 (상봉동),,03,폐업,,,
0,0,승일,2001-11-09,,,,당구장업,2026-04-05 23:08:11,I,03,폐업,,2011-11-02 21:09:22,,1998-12-23,131-803,,서울특별시 중랑구 망우동 340-18,,CDFH3301081998000054,3060000,사립,서울특별시 중랑구 용마산로118길 14 (망우동),,03,폐업,,,
,,왕당구장,2008-08-25,,207396.978944951,453221.634721807,당구장업,2026-04-05 23:08:11,I,03,폐업,,2011-11-02 21:07:32,,1998-12-30,131-831,,서울특별시 중랑구 면목동 607-6,,CDFH3301081998000056,3060000,사립,서울특별시 중랑구 사가정로 359 (면목동),,03,폐업,,,
0,0,제일당구장,2001-10-31,,207043.696812059,454373.75882491,당구장업,2026-04-05 23:08:11,I,03,폐업,,2011-11-02 21:06:14,,1998-12-30,131-860,,서울특별시 중랑구 상봉동 126-28,,CDFH3301081998000057,3060000,사립,서울특별시 중랑구 봉우재로 67 (상봉동),,03,폐업,,,
,,코알라 당구장,2017-04-19,,206926.551563822,457265.672362086,당구장업,2026-04-05 23:08:11,I,03,폐업,,2017-04-19 16:55:36,,1999-01-04,131-847,,서울특별시 중랑구 묵동 159-28 (2층),,CDFH3301081999000001,3060000,사립,서울특별시 중랑구 공릉로 82 (묵동),02019,03,폐업,,,
0,0,삼덕당구장,2000-02-29,,206917.83316062,457023.152883521,당구장업,2026-04-05 23:08:11,I,03,폐업,,2011-11-02 21:02:23,,1999-01-08,131-848,,서울특별시 중랑구 묵동 300-1,,CDFH3301081999000002,3060000,사립,서울특별시 중랑구 공릉로 56 (묵동),,03,폐업,,,
0,0,짱당구장,2003-01-02,,206439.915050655,454122.255817336,당구장업,2026-04-05 23:08:11,I,03,폐업,,2011-11-02 21:00:05,,1999-01-09,131-824,,서울특별시 중랑구 면목동 191-89,,CDFH3301081999000003,3060000,사립,서울특별시 중랑구 봉우재로 1 (면목동),,03,폐업,,,
,169,티파니당구장,2005-03-28,,208833.579870232,454752.674412421,당구장업,2026-04-05 23:08:11,I,03,폐업,,2011-11-02 20:58:45,,1999-01-09,131-805,,서울특별시 중랑구 망우동 402-94,,CDFH3301081999000004,3060000,사립,서울특별시 중랑구 용마공원로 5 (망우동),,03,폐업,,,
0,0,포엑스당구장,1999-10-01,,,,당구장업,2026-04-05 23:08:11,I,03,폐업,,2003-04-18 17:00:57,,1999-01-11,131-220,0,서울특별시 중랑구 상봉동 410-2,,CDFH3301081999000005,3060000,사립,,,03,폐업,,,22091141
,,그린당구장,2005-07-08,,207537.834714969,454504.309163158,당구장업,2026-04-05 23:08:11,I,03,폐업,,2011-11-02 20:56:39,,1999-01-14,131-860,,서울특별시 중랑구 상봉동 109-3,,CDFH3301081999000006,3060000,사립,서울특별시 중랑구 면목로 457 (상봉동),,03,폐업,,,
0,0,월드컵,2001-09-20,,206870.655880795,455214.358051099,당구장업,2026-04-05 23:08:11,I,03,폐업,,2011-11-02 20:55:54,,1999-01-19,131-880,,서울특별시 중랑구 중화동 301-84,,CDFH3301081999000007,3060000,사립,서울특별시 중랑구 동일로129길 19 (중화동),,03,폐업,,,
0,0,스피드,2000-04-29,,207912.085424597,454108.622002911,당구장업,2026-04-05 23:08:11,I,03,폐업,,2011-11-02 20:55:01,,1999-01-22,131-816,,서울특별시 중랑구 면목동 103-5,,CDFH3301081999000008,3060000,사립,서울특별시 중랑구 겸재로 205 (면목동),,03,폐업,,,
0,0,동국당구장,2000-04-26,,208400.589110415,455124.633124068,당구장업,2026-04-05 23:08:11,I,03,폐업,,2003-04-18 17:00:57,,1999-01-28,131-810,0,서울특별시 중랑구 망우동 490-3,,CDFH3301081999000009,3060000,사립,서울특별시 중랑구 망우로 390  (망우동),,03,폐업,,,
0,0,현대,2000-02-12,,208753.865760281,454841.528027962,당구장업,2026-04-05 23:08:11,I,03,폐업,,2011-11-02 20:53:51,,1999-02-01,131-809,,서울특별시 중랑구 망우동 465-14,,CDFH3301081999000010,3060000,사립,서울특별시 중랑구 용마산로 501 (망우동),,03,폐업,,,
0,0,장원당구클럽,2001-09-24,,207518.303074017,453042.673964201,당구장업,2026-04-05 23:08:11,I,03,폐업,,2003-04-18 17:00:57,,1999-02-04,131-827,0,서울특별시 중랑구 면목동 651-9,,CDFH3301081999000011,3060000,사립,서울특별시 중랑구 사가정로50길 30  (면목동),,03,폐업,,,
0,0,공때리네,2001-06-13,,208470.998048948,454057.771605911,당구장업,2026-04-05 23:08:11,I,03,폐업,,2011-11-02 20:51:23,,1999-02-06,131-811,,서울특별시 중랑구 면목동 19-72,,CDFH3301081999000012,3060000,사립,서울특별시 중랑구 용마산로 418 (면목동),,03,폐업,,,
0,0,한판당구장,2001-05-03,,208514.063189354,454141.810512176,당구장업,2026-04-05 23:08:11,I,03,폐업,,2011-11-02 20:50:29,,1999-02-08,131-811,,서울특별시 중랑구 면목동 17-33,,CDFH3301081999000013,3060000,사립,서울특별시 중랑구 용마산로 428 (면목동),,03,폐업,,,
0,0,기은당구장,2000-02-17,,207698.604375833,453952.802899604,당구장업,2026-04-05 23:08:11,I,03,폐업,,2011-11-02 20:49:45,,1999-02-10,131-815,,서울특별시 중랑구 면목동 359-1,,CDFH3301081999000014,3060000,사립,서울특별시 중랑구 면목로 402 (면목동),,03,폐업,,,
0,0,2000당구장,1999-09-02,,206524.690037835,454453.880010737,당구장업,2026-04-05 23:08:11,I,03,폐업,,2011-11-02 20:48:55,,1999-02-12,131-861,,서울특별시 중랑구 상봉동 136-84,,CDFH3301081999000015,3060000,사립,서울특별시 중랑구 망우로30길 22 (상봉동),,03,폐업,,,
0,0,뚱땡이당구장,1999-09-29,,207772.038532953,454713.155015128,당구장업,2026-04-05 23:08:11,I,03,폐업,,2011-11-02 20:40:05,,1999-03-02,131-859,,서울특별시 중랑구 상봉동 87-18,,CDFH3301081999000016,3060000,사립,서울특별시 중랑구 봉우재로33길 58 (상봉동),,03,폐업,,,
0,0,리에스,2001-01-02,,208548.783376561,454223.06733425,당구장업,2026-04-05 23:08:11,I,03,폐업,,2011-11-02 20:37:08,,1999-03-03,131-811,,서울특별시 중랑구 면목동 17-18,,CDFH3301081999000018,3060000,사립,서울특별시 중랑구 용마산로 438 (면목동),,03,폐업,,,
0,0,맘보당구장,2000-06-09,,207811.343330712,453172.013153927,당구장업,2026-04-05 23:08:11,I,03,폐업,,2011-11-02 20:33:36,,1999-03-06,131-813,,서울특별시 중랑구 면목동 472-44,,CDFH3301081999000019,3060000,사립,서울특별시 중랑구 사가정로 399 (면목동),,03,폐업,,,
0,0,스카이당구클럽,1999-12-08,,208557.380879295,456152.487601918,당구장업,2026-04-05 23:08:11,I,03,폐업,,2011-11-02 20:32:21,,1999-03-09,131-868,,서울특별시 중랑구 신내동 407-22,,CDFH3301081999000020,3060000,사립,서울특별시 중랑구 봉화산로 224 (신내동),,03,폐업,,,22071570
0,0,허슬러 당구클럽,2001-11-06,,208181.799691138,454133.031469626,당구장업,2026-04-05 23:08:11,I,03,폐업,,2011-11-02 20:31:20,,1999-03-11,131-815,,서울특별시 중랑구 면목동 72-1,,CDFH3301081999000021,3060000,사립,서울특별시 중랑구 상봉로 39 (면목동),,03,폐업,,,
,,민아,2004-11-15,,207537.323812245,454541.434354871,당구장업,2026-04-05 23:08:11,I,03,폐업,,2011-11-02 20:30:17,,1999-03-13,131-860,,서울특별시 중랑구 상봉동 109,,CDFH3301081999000022,3060000,사립,서울특별시 중랑구 면목로 463 (상봉동),,03,폐업,,,
,,일심,2001-09-30,,208481.612667873,455496.980508789,당구장업,2026-04-05 23:08:11,I,03,폐업,,2011-11-02 20:29:26,,1999-03-13,131-869,,서울특별시 중랑구 신내동 502-5,,CDFH3301081999000023,3060000,사립,서울특별시 중랑구 봉화산로56길 153 (신내동),,03,폐업,,,
0,0,챔프당구장,1999-12-20,,208534.948049903,454302.461964671,당구장업,2026-04-05 23:08:11,I,03,폐업,,2011-11-02 20:28:40,,1999-03-22,131-807,,서울특별시 중랑구 망우동 531-15,,CDFH3301081999000024,3060000,사립,서울특별시 중랑구 용마산로 443 (망우동),,03,폐업,,,
0,0,대원당구장,2001-05-15,,206954.727827462,453603.234834839,당구장업,2026-04-05 23:08:12,I,03,폐업,,2011-11-02 20:27:44,,1999-03-24,131-822,,서울특별시 중랑구 면목동 172-1,,CDFH3301081999000025,3060000,사립,서울특별시 중랑구 동일로 607 (면목동),,03,폐업,,,
,,동아당구장,2012-04-05,,207114.978408815,452160.826169813,당구장업,2026-04-05 23:08:12,I,03,폐업,,2013-04-11 17:52:13,,1999-03-24,131-830,,서울특별시 중랑구 면목동 383-5,,CDFH3301081999000026,3060000,사립,서울특별시 중랑구 답십리로75길 6-10 (면목동),,03,폐업,,,
0,0,당구나라,2000-12-30,,207528.589834323,452941.322890204,당구장업,2026-04-05 23:08:12,I,03,폐업,,2011-11-02 20:25:34,,1999-03-26,131-828,,서울특별시 중랑구 면목동 632-10,,CDFH3301081999000027,3060000,사립,서울특별시 중랑구 면목로 289 (면목동),,03,폐업,,,
0,0,쉬리당구장,1999-11-16,,207979.014151982,453324.195330708,당구장업,2026-04-05 23:08:12,I,03,폐업,,2011-11-02 20:24:22,,1999-03-27,131-813,,서울특별시 중랑구 면목동 454-4,,CDFH3301081999000028,3060000,사립,서울특별시 중랑구 면목로44다길 26 (면목동),,03,폐업,,,
0,0,LA당구장,1999-11-08,,206997.111304806,455492.857962642,당구장업,2026-04-05 23:08:12,I,03,폐업,,2011-11-02 20:23:39,,1999-04-02,131-876,,서울특별시 중랑구 중화동 286-24,,CDFH3301081999000029,3060000,사립,서울특별시 중랑구 봉화산로 49 (중화동),,03,폐업,,,
0,0,스팅당구장,1999-10-08,,207643.057579455,453002.271578754,당구장업,2026-04-05 23:08:12,I,03,폐업,,2011-11-02 20:22:24,,1999-04-06,131-828,,서울특별시 중랑구 면목동 626-17,,CDFH3301081999000030,3060000,사립,서울특별시 중랑구 면목로 302 (면목동),,03,폐업,,,
,,코스모스당구클럽,2004-11-15,,208500.41409861,456116.213868842,당구장업,2026-04-05 23:08:13,I,03,폐업,,2011-11-02 20:20:49,,1999-04-09,131-867,,서울특별시 중랑구 신내동 613-8,,CDFH3301081999000031,3060000,사립,서울특별시 중랑구 봉화산로 218 (신내동),,03,폐업,,,
,,람보당구장,2004-12-20,,206967.595900754,453934.798541346,당구장업,2026-04-05 23:08:13,I,03,폐업,,2011-11-02 20:18:56,,1999-04-19,131-820,,서울특별시 중랑구 면목동 176-131 (2층),,CDFH3301081999000033,3060000,사립,서울특별시 중랑구 동일로 641 (면목동),,03,폐업,,,
0,0,대한,2001-03-16,,207576.472261067,454335.191598765,당구장업,2026-04-05 23:08:13,I,03,폐업,,2011-11-02 20:17:43,,1999-05-01,131-816,,서울특별시 중랑구 면목동 129-5,,CDFH3301081999000034,3060000,사립,서울특별시 중랑구 면목로 441 (면목동),,03,폐업,,,
0,0,광명,2000-03-28,,206884.520777836,456059.892706699,당구장업,2026-04-05 23:08:13,I,03,폐업,,2011-11-02 20:16:54,,1999-05-01,131-849,,서울특별시 중랑구 묵동 181-68,,CDFH3301081999000035,3060000,사립,서울특별시 중랑구 동일로 856 (묵동),,03,폐업,,,
,,당구천국,2004-11-15,,206390.408395132,454392.770846654,당구장업,2026-04-05 23:08:14,I,03,폐업,,2011-11-02 20:15:18,,1999-05-11,131-861,,서울특별시 중랑구 상봉동 136-77,,CDFH3301081999000037,3060000,사립,서울특별시 중랑구 중랑천로 74 (상봉동),,03,폐업,,,
,,당구나라,2004-07-20,,207901.998347387,454698.865013108,당구장업,2026-04-05 23:08:14,I,03,폐업,,2011-11-02 20:14:35,,1999-05-14,131-859,,서울특별시 중랑구 상봉동 86-59,,CDFH3301081999000038,3060000,사립,서울특별시 중랑구 상봉로25길 49 (상봉동),,03,폐업,,,
0,0,구슬모아,2000-12-19,,207800.445017282,453318.113238712,당구장업,2026-04-05 23:08:14,I,03,폐업,,2011-11-02 20:13:46,,1999-05-19,131-813,,서울특별시 중랑구 면목동 459-1,,CDFH3301081999000039,3060000,사립,서울특별시 중랑구 사가정로53길 29 (면목동),,03,폐업,,,
,,에이스 당구클럽,2019-07-11,,208175.798481682,454708.822355689,당구장업,2026-04-05 23:08:14,I,03,폐업,,2019-08-22 11:20:22,,1999-05-21,131-809,,서울특별시 중랑구 망우동 516-42,,CDFH3301081999000040,3060000,사립,서울특별시 중랑구 상봉로 100 (망우동),02170,03,폐업,,,
,,카네기,2004-11-15,,208580.48252409,454408.274083913,당구장업,2026-04-05 23:08:15,I,03,폐업,,2011-11-02 20:11:25,,1999-06-01,131-807,,서울특별시 중랑구 망우동 454-40,,CDFH3301081999000041,3060000,사립,서울특별시 중랑구 용마산로 455 (망우동),,03,폐업,,,22435828
0,0,자이안트당구장,2000-05-08,,207015.416112718,455285.800740148,당구장업,2026-04-05 23:08:15,I,03,폐업,,2011-11-02 20:09:23,,1999-06-02,131-877,,서울특별시 중랑구 중화동 288-27,,CDFH3301081999000042,3060000,사립,서울특별시 중랑구 동일로 778 (중화동),,03,폐업,,,
0,0,초이스,2000-07-23,,207624.421528372,453023.759980751,당구장업,2026-04-05 23:08:15,I,03,폐업,,2011-11-02 20:08:27,,1999-06-03,131-828,,서울특별시 중랑구 면목동 633-1,,CDFH3301081999000043,3060000,사립,서울특별시 중랑구 면목로39길 5 (면목동),,03,폐업,,,
0,0,극동당구장,2000-12-28,,206897.239901889,456993.849504824,당구장업,2026-04-05 23:08:15,I,03,폐업,,2011-11-02 20:07:22,,1999-06-03,131-848,,서울특별시 중랑구 묵동 294-6,,CDFH3301081999000044,3060000,사립,서울특별시 중랑구 공릉로 52 (묵동),,03,폐업,,,
0,0,태풍,2001-03-23,,206896.700735158,455647.890887537,당구장업,2026-04-05 23:08:15,I,03,폐업,,2011-11-02 20:06:21,,1999-06-04,131-881,,서울특별시 중랑구 중화동 305-72,,CDFH3301081999000045,3060000,사립,서울특별시 중랑구 동일로 815 (중화동),,03,폐업,,,
0,0,장안,2000-07-26,,208823.583860565,455381.92888058,당구장업,2026-04-05 23:08:15,I,03,폐업,,2011-11-02 20:05:30,,1999-06-11,131-804,,서울특별시 중랑구 망우동 357-36,,CDFH3301081999000046,3060000,사립,서울특별시 중랑구 용마산로 558 (망우동),,03,폐업,,,
0,0,백마당구장,2000-08-01,,206813.057180085,456188.141054861,당구장업,2026-04-05 23:08:15,I,03,폐업,,2011-11-02 20:04:07,,1999-06-16,131-853,,서울특별시 중랑구 묵동 245-1,,CDFH3301081999000047,3060000,사립,서울특별시 중랑구 동일로 869 (묵동),,03,폐업,,,
0,0,웰컴당구장,2000-08-01,,207716.805383476,453718.250284384,당구장업,2026-04-05 23:08:15,I,03,폐업,,2011-11-02 20:03:17,,1999-06-21,131-818,,서울특별시 중랑구 면목동 504-5,,CDFH3301081999000048,3060000,사립,서울특별시 중랑구 면목로 377 (면목동),,03,폐업,,,22077820
,,아트당구장,2015-07-01,,206718.808214791,456678.191104532,당구장업,2026-04-05 23:08:15,I,03,폐업,,2015-07-31 15:30:57,,1999-06-24,131-851,,서울특별시 중랑구 묵동 238-12,,CDFH3301081999000049,3060000,사립,서울특별시 중랑구 동일로 917-4 (묵동),,03,폐업,,,
0,0,쓰리플당구장,2003-03-21,,207360.380786804,452325.858761714,당구장업,2026-04-05 23:08:15,I,03,폐업,,2011-11-02 19:59:09,,1999-07-07,131-830,,서울특별시 중랑구 면목동 390-23,,CDFH3301081999000050,3060000,사립,서울특별시 중랑구 면목로 223 (면목동),,03,폐업,,,22092280
0,0,로얄당구장,2000-05-24,,207509.876516215,452952.386171853,당구장업,2026-04-05 23:08:15,I,03,폐업,,2011-11-02 19:58:04,,1999-07-14,131-828,,서울특별시 중랑구 면목동 632-1,,CDFH3301081999000051,3060000,사립,서울특별시 중랑구 면목로37길 5 (면목동),,03,폐업,,,
,,쫑생쫑사,2004-11-15,,208188.463839603,454570.05226439,당구장업,2026-04-05 23:08:15,I,03,폐업,,2011-11-02 19:55:46,,1999-08-20,131-807,,서울특별시 중랑구 망우동 477-31,,CDFH3301081999000053,3060000,사립,서울특별시 중랑구 상봉로 86 (망우동),,03,폐업,,,
,,이글,2004-11-15,,206623.878174437,454288.794028607,당구장업,2026-04-05 23:08:15,I,03,폐업,,2011-11-02 19:54:58,,1999-08-24,131-823,,서울특별시 중랑구 면목동 182-34,,CDFH3301081999000054,3060000,사립,서울특별시 중랑구 동일로109길 81 (면목동),,03,폐업,,,
,,비와이당구클럽,2003-11-28,,207174.460170103,452864.455234343,당구장업,2026-04-05 23:08:15,I,03,폐업,,2011-11-02 19:53:34,,1999-09-01,131-825,,서울특별시 중랑구 면목동 339-5,,CDFH3301081999000055,3060000,사립,서울특별시 중랑구 사가정로42길 75 (면목동),,03,폐업,,,
,,태능 당구장,2015-07-20,,206746.932567648,455143.038725207,당구장업,2026-04-05 23:08:34,I,03,폐업,,2015-07-31 15:18:36,,2007-07-20,131-883,,서울특별시 중랑구 중화동 315-2,,CDFH3301082007000008,3060000,사립,서울특별시 중랑구 중랑역로 53 (중화동),,03,폐업,,,
,,프린스 당구장,2013-07-23,,208457.071353064,456153.414908527,당구장업,2026-04-05 23:08:35,I,03,폐업,,2013-07-23 13:35:59,,2007-08-24,131-867,,서울특별시 중랑구 신내동 613-10,,CDFH3301082007000010,3060000,사립,서울특별시 중랑구 봉화산로 215 (신내동),,03,폐업,,,
,,왕벌 당구장,2015-07-08,,206788.048632489,455850.935638819,당구장업,2026-04-05 23:08:35,I,03,폐업,,2015-07-31 15:25:00,,2007-08-24,131-881,,서울특별시 중랑구 중화동 307-1,,CDFH3301082007000011,3060000,사립,서울특별시 중랑구 동일로143길 19 (중화동),,03,폐업,,,
,,포커스 당구장,2013-11-06,,207344.833499362,452218.427242593,당구장업,2026-04-05 23:08:35,I,03,폐업,,2013-11-06 17:40:42,,2007-09-18,131-829,,서울특별시 중랑구 면목동 392-20,,CDFH3301082007000013,3060000,사립,서울특별시 중랑구 면목로 216 (면목동),,03,폐업,,,
,,세븐 당구장,2012-07-17,,207519.404374324,454499.010114289,당구장업,2026-04-05 23:08:36,I,03,폐업,,2012-07-17 12:48:55,,2007-10-04,131-860,,서울특별시 중랑구 상봉동 109-9,,CDFH3301082007000015,3060000,사립,서울특별시 중랑구 봉우재로 117 (상봉동),,03,폐업,,,
,,스타 당구장,2017-10-27,,206468.896114146,454094.579215805,당구장업,2026-04-05 23:08:36,I,03,폐업,,2017-10-27 13:00:16,,2007-11-08,131-824,,서울특별시 중랑구 면목동 192-68,,CDFH3301082007000017,3060000,사립,서울특별시 중랑구 봉우재로 4 (면목동),02132,03,폐업,,,
,,큐볼당구클럽,2011-04-06,,207497.453067345,454719.651368831,당구장업,2026-04-05 23:08:36,I,03,폐업,,2011-10-30 14:13:45,,2007-12-12,131-860,,서울특별시 중랑구 상봉동 113-4 2층,,CDFH3301082007000019,3060000,사립,서울특별시 중랑구 면목로 481 (상봉동),,03,폐업,,,
,,한큐당구장,2015-04-08,,209006.848797065,455300.541065532,당구장업,2026-04-05 23:08:36,I,03,폐업,,2015-07-31 15:51:49,,2007-12-27,131-802,,서울특별시 중랑구 망우동 202-19,,CDFH3301082007000020,3060000,사립,서울특별시 중랑구 망우로 458 (망우동),,03,폐업,,,
,,로또 당구장,2011-06-08,,207249.321744234,454791.25900876,당구장업,2026-04-05 23:08:37,I,03,폐업,,2011-11-10 20:44:22,,2008-02-19,131-860,,서울특별시 중랑구 상봉동 115-21,,CDFH3301082008000002,3060000,사립,서울특별시 중랑구 망우로 272 (상봉동),,03,폐업,,,
,,세븐 당구장,2016-06-02,,208823.583860565,455381.92888058,당구장업,2026-04-05 23:08:38,I,03,폐업,,2016-06-02 18:09:16,,2008-04-07,131-804,,서울특별시 중랑구 망우동 357-36,,CDFH3301082008000006,3060000,사립,서울특별시 중랑구 용마산로 558 (망우동),02059,03,폐업,,,
,,오스카 당구장,2018-12-21,,206761.24003808,454386.740893815,당구장업,2026-04-05 23:08:38,I,03,폐업,,2018-12-21 16:53:55,,2008-04-30,131-823,,서울특별시 중랑구 면목동 184-52,,CDFH3301082008000008,3060000,사립,서울특별시 중랑구 망우로32길 49 (면목동),02124,03,폐업,,,
,,영 당구장,2013-07-16,,207735.456233727,454057.837624796,당구장업,2026-04-05 23:08:38,I,03,폐업,,2013-07-16 22:16:57,,2008-05-14,131-816,,서울특별시 중랑구 면목동 102-51,,CDFH3301082008000010,3060000,사립,서울특별시 중랑구 겸재로 187 (면목동),,03,폐업,,,
,,챔프 당구장,2015-09-23,,206758.762200019,454692.213687428,당구장업,2026-04-05 23:08:38,I,03,폐업,,2015-09-23 15:13:38,,2008-05-26,131-878,,서울특별시 중랑구 중화동 207-24,,CDFH3301082008000011,3060000,사립,서울특별시 중랑구 망우로 221 (중화동),02117,03,폐업,,,
,,미스터큐 당구클럽,2016-12-31,,207564.382906738,453207.051708247,당구장업,2026-04-05 23:08:39,I,03,폐업,,2021-07-09 17:54:07,,2008-06-12,131-831,,서울특별시 중랑구 면목동 605-4,,CDFH3301082008000013,3060000,사립,서울특별시 중랑구 사가정로 375 (면목동),02228,03,폐업,,,
,,윙 당구장,2012-02-10,,207844.010596106,454779.631487459,당구장업,2026-04-05 23:08:39,I,03,폐업,,2012-02-10 09:44:56,,2008-06-25,131-859,,서울특별시 중랑구 상봉동 88-76,,CDFH3301082008000014,3060000,사립,서울특별시 중랑구 봉우재로33길 76 (상봉동),,03,폐업,,,
,,컨츄리 당구장,2009-05-04,,207527.583176236,452632.532909779,당구장업,2026-04-05 23:08:39,I,03,폐업,0,2009-05-04 09:13:02,,2008-06-26,131-829,,서울특별시 중랑구 면목동 367-6,,CDFH3301082008000015,3060000,사립,서울특별시 중랑구 면목로 260  (면목동),,03,폐업,,,
,,청솔 당구장,2022-06-20,,207110.50497584,454740.338942761,당구장업,2026-04-05 23:08:40,I,03,폐업,,2022-06-21 15:53:21,,2008-07-01,131-860,,서울특별시 중랑구 상봉동 118-15,,CDFH3301082008000017,3060000,사립,서울특별시 중랑구 망우로 258 (상봉동),02136,03,폐업,,,
,,준 당구장,2011-05-30,,206711.097913283,454620.769366564,당구장업,2026-04-05 23:08:40,I,03,폐업,,2012-01-06 17:22:17,,2008-08-01,131-861,,서울특별시 중랑구 상봉동 129-86,,CDFH3301082008000019,3060000,사립,서울특별시 중랑구 망우로 216 (상봉동),,03,폐업,,,
,,중앙 당구클럽,2009-12-30,,208181.799691138,454133.031469626,당구장업,2026-04-05 23:08:40,I,03,폐업,,2011-10-30 15:35:26,,2008-08-04,131-815,,서울특별시 중랑구 면목동 72-1,,CDFH3301082008000021,3060000,사립,서울특별시 중랑구 상봉로 39 (면목동),,03,폐업,,,
,,킴스 당구장,2015-10-13,,209478.477207992,455426.993994292,당구장업,2026-04-05 23:08:42,I,03,폐업,,2015-10-13 16:13:35,,2008-10-31,131-802,,서울특별시 중랑구 망우동 136-26,,CDFH3301082008000031,3060000,사립,서울특별시 중랑구 양원역로 5 (망우동),02064,03,폐업,,,
,,원 당구장,2021-04-27,,206906.29924387,455263.239395084,당구장업,2026-04-05 23:08:42,I,03,폐업,,2021-05-11 09:00:02,,2008-11-04,131-881,,서울특별시 중랑구 중화동 303-19,,CDFH3301082008000032,3060000,사립,서울특별시 중랑구 동일로129길 12 (중화동),02102,03,폐업,,,
,,A+ 당구장,2015-04-22,,,,당구장업,2026-04-05 23:08:42,I,03,폐업,,2015-07-31 15:42:34,,2008-11-28,131-868,,서울특별시 중랑구 신내동 493-145,,CDFH3301082008000034,3060000,사립,서울특별시 중랑구 용마산로117길 28 (신내동),,03,폐업,,,
,,에이스,2015-07-20,,206794.450800258,455362.756917348,당구장업,2026-04-05 23:08:43,I,03,폐업,,2015-07-31 15:22:43,,2009-01-22,131-881,,서울특별시 중랑구 중화동 312-20,,CDFH3301082009000001,3060000,사립,서울특별시 중랑구 중랑역로 79 (중화동),,03,폐업,,,
,3309,대도 당구장,2016-01-18,,207897.181787523,453155.928929722,당구장업,2026-04-05 23:08:43,I,03,폐업,,2016-01-18 15:30:30,,2009-03-06,131-813,,서울특별시 중랑구 면목동 472-5,,CDFH3301082009000004,3060000,사립,서울특별시 중랑구 사가정로 409 (면목동),02214,03,폐업,,,
,2359,어메이징파크,2010-02-24,,207708.434592968,453190.864383804,당구장업,2026-04-05 23:08:43,I,03,폐업,,2011-10-30 15:10:58,,2009-03-06,131-831,,서울특별시 중랑구 면목동 496-4,,CDFH3301082009000005,3060000,사립,서울특별시 중랑구 사가정로 389 (면목동),,03,폐업,,,
,1390,S 당구클럽,2010-05-03,,208750.147884796,454689.03214463,당구장업,2026-04-05 23:08:43,I,03,폐업,,2011-10-30 15:06:18,,2009-04-28,131-806,,서울특별시 중랑구 망우동 410-8 유진빌딩 지하1층,,CDFH3301082009000011,3060000,사립,서울특별시 중랑구 용마산로 488 (망우동),,03,폐업,,,
,,디아뜨 당구장,2017-04-28,,207990.479257211,457183.637796144,당구장업,2026-04-05 23:08:43,I,03,폐업,,2017-04-28 13:45:42,,2009-06-10,131-872,,서울특별시 중랑구 신내동 648 디아뜨 갤러리  2층 605호,,CDFH3301082009000015,3060000,사립,서울특별시 중랑구 신내로 225 (신내동),02024,03,폐업,,,
,,현 당구장,2021-05-12,,209144.070351808,455396.991629715,당구장업,2026-04-05 23:08:43,I,03,폐업,,2021-05-13 08:48:51,,2009-06-23,,,서울특별시 중랑구 망우동 209-4,,CDFH3301082009000016,3060000,사립,"서울특별시 중랑구 망우로 469 (망우동, 동광빌딩)",02066,03,폐업,,,
,,ZEN 당구클럽,2025-07-31,,206597.593516148,454573.226449901,당구장업,2026-04-05 23:08:43,I,03,폐업,,2025-08-01 16:43:48,,2009-07-16,131-861,,서울특별시 중랑구 상봉동 130-166 3층,,CDFH3301082009000017,3060000,사립,서울특별시 중랑구 망우로 202 (상봉동),02120,03,폐업,,,
,,신바람 당구장,2010-08-25,,206829.428534257,455554.179095109,당구장업,2026-04-05 23:08:43,I,03,폐업,,2010-08-25 13:31:27,,2009-09-29,131-881,,서울특별시 중랑구 중화동 306-24,,CDFH3301082009000020,3060000,사립,,,03,폐업,,,
,,정말로 당구클럽,2015-07-01,,206685.947659288,456855.134478693,당구장업,2026-04-05 23:08:43,I,03,폐업,,2015-07-31 15:28:12,,2009-10-08,131-851,,서울특별시 중랑구 묵동 234-4,,CDFH3301082009000021,3060000,사립,서울특별시 중랑구 동일로 939 (묵동),,03,폐업,,,
,,큐 당구장,2021-01-29,,207873.646206267,454097.631862817,당구장업,2026-04-05 23:08:43,I,03,폐업,,2021-01-29 18:08:27,,2009-10-09,131-816,,서울특별시 중랑구 면목동 103-6,,CDFH3301082009000022,3060000,사립,서울특별시 중랑구 겸재로 201 (면목동),02161,03,폐업,,,
,,퍼펙트 당구장,2022-09-23,,207664.017421262,453369.74988491,당구장업,2026-04-05 23:08:43,I,03,폐업,,2022-09-23 16:21:58,,2009-10-20,131-831,,서울특별시 중랑구 면목동 595-1,,CDFH3301082009000023,3060000,사립,서울특별시 중랑구 면목로49길 17 (면목동),02228,03,폐업,,,
,,프로 당구장,2017-04-19,,206950.274808959,453469.649516092,당구장업,2026-04-05 23:08:43,I,03,폐업,,2017-04-19 17:13:19,,2009-10-22,131-822,,서울특별시 중랑구 면목동 172-92,,CDFH3301082009000024,3060000,사립,서울특별시 중랑구 동일로91길 6-14 (면목동),02232,03,폐업,,,
,,용 당구장,2020-01-03,,207708.434592968,453190.864383804,당구장업,2026-04-05 23:08:43,I,03,폐업,,2020-01-03 10:41:42,,2009-11-25,131-831,,서울특별시 중랑구 면목동 496-4,,CDFH3301082009000025,3060000,사립,서울특별시 중랑구 사가정로 389 (면목동),02228,03,폐업,,,
,,민 빌리아드,2014-03-19,,208478.949850502,456167.614560351,당구장업,2026-04-05 23:08:43,I,03,폐업,,2014-03-19 13:23:52,,2009-12-17,131-867,,서울특별시 중랑구 신내동 613-71 부영빌딩 5층,,CDFH3301082009000026,3060000,사립,"서울특별시 중랑구 봉화산로 217 (신내동,부영빌딩 5층)",,03,폐업,,,
,,태풍 당구클럽,2011-03-31,,208207.503806893,454325.400250856,당구장업,2026-04-05 23:08:43,I,03,폐업,,2011-10-30 14:51:36,,2010-01-06,131-807,,서울특별시 중랑구 망우동 523-45,,CDFH3301082010000001,3060000,사립,서울특별시 중랑구 상봉로 60 (망우동),,03,폐업,,,
,,중화 당구장,2021-09-07,,207520.25127028,452919.351420943,당구장업,2026-04-05 23:08:43,I,03,폐업,,2021-09-08 11:23:13,,2010-02-25,131-828,,서울특별시 중랑구 면목동 632-6,,CDFH3301082010000002,3060000,사립,서울특별시 중랑구 면목로 287 (면목동),02239,03,폐업,,,070-4098-2233
,,당구의 신,2011-12-02,,208470.998048948,454057.771605911,당구장업,2026-04-05 23:08:43,I,03,폐업,,2011-12-06 18:00:34,,2010-04-06,131-812,,서울특별시 중랑구 면목동 19-72,,CDFH3301082010000004,3060000,사립,서울특별시 중랑구 용마산로 418 (면목동),,03,폐업,,,
,,k2 당구장,2021-09-18,,206642.171095344,454822.546432962,당구장업,2026-04-05 23:08:43,I,03,폐업,,2021-10-08 11:17:46,,2010-04-08,,,서울특별시 중랑구 중화동 320-140,,CDFH3301082010000005,3060000,사립,서울특별시 중랑구 중랑역로 17 (중화동),02110,03,폐업,,,
,,S 당구클럽,2012-07-10,,208750.147884796,454689.03214463,당구장업,2026-04-05 23:08:43,I,03,폐업,,2012-07-10 11:40:11,,2010-06-01,131-806,,서울특별시 중랑구 망우동 410-8 지하1층,,CDFH3301082010000006,3060000,사립,서울특별시 중랑구 용마산로 488 (망우동),,03,폐업,,,
,,당구박사,2017-11-16,,207703.81079284,454049.274671213,당구장업,2026-04-05 23:08:43,I,03,폐업,,2017-11-16 10:17:47,,2010-06-14,131-816,,서울특별시 중랑구 면목동 102-18,,CDFH3301082010000009,3060000,사립,서울특별시 중랑구 겸재로 185 (면목동),,03,폐업,,,
,,허브 당구장,2022-07-05,,207688.518769982,453291.972058157,당구장업,2026-04-05 23:08:43,I,03,폐업,,2022-07-06 10:17:37,,2010-07-27,131-831,,서울특별시 중랑구 면목동 596-4,,CDFH3301082010000010,3060000,사립,서울특별시 중랑구 사가정로51길 21 (면목동),02228,03,폐업,,,070-4084-3288
,,아우라 당구장,2013-07-01,,,,당구장업,2026-04-05 23:08:43,I,03,폐업,,2013-11-30 11:05:33,,2010-08-03,131-861,,서울특별시 중랑구 상봉동 132-22,,CDFH3301082010000011,3060000,사립,,,03,폐업,,,
,,아트 당구장,2015-05-12,,207807.657649212,454906.600906178,당구장업,2026-04-05 23:08:44,I,03,폐업,,2015-07-31 15:38:05,,2010-09-01,131-859,,서울특별시 중랑구 상봉동 89-1,,CDFH3301082010000013,3060000,사립,서울특별시 중랑구 망우로50길 15 (상봉동),,03,폐업,,,
,,석 당구장,2014-03-17,,207169.50134191,454408.543429514,당구장업,2026-04-05 23:08:44,I,03,폐업,,2014-03-17 13:49:52,,2010-10-15,131-860,,서울특별시 중랑구 상봉동 125-68,,CDFH3301082010000014,3060000,사립,서울특별시 중랑구 동일로110길 17 (상봉동),,03,폐업,,,22081727
1,788,유얼턴(YOUR TURN),2025-09-25,,207249.321744234,454791.25900876,당구장업,2026-04-05 23:08:44,I,03,폐업,,2025-10-31 10:51:16,,2011-06-09,,,서울특별시 중랑구 상봉동 115-21,,CDFH3301082011000003,3060000,사립,"서울특별시 중랑구 망우로 272, 3층 (상봉동)",02137,03,폐업,,,
,,M 당구장,2015-05-12,,207813.470701116,454974.963196765,당구장업,2026-04-05 23:08:44,I,03,폐업,,2015-07-31 15:35:55,,2011-08-12,131-858,,서울특별시 중랑구 상봉동 92-5,,CDFH3301082011000004,3060000,사립,서울특별시 중랑구 망우로 332 (상봉동),,03,폐업,,,
,,당구 매니아,2025-06-24,,207287.26248675,454603.944308657,당구장업,2026-04-05 23:08:44,I,03,폐업,,2025-06-24 16:39:07,,2012-05-04,131-860,,서울특별시 중랑구 상봉동 122,,CDFH3301082012000003,3060000,사립,서울특별시 중랑구 동일로114길 54 (상봉동),02139,03,폐업,,,
,,한큐 당구장,2015-04-21,,209006.848797065,455300.541065532,당구장업,2026-04-05 23:08:44,I,03,폐업,,2015-04-21 18:03:09,,2013-05-16,131-802,,서울특별시 중랑구 망우동 202-19,,CDFH3301082013000002,3060000,사립,서울특별시 중랑구 망우로 454 (망우동),,03,폐업,,,
,,드림 당구장,2023-09-25,,208203.464125468,453200.90180214,당구장업,2026-04-05 23:08:44,I,03,폐업,,2023-09-27 13:34:30,,2013-10-16,131-832,,서울특별시 중랑구 면목동 507-26,,CDFH3301082013000004,3060000,사립,서울특별시 중랑구 용마산로 328 (면목동),02196,03,폐업,,,
,,캐롬 당구장,2015-12-23,,207815.305033501,454032.741290484,당구장업,2026-04-05 23:08:44,I,03,폐업,,2015-12-23 16:13:48,,2013-10-23,131-815,,서울특별시 중랑구 면목동 105-6,,CDFH3301082013000005,3060000,사립,서울특별시 중랑구 겸재로 196 (면목동),02197,03,폐업,,,
1,964,BBC 당구클럽,2018-09-18,,206474.047423329,454540.70965568,당구장업,2026-04-05 23:08:44,I,03,폐업,,2018-09-18 17:50:14,,2014-08-05,131-861,,서울특별시 중랑구 상봉동 136-1,,CDFH3301082014000002,3060000,사립,서울특별시 중랑구 망우로 192 (상봉동),02119,03,폐업,,,
,977,매니아 당구장,2016-03-02,,208490.902419723,455144.550676291,당구장업,2026-04-05 23:08:44,I,03,폐업,,2016-03-02 15:47:21,,2015-05-13,131-230,,서울특별시 중랑구 망우동 490-26,,CDFH3301082015000002,3060000,사립,서울특별시 중랑구 용마산로115길 60 (망우동),02163,03,폐업,,,
,,페트로 당구클럽,2019-11-22,,206741.232915313,454362.749653033,당구장업,2026-04-05 23:08:44,I,03,폐업,,2019-11-25 13:21:02,,2015-12-17,,,,,CDFH3301082015000004,3060000,사립,서울특별시 중랑구 동일로109길 54 (면목동),02125,03,폐업,,,
,,포커스 당구장,2023-07-14,,207343.294991924,452228.650626046,당구장업,2026-04-05 23:08:44,I,03,폐업,,2023-07-18 11:16:51,,2016-01-21,,,,,CDFH3301082016000002,3060000,사립,"서울특별시 중랑구 면목로 216 (면목동, 이원빌딩)",02255,03,폐업,,,
,,삼성당구장,2016-06-24,,,,당구장업,2026-04-05 23:08:44,I,03,폐업,,2016-08-16 17:36:57,,2016-05-23,,,,,CDFH3301082016000007,3060000,사립,"서울특별시 중랑구 망우로32길 37 (면목동, 동부시장(세일종합상가))",02124,03,폐업,,,
,,삼성 당구장,2016-06-24,,,,당구장업,2026-04-05 23:08:44,I,03,폐업,,2016-08-16 17:38:01,,2016-06-24,,,,,CDFH3301082016000009,3060000,사립,"서울특별시 중랑구 망우로32길 37 (면목동, 동부시장(세일종합상가))",02124,03,폐업,,,
,,메가박스 당구장,2017-04-13,,206526.002200022,454549.167447113,당구장업,2026-04-05 23:08:45,I,03,폐업,,2017-04-14 10:23:39,,2016-07-11,,,,,CDFH3301082016000011,3060000,사립,"서울특별시 중랑구 망우로30길 3, b101호 (상봉동, 안산빌딩)",02120,03,폐업,,,
,,신세계 당구장,2022-01-27,,206696.281677722,454585.428040874,당구장업,2026-04-05 23:08:45,I,03,폐업,,2022-01-28 10:55:22,,2017-03-23,,,,,CDFH3301082017000001,3060000,사립,"서울특별시 중랑구 망우로32길 7, 2층 (상봉동, 성원빌딩)",02121,03,폐업,,,
,,M16 멀티펍,2019-07-02,,207528.589834323,452941.322890204,당구장업,2026-04-05 23:08:45,I,03,폐업,,2019-07-02 09:43:02,,2017-04-03,,,,,CDFH3301082017000002,3060000,사립,"서울특별시 중랑구 면목로 289, 지하1층 (면목동, 농협)",02239,03,폐업,,,
,,성원 당구장,2021-12-28,,207711.936958559,453367.049275227,당구장업,2026-04-05 23:08:45,I,03,폐업,,2021-12-29 13:05:41,,2017-05-08,,,,,CDFH3301082017000004,3060000,사립,"서울특별시 중랑구 사가정로51길 38 (면목동, 영진유치원)",02228,03,폐업,,,
1,877,한큐당구장,2024-02-05,,206751.863318277,453945.91883425,당구장업,2026-04-05 23:08:46,I,03,폐업,,2024-02-05 17:12:24,,2017-11-22,,,서울특별시 중랑구 면목동 177-36 한신독서실,,CDFH3301082017000007,3060000,사립,"서울특별시 중랑구 동일로99길 47, 지하1층 (면목동)",02134,03,폐업,,,
1,1994,캐롬스팟,2025-08-01,,208709.095189126,454753.402870475,당구장업,2026-04-05 23:08:47,I,03,폐업,,2025-08-01 16:51:53,,2018-11-08,,,서울특별시 중랑구 망우동 458-4 동양빌딩 B1호,,CDFH3301082018000003,3060000,사립,"서울특별시 중랑구 용마산로 493, 동양빌딩 지층 1호 (망우동)",02173,03,폐업,,,02-434-3909
