사업장명,사업자등록번호,종별명,업태구분명,폐업일자,좌표X,좌표Y,데이터갱신시점,데이터갱신구분,상세영업상태코드,상세영업상태명,배출시설연간가동일수,배출시설조업시간,환경업무구분명,최종수정시점,인허가일자,소재지우편번호,지번주소,관리번호,개방자치단체코드,주생산품명,방지시설연간가동일수,방지시설조업시간,도로명주소,도로명우편번호,재개업일자,영업상태구분코드,영업상태명,휴업시작일자,휴업종료일자,소재지전화번호,업종구분명
프리랜서,1080338058,,,2026-03-30,199907.958721493,452447.335205702,2026-04-08 03:03:03,U,4,폐쇄,,,기타수질오염원관리,2026-04-07 15:32:19,2005-05-10,,서울특별시 종로구 연지동 128 서광빌딩 401호,300000025200200012,3000000,,,,"서울특별시 종로구 창경궁로16길 38-6 (연지동,서광빌딩 401호)",,,04,취소/말소/만료/정지/중지,,,02-741-4394,
삼환,1011146101,,,,199339.433172972,452185.153688439,2026-04-08 03:03:03,U,11,영업,,,기타수질오염원관리,2026-04-07 15:32:21,2005-04-04,,서울특별시 종로구 봉익동 41 405호,300000025200100162,3000000,,,,"서울특별시 종로구 서순라길 17-14, 405호 (봉익동)",03138,,01,영업/정상,,,02-762-0438,
3층안경 위드렌즈,1262917105,,,,222978.08882691,434185.710831595,2026-04-11 03:03:03,U,11,영업,,,기타수질오염원관리,2026-04-10 13:39:12,2024-03-21,,경기도 광주시 경안동 20-16 3층 311호,554000025202400001,5540000,,,,"경기도 광주시 광주대로 31, 3층 311호 (경안동)",12758,,01,영업/정상,,,031-767-0311,
글라스안경 위드렌즈,8376500231,,,,208616.651000986,455204.466330052,2026-04-09 03:03:03,U,11,영업,,,기타수질오염원관리,2026-04-08 13:39:03,2021-06-11,,서울특별시 중랑구 망우동 470-14 1층,306000025202100048,3060000,,,,"서울특별시 중랑구 망우로 416, 1층 (망우동)",02164,,01,영업/정상,,,,
미나기획,2041199528,,,2026-04-08,207445.63882283,452843.965869252,2026-04-09 03:03:03,U,4,폐쇄,,,기타수질오염원관리,2026-04-08 14:59:39,2009-05-12,,서울특별시 중랑구 면목동 353-8 2층,306000025200900007,3060000,,,,"서울특별시 중랑구 사가정로50길 67 (면목동,2층)",,,04,취소/말소/만료/정지/중지,,,,
남부리싸이클파크,1751400048,,,,198224.722867494,477463.077432092,2026-04-10 03:03:03,U,11,영업,,,기타수질오염원관리,2026-04-09 09:31:35,2016-08-05,,경기도 양주시 백석읍 오산리 456-10,559000025201600005,5590000,,,,,,,01,영업/정상,,,,
(주)보아체인,1018683195,,,,199853.729688939,452290.671889771,2026-04-08 03:03:03,U,11,영업,,,기타수질오염원관리,2026-04-07 15:46:08,2017-05-11,,서울특별시 종로구 연지동 177-3 보원빌딩,300000025201700007,3000000,,,,"서울특별시 종로구 종로31길 46-3, 보원빌딩 2층 (연지동)",03129,,01,영업/정상,,,02-765-7879,
케이씨씨오토(주),2118779340,,,,191256.13116601,438572.467986249,2026-04-10 03:03:03,U,11,영업,,,기타수질오염원관리,2026-04-09 10:45:13,2021-01-11,,서울특별시 금천구 시흥동 987-6,317000025202100001,3170000,,,,서울특별시 금천구 시흥대로 173 (시흥동),08636,,01,영업/정상,,,,
중대자동차공업사,2150682853,,,2026-03-31,210890.910280875,443607.707073683,2026-04-10 03:03:03,U,2,폐업,,,기타수질오염원관리,2026-04-09 10:42:45,1996-09-30,138-807,서울특별시 송파구 가락동 123-9,323000025199500042,3230000,,,,서울특별시 송파구 송이로 137 (가락동),,,03,폐업,,,02-409-6750,
