건물지상층수,건물소유구분명,건물지하층수,사업장명,업태구분명,폐업일자,조건부허가시작일자,조건부허가신고사유,조건부허가종료일자,좌표X,좌표Y,데이터갱신시점,데이터갱신구분,상세영업상태코드,상세영업상태명,여성종사자수,한실수,최종수정시점,인허가일자,소재지면적,소재지우편번호,지번주소,다중이용업소여부,남성종사자수,관리번호,개방자치단체코드,도로명주소,도로명우편번호,영업상태구분코드,영업상태명,위생업태명,소재지전화번호,사용시작지상층,사용시작지하층,사용끝지상층,사용끝지하층,양실수
8,자가,1,에스알컴팩트호텔 신촌점,여관업,,,,,194457.321456411,450483.395591418,2026-05-23 03:03:03,U,01,영업,,0,2026-05-22 13:46:21,1990-01-06,799.00,120-833,서울특별시 서대문구 창천동 29-51,N,,3120000-201-1990-01084,3120000,서울특별시 서대문구 연세로2나길 11 (창천동),03779,01,영업/정상,여관업,02-312-6449,1,0,8,0,29
8,,1,호텔 스테이 라이트,일반호텔,,,,,198254.262302879,441315.747755103,2026-05-23 03:03:03,U,01,영업,,0,2026-05-22 13:45:42,1999-12-24,"1,093.98",151-801,서울특별시 관악구 남현동 602-13,N,,3200000-201-1999-00400,3200000,서울특별시 관악구 승방2길 3 (남현동),08807,01,영업/정상,일반호텔,02-587-8890,1,1,8,1,42
7,자가,1,월 호텔,여관업,,,,,176560.505,447774.8,2026-05-23 03:03:03,U,01,영업,,0,2026-05-22 17:14:09,1998-10-13,"1,176.44",407-825,인천광역시 계양구 작전동 904-10,N,,3550000-201-1998-00008,3550000,인천광역시 계양구 계양문화로17번길 5-2 (작전동),21079,01,영업/정상,여관업,032-554-5588,1,0,7,1,30
0,,0,르큐브 풀 빌라 A,숙박업(생활),,,,,153877.957025764,415841.311047205,2026-05-23 03:03:03,U,01,영업,0,0,2026-05-22 14:52:25,2021-03-15,197.72,409-871,인천광역시 옹진군 영흥면 외리 17-53,N,0,3580000-214-2021-00003,3580000,"인천광역시 옹진군 영흥면 영흥남로9번길 221-67, 101동",23121,01,영업/정상,숙박업(생활),,1,,3,,3
0,,0,르큐브 풀 빌라 B,숙박업(생활),,,,,153891.628934241,415834.081119741,2026-05-23 03:03:03,U,01,영업,0,0,2026-05-22 14:42:52,2021-03-15,396.90,409-871,인천광역시 옹진군 영흥면 외리 17-24,N,0,3580000-214-2021-00004,3580000,"인천광역시 옹진군 영흥면 영흥남로9번길 221-69, 102, 103동",23121,01,영업/정상,숙박업(생활),,1,,3,,6
4,자가,0,가인키즈&패밀리 대형온수수영장,숙박업(생활),,,,,244844.590325529,488811.103544426,2026-05-23 03:03:03,U,01,영업,1,0,2026-05-22 10:30:31,2019-12-20,429.75,477-841,경기도 가평군 북면 제령리 636-9 2층~4층,N,0,4160000-214-2019-00035,4160000,"경기도 가평군 북면 가화로 1422-26, 2층~4층",12405,01,영업/정상,숙박업(생활),,2,,3,,5
4,,1,호텔리쟈드,여관업,,,,,180647.783818144,442700.296688849,2026-05-23 03:03:03,U,01,영업,,0,2026-05-22 10:37:05,1981-06-26,836.51,,경기도 부천시 원미구 심곡동 176-6,N,,3871000-201-1981-00057,3860000,경기도 부천시 원미구 부일로 465-2 (심곡동),14634,01,영업/정상,여관업,,0,1,4,0,32
5,,1,만선파크,여관업,,,,,191994.527950625,387806.447602487,2026-05-23 03:03:03,U,01,영업,,9,2026-05-22 13:46:38,2000-01-11,"1,034.57",451-882,경기도 평택시 안중읍 학현리 295-3,N,,3910038-201-2000-00001,3910000,경기도 평택시 안중읍 학현길 4,17815,01,영업/정상,여관업,031-681-6878,1,0,5,0,22
8,,2,에버호텔,일반호텔,,,,,178472.786986778,444954.674890332,2026-05-23 03:03:03,U,01,영업,,0,2026-05-22 17:38:25,2010-04-05,"2,374.43",,경기도 부천시 원미구 상동 537-7,N,,3871000-201-2010-00549,3860000,경기도 부천시 원미구 길주로121번길 18-21 (상동),14542,01,영업/정상,일반호텔,032-326-2002,1,0,8,0,57
