사업장명,업태구분명,폐업일자,좌표X,좌표Y,데이터갱신시점,데이터갱신구분,상세영업상태코드,상세영업상태명,최종수정시점,인허가취소일자,인허가일자,소재지우편번호,지번주소,관리번호,판매방식명,개방자치단체코드,도로명주소,도로명우편번호,재개업일자,영업상태구분코드,영업상태명,휴업시작일자,휴업종료일자,소재지전화번호
에이치(h)컴퍼니,종합몰 의류/패션/잡화/뷰티,,186509.17836371,423245.066800401,2026-05-23 03:03:03,U,01,정상영업,2026-05-22 22:35:43,,2018-04-23,,경기도 안산시 상록구 이동 ***-* ***호,2018393028730200485,인터넷,3930000,"경기도 안산시 상록구 양지편*길 **, ***호 (이동)",15489,,01,영업/정상,,,1588-8502
와이에스로지스,컴퓨터/사무용품 가구/수납용품 의류/패션/잡화/뷰티 자동차/자동차용품,2026-05-22,184720.356435118,425280.382882736,2026-05-23 03:03:03,U,03,폐업처리,2026-05-22 16:52:44,,2025-02-01,,경기도 안산시 단원구 고잔동 *** 광신연립 E동 ***호,2025393048230200618,인터넷,3930000,"경기도 안산시 단원구 적금로*길 **, E동 ***호 (고잔동, 광신연립)",15332,,03,폐업,,,
주식회사 한진엠앤에이,기타,,196999.461801061,450317.202952904,2026-05-23 03:03:03,U,01,정상영업,2026-05-22 14:20:41,,2015-10-15,,서울특별시 중구 만리동*가 **-**,2018301013030201186,기타,3010000,"서울특별시 중구 만리재로**길 **, *층 (만리동*가)",04501,,01,영업/정상,,,02-585-8164
온리아워,건강/식품,2026-05-21,,,2026-05-23 03:03:03,U,03,폐업처리,2026-05-22 14:41:28,,2025-06-01,,경기도 용인시 기흥구 마북동 *** e편한세상 구성역 플랫폼시티,2025563001830202136,인터넷,4050000,"경기도 용인시 기흥구 구성로 **, ***동 ***호 (마북동, e편한세상 구성역 플랫폼시티)",16917,,03,폐업,,,
오유니버,종합몰 의류/패션/잡화/뷰티,2025-12-31,175051.536682254,469329.561686701,2026-05-23 03:03:03,U,03,폐업처리,2026-05-22 10:03:11,,2024-01-25,,경기도 파주시 동패동 ****-* 센타프라자*,2024406050730200537,인터넷,4060000,"경기도 파주시 청석로 ***, 센타프라자* ****-A***호 (동패동)",10874,,03,폐업,,,
주식회사 쿱파트너스,종합몰 기타,2026-05-22,200706.658462318,443295.844111214,2026-05-23 03:03:03,U,05,타시군구이관,2026-05-22 13:20:54,,2016-11-15,,서울특별시 서초구 서초동 ****-*,2023321015330201203,인터넷,3210000,"서울특별시 서초구 서초대로 ***, ***호 (서초동)",06647,,05,제외/삭제/전출,,,02-569-6090
뷰티빌딩스,의류/패션/잡화/뷰티,2026-05-23,206857.022582235,416617.071549667,2026-05-23 03:03:03,U,03,폐업처리,2026-05-22 10:30:53,,2025-07-04,,경기도 수원시 영통구 영통동 ****-* 경기지방중소기업청,2025561001830200891,"TV홈쇼핑, 인터넷",3740000,"경기도 수원시 영통구 반달로 **, 경기지방중소기업청 *층 (영통동)",16705,,03,폐업,,,
샵아담(#ADAM),의류/패션/잡화/뷰티,,194344.193030158,445535.651805109,2026-05-23 03:03:03,U,01,정상영업,2026-05-22 15:07:28,,2018-09-20,,서울특별시 동작구 노량진동 ***-**,2018319015830200755,인터넷,3190000,"서울특별시 동작구 노량진로*나길 **, ***호 (노량진동)",06930,,01,영업/정상,,,
세일마트,종합몰,2026-05-21,193678.587941618,429918.680294349,2026-05-23 03:03:03,U,03,폐업처리,2026-05-22 14:41:34,,2020-03-24,,경기도 군포시 산본동 ****번지 *호,2020402010830200276,인터넷,4020000,"경기도 군포시 고산로***번길 **, ***호 (산본동)",15800,,03,폐업,,,
워크룸804호,가구/수납용품 기타,2026-05-23,195775.680587139,433506.204196091,2026-05-23 03:03:03,U,03,폐업처리,2026-05-22 11:17:30,,2021-06-11,,경기도 안양시 동안구 비산동 ****-*,2021385003730201058,인터넷,3830000,"경기도 안양시 동안구 관악대로***번길 **, ***호 (비산동)",13941,,03,폐업,,,
케이에이애비뉴,종합몰,2026-05-22,203744.605,441549.375,2026-05-23 03:03:03,U,05,타시군구이관,2026-05-22 10:57:17,,2025-02-13,,서울특별시 서초구 양재동 ***-* 진우빌딩,2025321015330200472,인터넷,3210000,"서울특별시 서초구 마방로**길 **-**, 진우빌딩 *층 (양재동)",06776,,05,제외/삭제/전출,,,
일공이팔,교육/도서/완구/오락 의류/패션/잡화/뷰티,2026-05-22,214716.737424705,437459.264613668,2026-05-23 03:03:03,U,05,타시군구이관,2026-05-22 14:08:28,,2023-05-22,,경기도 성남시 중원구 상대원동 ***,2023378021930202427,인터넷,3780000,경기도 성남시 중원구 박석로**번길 **-* (상대원동),13235,,05,제외/삭제/전출,,,
합동상회,종합몰,,203171.974508939,439620.265870293,2026-05-23 03:03:03,U,01,정상영업,2026-05-22 09:05:30,,2007-01-12,,서울특별시 서초구 양재동 *** 양곡도매시장,2007321007630209260,인터넷,3210000,"서울특별시 서초구 양재대로**길 **, 양곡도매시장 (양재동)",06804,,01,영업/정상,,,02-576-8337
주식회사 공준모,교육/도서/완구/오락,2026-05-22,202835.924249933,443051.27224413,2026-05-23 03:03:03,U,05,타시군구이관,2026-05-22 10:53:22,,2014-09-23,,서울특별시 강남구 도곡동 ***번지 *호,2014322016230202666,인터넷,3220000,"서울특별시 강남구 도곡로 ***, *층 (도곡동, 서한빌딩)",,,05,제외/삭제/전출,,,02-6245-7770
스튜디오본,기타,,340088.787968325,522096.467529338,2026-05-23 03:03:03,U,01,정상영업,2026-05-22 10:22:23,,2021-02-04,,강원특별자치도 속초시 조양동 **** 양우내안애 오션스카이 아파트,2022423010930200019,인터넷,4231000,"강원특별자치도 속초시 청호로 *, ***동 ***호 (조양동, 양우내안애 오션스카이 아파트)",24886,,01,영업/정상,,,
주식회사 일삼일,종합몰 교육/도서/완구/오락 컴퓨터/사무용품 의류/패션/잡화/뷰티,,192744.720506849,450034.025927102,2026-05-23 03:03:03,U,01,정상영업,2026-05-22 15:56:21,,2022-03-25,,서울특별시 마포구 서교동 ***-*,2022313022530201023,"인터넷, 카다로그, 신문잡지",3130000,"서울특별시 마포구 잔다리로 **, 정원빌딩 *층 ****호 (서교동)",04038,,01,영업/정상,,,
㈜서진산전,기타,2026-05-22,191226.287379467,437914.06299827,2026-05-23 03:03:03,U,05,타시군구이관,2026-05-22 15:22:46,,2020-10-29,,서울특별시 금천구 시흥동 *** 시흥유통상가,2020317023530202480,인터넷,3170000,"서울특별시 금천구 시흥대로 **, 시흥유통상가 *동 ***호 (시흥동)",08639,,05,제외/삭제/전출,,,031-248-4173
찬스박스,종합몰,2026-05-23,173622.593528853,441994.401252478,2026-05-23 03:03:03,U,03,폐업처리,2026-05-22 16:47:35,,2024-02-22,,인천광역시 부평구 십정동 ***-* 주공뜨란채아파트,2024354016130200717,인터넷,3540000,"인천광역시 부평구 이규보로 **, ***동 ****호 (십정동, 주공뜨란채아파트)",21441,,03,폐업,,,
로아벨라,의류/패션/잡화/뷰티,2026-05-22,190571.011617033,456226.711628653,2026-05-23 03:03:03,U,05,타시군구이관,2026-05-22 17:19:19,,2024-04-01,,경기도 고양시 덕양구 향동동 ***,2024395005230202832,인터넷,3940000,"경기도 고양시 덕양구 향동로 ***, *층 B***호 (향동동)",10545,,05,제외/삭제/전출,,,
꿈빛나무,종합몰,2026-05-22,206684.48300903,450329.692026701,2026-05-23 03:03:03,U,05,타시군구이관,2026-05-22 16:37:08,,2021-10-18,,서울특별시 광진구 군자동 **-**,2021304019030202193,인터넷,3040000,"서울특별시 광진구 군자로 ***, ***호 (군자동)",04996,,05,제외/삭제/전출,,,
잉글리쉬토피아 (주),교육/도서/완구/오락 종합몰,,199100.020019967,436409.924391081,2026-05-23 03:03:03,U,01,정상영업,2026-05-22 10:10:22,,2008-01-04,,"경기도 과천시 중앙동 ** 힐스테이트 과천중앙 ***동 ***,*호",2024397012030200112,"TV홈쇼핑, 인터넷, 카다로그, 신문잡지, 기타",3970000,"경기도 과천시 관문로 **, 힐스테이트 과천중앙 ***동 ***,***호 (중앙동)",13807,,01,영업/정상,,,02-594-9696
10008 (만팔),종합몰,2026-05-22,201718.57094684,455945.998146142,2026-05-23 03:03:03,U,03,폐업처리,2026-05-22 09:10:59,,2025-03-20,,서울특별시 성북구 길음동 **** 래미안길음*차,2025307029930200356,인터넷,3070000,"서울특별시 성북구 길음로*길 **, ***동 ***호 (길음동, 래미안길음*차)",02721,,03,폐업,,,
맘앤맘 협동조합,기타,,209593.8084178,387955.830152995,2026-05-23 03:03:03,U,01,정상영업,2026-05-22 09:21:23,,2021-05-12,,경기도 평택시 비전동 ***-***,2021391039730200487,"인터넷, 기타",3910000,"경기도 평택시 신한*길 *, 지하*층 (비전동)",17899,,01,영업/정상,,,
