축산일련번호,축산업무구분명,사업장명,폐업일자,좌표X,좌표Y,데이터갱신시점,데이터갱신구분,상세영업상태코드,상세영업상태명,최종수정시점,인허가취소일자,인허가일자,소재지면적,소재지우편번호,지번주소,관리번호,개방자치단체코드,주사육업종,권리주체일련번호,도로명주소,도로명우편번호,재개업일자,영업상태구분코드,영업상태명,휴업시작일자,휴업종료일자,소재지전화번호
673,가축사육업,현내흑염소,,250364.934879403,282703.763069781,2026-03-31 23:16:54,I,0000,정상,2020-05-27 08:43:12,,2020-05-27,,,충청남도 금산군 부리면 현내리 ***-**,455000003320200009,4550000,염소,000,충청남도 금산군 부리면 무금로 ****-**,32757,,01,영업/정상,,,
495,가축사육업,마장농장,,246221.978773734,286400.338882394,2026-03-31 23:16:34,I,0000,정상,2014-01-16 20:41:23,,2014-01-16,,312-852,충청남도 금산군 남일면 마장리 ***,455000003320140090,4550000,한우,000,,,,01,영업/정상,,,
366,가축사육업,둥구나무농장,2014-05-27,233712.341156772,305615.066167294,2026-03-31 23:16:15,I,0002,폐업,2014-05-27 11:31:54,,2013-06-03,,312-924,충청남도 금산군 복수면 지량리 ***,455000003320130008,4550000,한우,000,,,,03,폐업,,,
624,가축사육업,신평농장,,245201.7644111,303481.302464934,2026-03-31 23:16:48,I,0000,정상,2016-08-09 08:54:54,,2015-11-17,,312-943,충청남도 금산군 추부면 신평리 ***-*,455000003320150015,4550000,염소,000,,,,01,영업/정상,,,
8,가축사육업,창평농장,,248081.619779061,288628.748005995,2026-03-31 23:14:45,I,0000,정상,2025-02-18 15:18:24,,2004-10-15,0,312-841,충청남도 금산군 부리면 창평리 ***,455000003320040002,4550000,돼지,000,충청남도 금산군 부리면 창평로 ***,32754,,01,영업/정상,,,
355,가축사육업,그린농장,2014-09-19,235130.18835281,296496.961938294,2026-03-31 23:16:13,I,0002,폐업,2014-09-19 16:39:13,,2012-10-19,,312-921,충청남도 금산군 복수면 수영리 ***-* 외 *필,455000003320120012,4550000,돼지,000,,,,03,폐업,,,
706,가축사육업,대판농장,,222707.349668559,224542.276460118,2026-03-31 03:03:03,U,0000,정상,2026-03-30 13:19:07,,2008-07-09,0,566-913,전북특별자치도 임실군 삼계면 죽계리 ***-*,476100003320080236,4761000,한우,000,전북특별자치도 임실군 삼계면 임삼로 ***-**,55947,,01,영업/정상,,,
685,가축사육업,장미축사,,243699.76805743,292748.858671705,2026-03-31 23:16:56,I,0000,정상,2024-04-05 14:31:33,,2021-08-13,,,충청남도 금산군 금성면 의총리 ***-* 외*(***-*),455000003320210008,4550000,염소,000,,,,01,영업/정상,,,
33,가축사육업,현내농장,,250122.139306605,284215.949315995,2026-03-31 23:14:54,I,0000,정상,2015-02-03 11:12:39,,2004-10-27,0,312-843,충청남도 금산군 부리면 현내리 ***-*,455000003320040027,4550000,한우,000,충청남도 금산군 부리면 현내로 **,,,01,영업/정상,,,
199,가축사육업,흑암농장,,240731.296484827,280452.832248997,2026-03-31 23:15:43,I,0004,말소,2007-08-31 21:00:17,,2006-04-14,0,312-912,충청남도 금산군 남이면 흑암리 ***-*,455000003320060003,4550000,한우,000,,,,04,취소/말소/만료/정지/중지,,,
190,가축사육업,대양축산영농조합법인,2013-06-04,237655.100030564,281689.043829702,2026-03-31 23:15:42,I,0002,폐업,2013-06-03 18:46:23,,2005-12-02,0,312-893,충청남도 금산군 남이면 대양리 ***,455000003320050140,4550000,한우,L00,충청남도 금산군 남이면 대양새터길 *,,,03,폐업,,,
476,가축사육업,희준농장,,233849.613207948,294052.382403397,2026-03-31 23:16:30,I,0004,말소,2025-05-08 11:17:25,,2014-01-16,,312-933,충청남도 금산군 진산면 읍내리 ***,455000003320140071,4550000,한우,000,,,,04,취소/말소/만료/정지/중지,,,
590,가축사육업,조정농장,,247232.133394626,299334.781210402,2026-03-31 23:16:42,I,0004,말소,2025-05-08 11:18:26,,2014-05-19,,312-832,충청남도 금산군 군북면 조정리 ***,455000003320140173,4550000,산양,000,,,,04,취소/말소/만료/정지/중지,,,
189,가축사육업,용현농장,,231568.464318497,297511.636617691,2026-03-31 23:15:42,I,0004,말소,2007-08-31 21:00:41,,2005-12-02,0,312-932,충청남도 금산군 진산면 지방리 ***-*,455000003320050139,4550000,한우,000,충청남도 금산군 진산면 실학로 ***,,,04,취소/말소/만료/정지/중지,,,
445,가축사육업,원중농장,2017-02-21,233444.730220692,303764.182424477,2026-03-31 23:16:26,I,0002,폐업,2017-02-21 08:03:01,,2014-01-10,,312-924,충청남도 금산군 복수면 신대리 ***,455000003320140040,4550000,한우,000,,,,03,폐업,,,
126,가축사육업,초원농장,2014-01-14,,,2026-03-31 23:15:27,I,0002,폐업,2014-01-14 15:49:24,,2005-05-18,0,312-833,충청남도 금산군 군북면 상곡리 ***-*,455000003320050076,4550000,한우,000,,,,03,폐업,,,
21,가축사육업,혜성농장,,225458.877282244,257348.052952055,2026-03-31 03:03:03,U,0000,정상,2026-03-30 10:01:10,,2005-06-13,0,563-843,"전북특별자치도 완주군 소양면 신촌리 ***-* , ***-*, ***, ***-*, ***-*, ***-*, ***-**, ***-*, ***-* 외*필지",472100003320050013,4721000,돼지,000,전북특별자치도 완주군 소양면 곰티로 ***,,,01,영업/정상,,,
458,가축사육업,영섭농장,2022-03-17,237751.952390524,295678.392926169,2026-03-31 23:16:28,I,0002,폐업,2022-03-17 16:08:47,,2014-01-10,,312-923,충청남도 금산군 복수면 다복리 ***,455000003320140053,4550000,한우,000,,,,03,폐업,,,
493,가축사육업,길기택농장,2022-03-17,250573.101898887,283236.230024096,2026-03-31 23:16:33,I,0002,폐업,2022-03-17 16:11:27,,2014-01-16,,312-843,충청남도 금산군 부리면 현내리 ***-*,455000003320140088,4550000,한우,000,,,,03,폐업,,,
477,가축사육업,방충농장,,234082.34489044,294101.659619522,2026-03-31 23:16:30,I,0000,정상,2016-12-28 19:55:56,,2014-01-16,,312-933,충청남도 금산군 진산면 읍내리 **-*,455000003320140072,4550000,한우,000,,,,01,영업/정상,,,
604,가축사육업,추부농장,,240652.526110076,296062.791551589,2026-03-31 23:16:45,I,0000,정상,2014-10-01 09:20:12,,2014-10-01,,312-942,충청남도 금산군 추부면 용지리 ***,455000003320140187,4550000,산양,000,,,,01,영업/정상,,,
197,가축사육업,두곡농장,,240709.619314429,294399.423791218,2026-03-31 23:15:43,I,0004,말소,2007-08-31 20:44:57,,2006-04-14,0,311-911,충청남도 금산군 금성면 두곡리 ***-*,455000003320060001,4550000,한우,000,,,,04,취소/말소/만료/정지/중지,,,
1511,가축사육업,.,,163636.962536151,346344.111798335,2026-03-31 03:03:03,U,0000,정상,2026-03-30 16:54:53,,2007-06-28,0,350-851,충청남도 홍성군 갈산면 신안리 ***,460000003320070045,4600000,한우,000,,,2023-12-11,01,영업/정상,,,
276,가축사육업,지방농장,2013-08-30,231635.596301398,298134.981118626,2026-03-31 23:16:01,I,0002,폐업,2013-08-30 11:45:30,,2008-08-05,0,312-932,충청남도 금산군 진산면 지방리 ***,455000003320080041,4550000,한우,000,충청남도 금산군 진산면 실학로 ***,,,03,폐업,,,
611,가축사육업,행경농장,2025-09-17,244437.567724255,301280.905368002,2026-03-31 23:16:46,I,0002,폐업,2025-09-17 15:02:40,,2015-03-17,,312-943,충청남도 금산군 추부면 요광리 ***-*,455000003320150003,4550000,한우,000,충청남도 금산군 추부면 은행나무길 **-*,32710,,03,폐업,,,
354,가축사육업,(주)헬로피그,,248889.47990221,291678.400419807,2026-03-31 23:16:13,I,0000,정상,2020-02-21 13:40:30,,2012-10-05,,312-821,충청남도 금산군 제원면 구억리 **,455000003320120011,4550000,돼지,L00,충청남도 금산군 제원면 신안사로 **,,,01,영업/정상,,,
586,가축사육업,장동농장,2017-07-05,241452.383310984,288425.551283416,2026-03-31 23:16:42,I,0002,폐업,2017-07-05 17:50:48,,2014-04-10,,312-805,충청남도 금산군 금산읍 음지리 ***,455000003320140169,4550000,한우,000,,,,03,폐업,,,
285,가축사육업,보광농장,,249047.531831429,300507.706780756,2026-03-31 23:16:03,I,0001,휴업,2019-07-11 16:40:12,,2009-01-12,0,,충청남도 금산군 군북면 보광리 ***-*,455000003320090006,4550000,한우,000,충청남도 금산군 군북면 보광로 ***,32717,,02,휴업,2017-01-16,2020-01-15,
658,가축사육업,자라전농장,,239050.708810449,298112.912817968,2026-03-31 23:16:51,I,0000,정상,2021-03-22 10:48:36,,2019-08-26,,,충청남도 금산군 복수면 용진리 ***,455000003320190005,4550000,한우,000,충청남도 금산군 복수면 자라전길 **,32702,,01,영업/정상,,,
258,가축사육업,한울농장,,,,2026-03-31 23:15:57,I,0000,정상,2008-07-01 11:59:26,,2008-07-01,0,312-833,충청남도 금산군 군북면 상곡리 ***,455000003320080023,4550000,한우,000,,,,01,영업/정상,,,
540,가축사육업,봉수농장,2016-07-21,247871.726087762,293698.233179018,2026-03-31 23:16:37,I,0002,폐업,2016-07-21 17:52:42,,2014-02-14,,312-824,충청남도 금산군 제원면 명곡리 ***-*,455000003320140133,4550000,한우,000,,,,03,폐업,,,
63,가축사육업,마장농장,,246075.882839655,286480.087516888,2026-03-31 23:15:07,I,0004,말소,2007-08-31 21:00:00,,2005-01-27,0,312-852,충청남도 금산군 남일면 마장리 ***-*,455000003320050013,4550000,한우,000,,,,04,취소/말소/만료/정지/중지,,,
256,가축사육업,나리네농장,2014-05-27,233907.916417449,300466.587941291,2026-03-31 23:15:57,I,0002,폐업,2014-05-27 11:30:48,,2008-07-01,0,312-922,충청남도 금산군 복수면 구례리 ***-*,455000003320080021,4550000,한우,000,,,,03,폐업,,,
378,가축사육업,공감농장,2018-04-06,251547.963432014,294705.39875488,2026-03-31 23:16:16,I,0002,폐업,2018-04-06 13:50:01,,2013-07-08,,312-821,충청남도 금산군 제원면 신안리 ***-*,455000003320130019,4550000,돼지,000,충청남도 금산군 제원면 신안천길 **,,,03,폐업,,,
505,가축사육업,인선농장,2022-03-17,246334.251728097,286414.71470542,2026-03-31 23:16:35,I,0002,폐업,2022-03-17 16:10:08,,2014-01-21,,312-852,충청남도 금산군 남일면 마장리,455000003320140100,4550000,한우,000,충청남도 금산군 남일면 마장길 ***,32753,,03,폐업,,,
544,가축사육업,홍농장,,252005.619868971,299265.25959156,2026-03-31 23:16:38,I,0000,정상,2024-10-16 16:28:58,,2014-02-14,,312-833,충청남도 금산군 군북면 산안리 ***,455000003320140137,4550000,한우,000,,,,01,영업/정상,,,
372,가축사육업,순흥농장,2016-09-09,236713.40607265,292972.766249363,2026-03-31 23:16:15,I,0002,폐업,2016-09-09 15:00:56,,2013-06-18,,312-931,충청남도 금산군 진산면 엄정리 ***,455000003320130014,4550000,한우,000,,,,03,폐업,,,
93,가축사육업,월곡농장,,237451.37339501,296338.722320066,2026-03-31 23:15:16,I,0000,정상,2019-12-09 13:53:12,,2005-03-21,0,312-923,충청남도 금산군 복수면 다복리 ***,455000003320050043,4550000,한우,000,충청남도 금산군 복수면 다복월곡길 **,,,01,영업/정상,,,
595,가축사육업,웃말농장,,251330.871122144,290500.556007591,2026-03-31 23:16:43,I,0000,정상,2014-08-09 10:49:18,,2014-08-09,,312-822,충청남도 금산군 제원면 천내리 ***,455000003320140178,4550000,산양,000,,,,01,영업/정상,,,
225,가축사육업,신농장,2013-10-31,251081.457810577,301353.253167603,2026-03-31 23:15:49,I,0002,폐업,2013-10-31 17:00:56,,2007-09-06,0,312-833,충청남도 금산군 군북면 상곡리 ***,455000003320070021,4550000,한우,000,충청남도 금산군 군북면 산꽃로 ***,,,03,폐업,,,
2556,가축사육업,.,,160422.913238254,340530.093650987,2026-03-31 03:03:03,U,0000,정상,2026-03-30 16:20:49,,2008-07-10,0,350-871,충청남도 홍성군 결성면 용호리 ***,460000003320080852,4600000,한우,000,,,,01,영업/정상,,,
659,가축사육업,정수농장,2022-03-17,246315.778693509,303506.736552537,2026-03-31 23:16:51,I,0002,폐업,2022-03-17 16:00:31,,2019-09-17,,,충청남도 금산군 추부면 성당리 ***-*,455000003320190006,4550000,한우,000,충청남도 금산군 추부면 승무재로 ***,32710,,03,폐업,,,
351,가축사육업,현진농장,2013-11-13,240356.101589429,289514.907972082,2026-03-31 23:16:13,I,0002,폐업,2013-11-13 18:42:28,,2012-04-12,,312-912,충청남도 금산군 금성면 도곡리 ***,455000003320120008,4550000,한우,000,충청남도 금산군 금성면 양화길 **-**,,,03,폐업,,,
46,가축사육업,대산목장,,249834.751056735,292415.29429054,2026-03-31 23:15:00,I,0000,정상,2020-10-28 17:27:09,,2004-11-18,0,312-823,충청남도 금산군 제원면 대산리 ***,455000003320040040,4550000,젖소,000,충청남도 금산군 제원면 대산길 ***,,,01,영업/정상,,,
80,가축사육업,백천목장,,245894.210295867,280554.430343618,2026-03-31 23:15:12,I,0000,정상,2020-10-05 13:53:07,,2005-03-03,0,,충청남도 금산군 남일면 음대리 ***-**,455000003320050030,4550000,젖소,000,충청남도 금산군 남일면 음대*길 **,32760,,01,영업/정상,,,
444,가축사육업,김천수농장,,170260.613756584,294286.310956923,2026-03-31 03:03:03,U,0000,정상,2026-03-30 17:38:09,,2014-02-12,,325-823,충청남도 서천군 판교면 우라리 ***,458000003320140046,4580000,한우,000,,,,01,영업/정상,,,
618,가축사육업,태양농장,2022-03-17,241985.468566458,279694.226229274,2026-03-31 23:16:47,I,0002,폐업,2022-03-17 16:02:01,,2015-09-09,,312-892,충청남도 금산군 남이면 구석리 ***-*,455000003320150010,4550000,한우,000,충청남도 금산군 남이면 거북바위길 **-*,32759,,03,폐업,,,
103,가축사육업,하류농장,2014-05-27,242743.747724768,292705.597933535,2026-03-31 23:15:19,I,0002,폐업,2014-05-27 10:28:35,,2005-04-19,0,312-913,충청남도 금산군 금성면 하류리 ***-*,455000003320050053,4550000,한우,000,,,,03,폐업,,,
395,가축사육업,까치농장,2014-03-12,241568.601772216,291366.00760218,2026-03-31 23:16:18,I,0002,폐업,2014-03-12 10:08:13,,2013-09-10,,312-912,충청남도 금산군 금성면 도곡리 ***,455000003320130036,4550000,한우,000,충청남도 금산군 금성면 잔실길 **-*,,,03,폐업,,,
317,가축사육업,백운농장,,246170.11019539,290851.728521231,2026-03-31 23:16:07,I,0000,정상,2016-08-31 15:31:02,,2010-04-28,0,312-831,충청남도 금산군 군북면 호티리 **,455000003320100005,4550000,염소,000,,,,01,영업/정상,,,
26,가축사육업,대성농장(1),,262124.142847299,320026.229361696,2026-03-31 03:03:03,U,0000,정상,2026-03-30 15:57:10,,2004-08-26,0,373-821,충청북도 옥천군 안남면 도농리 ***-*,443000003320040024,4430000,종계/산란계,000,충청북도 옥천군 안남면 도농*길 **,,,01,영업/정상,,,
455,가축사육업,왜정리농장,2022-03-21,239787.346012226,288736.230532133,2026-03-31 23:16:28,I,0002,폐업,2022-03-21 11:56:48,,2014-01-10,,312-805,충청남도 금산군 금산읍 양지리 ***-*,455000003320140050,4550000,한우,000,,,,03,폐업,,,
263,가축사육업,천을농장,,247508.413778422,295501.147314152,2026-03-31 23:15:58,I,0000,정상,2019-08-28 15:38:30,,2008-07-04,0,312-832,충청남도 금산군 군북면 천을리 ***-*,455000003320080028,4550000,한우,000,,,,01,영업/정상,,,
30,가축사육업,파락산농장,2014-11-26,245036.45357293,285522.848032313,2026-03-31 23:14:52,I,0002,폐업,2014-11-26 13:24:06,,2004-10-27,0,312-852,충청남도 금산군 남일면 상동리 ***,455000003320040024,4550000,한우,000,,,,03,폐업,,,042-624-3493
318,가축사육업,지다채농장,2023-03-27,245944.524391494,283129.194232476,2026-03-31 23:16:08,I,0002,폐업,2023-03-27 09:51:54,,2010-09-27,0,312-851,충청남도 금산군 남일면 초현리 ***,455000003320100006,4550000,한우,000,충청남도 금산군 남일면 덕천로 ***,,,03,폐업,,,
302,가축사육업,태영농장,,233663.985147352,305852.07876705,2026-03-31 23:16:06,I,0000,정상,2021-03-23 16:17:16,,2009-02-17,0,312-924,"충청남도 금산군 복수면 지량리 *** , ***",455000003320090023,4550000,한우,000,,,,01,영업/정상,,,
536,가축사육업,신중농장,,241553.697586052,291367.986243534,2026-03-31 23:16:37,I,0000,정상,2022-07-29 11:37:55,,2014-02-14,,312-912,충청남도 금산군 금성면 도곡리 ***-*,455000003320140129,4550000,한우,000,,,,01,영업/정상,,,
28,가축사육업,금화농장,,246151.321856257,278318.871839989,2026-03-31 23:14:52,I,0000,정상,2022-09-21 13:15:06,,2004-10-27,0,312-853,충청남도 금산군 남일면 신정리 ***-**,455000003320040022,4550000,한우,000,충청남도 금산군 남일면 금산로 ***,,,01,영업/정상,,,
345,가축사육업,진악산한우농장,,241792.020662242,288284.65587936,2026-03-31 23:16:12,I,0001,휴업,2017-01-12 16:53:06,,2012-03-15,,312-805,충청남도 금산군 금산읍 음지리 ***,455000003320120002,4550000,한우,000,충청남도 금산군 금산읍 상어동*길 **-**,,,02,휴업,2017-01-12,2020-01-11,
637,가축사육업,레인보우 염소농장,,244811.897310235,295465.145632878,2026-03-31 23:16:49,I,0004,말소,2017-02-20 17:49:05,,2017-02-07,,,충청남도 금산군 금성면 대암리 **,455000003320170002,4550000,염소,000,,,,04,취소/말소/만료/정지/중지,,,
277,가축사육업,금바위농장,,233768.760574889,300778.860674976,2026-03-31 23:16:02,I,0000,정상,2021-01-26 16:17:34,,2008-09-03,0,312-922,충청남도 금산군 복수면 구례리 ***,455000003320080042,4550000,한우,000,충청남도 금산군 복수면 실학로 ***-**,,,01,영업/정상,,,
43,가축사육업,닭과 사람들,,248127.234192578,287563.230135924,2026-03-31 23:14:59,I,0000,정상,2016-07-26 17:20:06,,2004-11-09,0,312-841,충청남도 금산군 부리면 선원리 ***-*,455000003320040037,4550000,육계,000,충청남도 금산군 부리면 창덕로 ***-*,32754,,01,영업/정상,,,
294,가축사육업,비례농장,,242799.417072764,300357.268856054,2026-03-31 23:16:05,I,0000,정상,2016-12-28 19:51:15,,2009-01-13,0,312-943,충청남도 금산군 추부면 비례리 ***-*,455000003320090015,4550000,한우,000,충청남도 금산군 추부면 동당말길 **,32711,,01,영업/정상,,,
547,가축사육업,삼천리 사슴농장,,229716.4578004,297423.335722362,2026-03-31 23:16:38,I,0000,정상,2014-02-14 14:41:50,,2014-02-14,,312-932,충청남도 금산군 진산면 두지리 ***,455000003320140140,4550000,사슴,000,,,,01,영업/정상,,,
688,가축사육업,세호농장,,242826.631169236,292169.904962162,2026-03-31 23:16:56,I,0000,정상,2021-11-12 10:30:43,,2021-11-12,,,충청남도 금산군 금성면 하류리 ***-*,455000003320210011,4550000,염소,000,,,,01,영업/정상,,,
262,가축사육업,유곡농장,2016-08-11,236126.782086331,279626.473896736,2026-03-31 23:15:58,I,0002,폐업,2016-08-12 08:16:58,,2008-07-03,0,312-893,충청남도 금산군 남이면 대양리 ***,455000003320080027,4550000,한우,L00,충청남도 금산군 남이면 유곡길 **-*,32751,,03,폐업,,,
1764,가축사육업,푸른달농장,,170689.079083076,149323.051791246,2026-03-31 03:03:03,U,0000,정상,2026-03-30 09:46:36,,2020-04-29,,,"전라남도 영암군 덕진면 장선리 ***-* ,***-*, ***-**",494000003320200039,4940000,한우,000,전라남도 영암군 덕진면 향월유수동길 ***,58408,,01,영업/정상,,,
1184,가축사육업,문동축산,,158844.931822071,163662.635442745,2026-03-31 03:03:03,U,0000,정상,2026-03-30 20:15:36,,2006-01-18,0,520-910,전라남도 나주시 동강면 양지리 ***,483000003320060034,4830000,한우,000,,,,01,영업/정상,,,
56,가축사육업,버들농장,,242844.03568736,292881.982499287,2026-03-31 23:15:04,I,0000,정상,2018-01-19 15:04:24,,2005-01-18,0,312-913,충청남도 금산군 금성면 하류리 ***,455000003320050006,4550000,한우,000,충청남도 금산군 금성면 서원모정길 *,32708,,01,영업/정상,,,
218,가축사육업,청산목장,,241642.815238018,287885.509443619,2026-03-31 23:15:48,I,0004,말소,2020-06-01 10:08:16,,2007-09-05,0,312-805,충청남도 금산군 금산읍 음지리 ***-*,455000003320070014,4550000,한우,000,충청남도 금산군 금산읍 상어동길 **,32744,,04,취소/말소/만료/정지/중지,,,
23,가축사육업,경훤농장,,244200.850491303,295659.741126411,2026-03-31 23:14:49,I,0000,정상,2022-07-06 11:22:55,,2004-10-26,0,312-911,"충청남도 금산군 금성면 대암리 ***-* ***-*, ***-*, ***-*",455000003320040017,4550000,한우,000,"충청남도 금산군 금성면 왜벌길 *, (***-*, ***-*, ***-*, ***-*)",32716,,01,영업/정상,,,
42,가축사육업,한우농장,2018-02-12,249941.131864637,291901.477524853,2026-03-31 23:14:58,I,0002,폐업,2018-02-12 14:46:10,,2004-11-09,0,312-823,충청남도 금산군 제원면 대산리 ***-*,455000003320040036,4550000,한우,000,충청남도 금산군 제원면 대산길 ***,,,03,폐업,,,
2237,가축사육업,종민농장,2026-03-30,247575.639398445,222981.412950835,2026-03-31 03:03:03,U,0002,폐업,2026-03-30 17:23:14,,2009-03-19,0,597-813,전북특별자치도 장수군 번암면 대론리 ***,475100003320090066,4751000,한우,000,,,,03,폐업,,,
251,가축사육업,광석농장,2013-09-10,233974.031339597,307063.336537211,2026-03-31 23:15:56,I,0002,폐업,2013-09-10 12:42:42,,2008-06-19,0,312-924,충청남도 금산군 복수면 지량리 ***,455000003320080016,4550000,한우,000,충청남도 금산군 복수면 복수로 ****,,,03,폐업,,,
136,가축사육업,수미농장,2015-06-18,244415.931138503,283026.681636974,2026-03-31 23:15:29,I,0002,폐업,2015-06-18 17:33:19,,2005-05-18,0,312-894,충청남도 금산군 남이면 매곡리 ***-*,455000003320050086,4550000,한우,000,,,,03,폐업,,,
640,가축사육업,우정농장,,248899.909043773,291041.740315404,2026-03-31 23:16:50,I,0000,정상,2017-04-14 11:35:04,,2017-04-14,,,충청남도 금산군 제원면 제원리 ***-*,455000003320170005,4550000,한우,000,충청남도 금산군 제원면 군북로 **-**,32723,,01,영업/정상,,,
287,가축사육업,보광농장,,249281.542375924,301354.121397473,2026-03-31 23:16:03,I,0000,정상,2021-10-12 15:55:57,,2009-01-12,0,,충청남도 금산군 군북면 보광리 ***,455000003320090008,4550000,한우,000,충청남도 금산군 군북면 안보광*길 **,32717,,01,영업/정상,,,
698,가축사육업,금수소,,247134.925423036,284811.924072969,2026-03-31 23:16:57,I,0000,정상,2022-11-11 13:49:12,,2022-11-11,,,충청남도 금산군 부리면 관천리 ***,455000003320220009,4550000,한우,000,,,,01,영업/정상,,,
576,가축사육업,교촌농장,2019-12-27,233819.030130421,294900.942269662,2026-03-31 23:16:41,I,0002,폐업,2019-12-27 09:44:11,,2014-02-23,,312-931,충청남도 금산군 진산면 교촌리 ***-*,455000003320140159,4550000,한우,000,,,,03,폐업,,,
531,가축사육업,미니농장,,239764.432526773,288769.560452114,2026-03-31 23:16:36,I,0000,정상,2021-04-22 15:32:20,,2014-02-14,,312-805,충청남도 금산군 금산읍 양지리 ***-*,455000003320140124,4550000,염소,000,충청남도 금산군 금산읍 상와정길 **-**,32743,,01,영업/정상,,,
655,가축사육업,장대농장,,244321.896765346,298636.449109985,2026-03-31 23:16:51,I,0000,정상,2019-07-05 16:58:27,,2019-07-04,,,충청남도 금산군 추부면 장대리 ***-*,455000003320190003,4550000,염소,000,충청남도 금산군 추부면 숭암로 ***-**,32711,,01,영업/정상,,,
439,가축사육업,심농장,2022-03-17,246690.197951331,290098.933030801,2026-03-31 23:16:25,I,0002,폐업,2022-03-17 16:16:20,,2014-01-10,,312-824,충청남도 금산군 제원면 수당리 ***-*,455000003320140034,4550000,한우,000,,,,03,폐업,,,
574,가축사육업,대양농장,2016-08-11,235917.893443243,282479.566822049,2026-03-31 23:16:40,I,0002,폐업,2016-08-12 08:18:48,,2014-02-23,,312-893,충청남도 금산군 남이면 대양리 ***,455000003320140157,4550000,한우,000,,,,03,폐업,,,
481,가축사육업,만악리농장,2017-11-07,239808.995666082,294058.576425816,2026-03-31 23:16:31,I,0002,폐업,2017-11-07 11:44:31,,2014-01-16,,312-931,충청남도 금산군 진산면 만악리 ***-*,455000003320140076,4550000,한우,000,,,,03,폐업,,,
494,가축사육업,흥섭농장,2014-11-12,236039.323931104,279607.133483485,2026-03-31 23:16:33,I,0002,폐업,2014-11-12 17:27:21,,2014-01-16,,312-893,충청남도 금산군 남이면 대양리 ***,455000003320140089,4550000,한우,000,,,,03,폐업,,,
203,가축사육업,황풍농장,,245181.964817566,287154.274129183,2026-03-31 23:15:44,I,0000,정상,2016-09-01 10:53:58,,2006-09-11,0,312-852,충청남도 금산군 남일면 황풍리 ***-*,455000003320060007,4550000,한우,000,충청남도 금산군 남일면 황풍*길 **,32753,,01,영업/정상,,,
227,가축사육업,흑암농장,,240731.296484827,280452.832248997,2026-03-31 23:15:50,I,0000,정상,2020-02-25 11:47:39,,2007-09-06,0,312-892,충청남도 금산군 남이면 흑암리 ***-*,455000003320070023,4550000,한우,000,,,,01,영업/정상,,,
221,가축사육업,길농장,2013-04-11,250205.718495747,284511.834481351,2026-03-31 23:15:48,I,0002,폐업,2013-04-11 13:43:39,,2007-09-06,0,312-843,충청남도 금산군 부리면 양곡리 ***,455000003320070017,4550000,한우,000,충청남도 금산군 부리면 무금로 ****-*,,,03,폐업,,,
632,가축사육업,얼음밭골우사,2022-07-11,252042.36149013,301767.290367955,2026-03-31 23:16:48,I,0002,폐업,2022-07-11 09:05:26,,2016-04-22,,312-833,충청남도 금산군 군북면 상곡리 *,455000003320160004,4550000,한우,000,,,,03,폐업,,,
537,가축사육업,오룡목장,,240019.799884848,290188.491109903,2026-03-31 23:16:37,I,0000,정상,2019-12-03 18:28:04,,2014-02-14,,312-912,충청남도 금산군 금성면 도곡리 ***,455000003320140130,4550000,한우,000,,,,01,영업/정상,,,
162,가축사육업,부부농장,2022-03-17,253351.644089281,286707.843250722,2026-03-31 23:15:36,I,0002,폐업,2022-03-17 16:17:53,,2005-06-30,0,312-844,충청남도 금산군 부리면 어재리 ***-*,455000003320050112,4550000,한우,000,,,,03,폐업,,,
442,가축사육업,종호농장,2016-12-30,234479.049649979,297861.946173786,2026-03-31 23:16:26,I,0002,폐업,2016-12-30 16:18:40,,2014-01-10,,312-921,충청남도 금산군 복수면 수영리 ***,455000003320140037,4550000,한우,000,,,,03,폐업,,,
143,가축사육업,초원농장,2013-07-02,243272.661052077,293704.795103019,2026-03-31 23:15:32,I,0002,폐업,2013-07-02 20:50:37,,2005-06-01,0,312-911,충청남도 금산군 금성면 마수리 ***,455000003320050093,4550000,육계,000,충청남도 금산군 금성면 마수로 ***-**,,,03,폐업,,,
500,가축사육업,명곡농장,2018-12-31,247137.162358778,292675.266101493,2026-03-31 23:16:35,I,0002,폐업,2021-04-19 11:29:01,,2014-01-21,,312-824,충청남도 금산군 제원면 명곡리 ***-*,455000003320140095,4550000,한우,000,,,,03,폐업,,,
499,가축사육업,무,,331886.529420752,172754.926373692,2026-03-31 03:03:03,U,0000,정상,2026-03-30 13:23:29,,2008-07-08,0,638-842,경상남도 고성군 동해면 양촌리 ***-*,542000003320080035,5420000,한우,000,경상남도 고성군 동해면 동해로 ****,,2026-03-30,01,영업/정상,,,
286,가축사육업,복거농장,2022-01-20,250931.528474856,301607.621487831,2026-03-31 23:16:03,I,0002,폐업,2022-01-20 17:22:51,,2009-01-12,0,312-833,충청남도 금산군 군북면 상곡리 ***-*,455000003320090007,4550000,한우,000,,,,03,폐업,,,
107,가축사육업,상재농장,,242656.152294781,292688.425886885,2026-03-31 23:15:21,I,0004,말소,2007-08-31 20:46:11,,2005-04-19,0,312-913,충청남도 금산군 금성면 하류리 ***-*,455000003320050057,4550000,한우,000,,,,04,취소/말소/만료/정지/중지,,,
41,가축사육업,마수농장,2022-11-29,243713.891230551,293206.471889212,2026-03-31 23:14:58,I,0002,폐업,2022-11-29 16:49:34,,2004-11-09,0,312-911,충청남도 금산군 금성면 마수리 **,455000003320040035,4550000,돼지,000,충청남도 금산군 금성면 적우실*길 **,32709,,03,폐업,,,
369,가축사육업,기태농장,2013-10-31,251318.057042773,300443.453283467,2026-03-31 23:16:15,I,0002,폐업,2013-10-31 16:54:12,,2013-06-05,,312-833,충청남도 금산군 군북면 상곡리 ***,455000003320130011,4550000,한우,000,충청남도 금산군 군북면 희망마을길 *,,,03,폐업,,,
235,가축사육업,예성농장,2021-04-19,245825.861636894,282025.326421813,2026-03-31 23:15:52,I,0002,폐업,2021-04-19 18:05:42,,2007-11-29,0,312-851,충청남도 금산군 남일면 덕천리 ***,455000003320070031,4550000,한우,000,충청남도 금산군 남일면 덕천로 ***-**,,,03,폐업,,,
468,가축사육업,행정리농장,2016-08-12,229749.315948289,295273.574868212,2026-03-31 23:16:29,I,0002,폐업,2016-08-12 08:14:31,,2014-01-10,,312-932,충청남도 금산군 진산면 행정리 ***-*,455000003320140063,4550000,한우,000,,,,03,폐업,,,
496,가축사육업,뿌리농장,2016-09-09,241683.249344966,294162.905392967,2026-03-31 23:16:34,I,0002,폐업,2016-09-09 14:58:55,,2014-01-16,,312-911,충청남도 금산군 금성면 두곡리 **,455000003320140091,4550000,한우,000,,,,03,폐업,,,
364,가축사육업,다인농장,2014-12-09,239845.632282622,297372.978683201,2026-03-31 23:16:14,I,0002,폐업,2014-12-09 09:41:15,,2013-06-03,,312-923,충청남도 금산군 복수면 용진리 ***-*,455000003320130006,4550000,한우,000,,,,03,폐업,,,
226,가축사육업,한울농장,,246843.820452046,281820.784152914,2026-03-31 23:15:50,I,0000,정상,2016-11-02 14:20:07,,2007-09-06,0,312-851,충청남도 금산군 남일면 덕천리 ***,455000003320070022,4550000,한우,000,충청남도 금산군 남일면 소쟁이길 ***,,,01,영업/정상,,,
101,가축사육업,큰말농장,2012-11-13,242886.503202106,292970.076173786,2026-03-31 23:15:18,I,0002,폐업,2012-11-13 16:48:29,,2005-04-19,0,312-913,충청남도 금산군 금성면 하류리 ***-*,455000003320050051,4550000,돼지,000,,,,03,폐업,,,
584,가축사육업,충남금산지역자활센터,2016-08-12,236275.867940523,279549.928836728,2026-03-31 23:16:41,I,0002,폐업,2016-08-12 08:18:02,,2014-04-03,,312-893,충청남도 금산군 남이면 대양리 ***,455000003320140167,4550000,종계/산란계,L00,,,,03,폐업,,,041-752-1979
374,가축사육업,수당농장,2014-05-27,246632.051344013,290241.535210522,2026-03-31 23:16:15,I,0002,폐업,2014-05-27 10:33:44,,2013-06-24,,312-824,충청남도 금산군 제원면 수당리 ***-*,455000003320130015,4550000,한우,000,충청남도 금산군 제원면 토성길 ***-*,,,03,폐업,,,
97,가축사육업,마전농장,2022-12-08,240772.461029847,298788.030540985,2026-03-31 23:15:17,I,0002,폐업,2022-12-09 09:57:44,,2005-03-21,0,312-941,충청남도 금산군 추부면 마전리 ***-*,455000003320050047,4550000,육계,000,,,,03,폐업,,,
672,가축사육업,자유농장(설성농장),,242923.843690898,292125.510760892,2026-03-31 23:16:53,I,0000,정상,2024-10-30 15:04:41,,2020-05-12,,,충청남도 금산군 금성면 하류리 ***,455000003320200008,4550000,한우,L00,충청남도 금산군 금성면 하류신촌*길 **-**,32708,,01,영업/정상,,,
206,가축사육업,태윤농장,,241864.514712409,293622.932230137,2026-03-31 23:15:45,I,0004,말소,2007-08-31 20:50:17,,2007-01-10,0,312-913,충청남도 금산군 금성면 파초리 ***-*,455000003320070002,4550000,한우,000,충청남도 금산군 금성면 장목동*길 **,,,04,취소/말소/만료/정지/중지,,,
307,가축사육업,장신2리 마을공동축사,,320710.280049643,536654.407441494,2026-03-31 03:03:03,U,0000,정상,2026-03-30 15:05:14,,2010-12-13,0,219-802,강원특별자치도 고성군 간성읍 장신리 ***-* *통,434000003320100016,4341000,한우,000,강원특별자치도 고성군 간성읍 소똥령길 **,,,01,영업/정상,,,
424,가축사육업,음지리농장,,241524.640132082,288150.322423098,2026-03-31 23:16:23,I,0000,정상,2016-06-23 17:48:30,,2014-01-09,,312-805,충청남도 금산군 금산읍 음지리 ***-*,455000003320140019,4550000,한우,000,,,,01,영업/정상,,,
466,가축사육업,길선농장,2016-06-24,245344.307461655,292247.150345305,2026-03-31 23:16:29,I,0002,폐업,2016-06-24 15:50:45,,2014-01-10,,312-831,충청남도 금산군 군북면 내부리 ***,455000003320140061,4550000,한우,000,,,,03,폐업,,,
393,가축사육업,현숙농장,,249449.030541325,301342.713200986,2026-03-31 23:16:18,I,0000,정상,2013-09-10 15:28:39,,2013-09-10,,312-833,충청남도 금산군 군북면 보광리 ***,455000003320130034,4550000,한우,000,,,,01,영업/정상,,,
12,가축사육업,e-greenfarm,,248733.07997167,285439.945154605,2026-03-31 23:14:46,I,0000,정상,2015-12-07 17:31:10,,2004-10-15,0,312-840,충청남도 금산군 부리면 선원리 *** 외 *필,455000003320040006,4550000,한우,000,충청남도 금산군 부리면 무금로 ****-** (외 *필),,,01,영업/정상,,,
265,가축사육업,운곡농장,2012-01-16,234611.699169137,299633.158368243,2026-03-31 23:15:59,I,0002,폐업,2012-01-16 14:13:04,,2008-07-04,0,312-922,충청남도 금산군 복수면 구례리 *** 외 *필,455000003320080030,4550000,한우,000,충청남도 금산군 복수면 운곡길 ** (외 *필),,,03,폐업,,,
410,가축사육업,새터농장,,250713.118487526,295484.569093972,2026-03-31 23:16:21,I,0000,정상,2023-03-06 13:24:45,,2014-01-08,,312-821,충청남도 금산군 제원면 길곡리 ***,455000003320140005,4550000,한우,000,,,,01,영업/정상,,,
280,가축사육업,태형축산,2014-08-26,245207.987206947,287706.079630974,2026-03-31 23:16:02,I,0002,폐업,2014-08-26 17:46:16,,2009-01-12,0,312-804,충청남도 금산군 금산읍 신대리 ***,455000003320090001,4550000,한우,000,충청남도 금산군 금산읍 엄나무길 **-**,,,03,폐업,,,
165,가축사육업,다금농장,,248531.067338155,287341.394097913,2026-03-31 23:15:37,I,0000,정상,2022-08-17 12:52:00,,2005-06-30,0,,"충청남도 금산군 부리면 선원리 ***-** , ***-**, ***-**",455000003320050115,4550000,한우,000,충청남도 금산군 부리면 홍성골길 *-**,32754,,01,영업/정상,,,
242,가축사육업,웅지농장,,233941.853718954,286895.067176267,2026-03-31 23:15:54,I,0000,정상,2018-12-10 08:06:02,,2008-02-18,0,312-891,충청남도 금산군 남이면 건천리 *** 웅지농장,455000003320080007,4550000,돼지,000,"충청남도 금산군 남이면 곰직이길 *, 웅지농장",32751,,01,영업/정상,,,
328,가축사육업,유영농장,,241427.884031097,288719.297943376,2026-03-31 23:16:09,I,0000,정상,2016-06-21 18:04:10,,2011-04-28,0,312-805,충청남도 금산군 금산읍 음지리 ***-*,455000003320110007,4550000,한우,000,충청남도 금산군 금산읍 음지장동*길 **,32744,,01,영업/정상,,,
450,가축사육업,창영농장,2014-06-18,242481.301042803,288525.883090372,2026-03-31 23:16:27,I,0002,폐업,2014-06-18 09:42:49,,2014-01-10,,312-801,충청남도 금산군 금산읍 계진리 ***-*,455000003320140045,4550000,한우,000,,,,03,폐업,,,
166,가축사육업,소망농장,,231039.329654051,296447.118126166,2026-03-31 23:15:38,I,0000,정상,2016-03-03 23:04:15,,2005-06-30,0,312-932,충청남도 금산군 진산면 두지리 ***-**,455000003320050116,4550000,한우,000,충청남도 금산군 진산면 실학로 **-*,32700,,01,영업/정상,,,
498,가축사육업,영주농장,,233645.881190096,294872.780149994,2026-03-31 23:16:34,I,0000,정상,2016-11-23 09:32:49,,2014-01-16,,312-931,충청남도 금산군 진산면 교촌리 ***-*,455000003320140093,4550000,한우,000,,,,01,영업/정상,,,
420,가축사육업,복수농장,2020-02-27,235421.812755499,296026.992360603,2026-03-31 23:16:23,I,0002,폐업,2020-02-27 16:37:11,,2014-01-09,,312-921,충청남도 금산군 복수면 곡남리 ***-*,455000003320140015,4550000,한우,000,,,,03,폐업,,,
170,가축사육업,금산축협 생축장,,236608.938584933,293418.686319788,2026-03-31 23:15:38,I,0000,정상,2014-02-14 20:30:43,,2005-09-02,0,312-931,충청남도 금산군 진산면 엄정리 ***-*,455000003320050120,4550000,한우,L00,,,,01,영업/정상,,,
319,가축사육업,백봉오골계 부성농원,,248279.448582146,292824.224335504,2026-03-31 23:16:08,I,0000,정상,2016-11-23 09:55:22,,2010-10-13,0,312-822,충청남도 금산군 제원면 구억리 *** 외*필지,455000003320100007,4550000,종계/산란계,000,,,,01,영업/정상,,,
409,가축사육업,양지농장,,241404.168049319,289207.48581873,2026-03-31 23:16:20,I,0000,정상,2014-01-08 18:24:04,,2014-01-08,,312-805,충청남도 금산군 금산읍 양지리 ***,455000003320140004,4550000,한우,000,,,,01,영업/정상,,,
694,가축사육업,제원염소목장,,247241.113841681,291227.985443253,2026-03-31 23:16:57,I,0000,정상,2023-12-01 09:35:11,,2022-06-16,,,충청남도 금산군 제원면 수당리 ***-*,455000003320220005,4550000,염소,000,,,,01,영업/정상,,,
55,가축사육업,이대농장,,241659.38823144,292023.77186395,2026-03-31 23:15:04,I,0000,정상,2023-07-11 15:09:50,,2005-01-18,0,312-913,충청남도 금산군 금성면 파초리 ***-*,455000003320050005,4550000,돼지,000,충청남도 금산군 금성면 진산로 ***,32708,,01,영업/정상,,,
456,가축사육업,길병소농장,,237825.484226171,295638.110174441,2026-03-31 23:16:28,I,0001,휴업,2019-06-19 16:57:18,,2014-01-10,,312-923,충청남도 금산군 복수면 다복리 ***-*,455000003320140051,4550000,한우,000,,,,02,휴업,2019-06-18,2021-06-17,
79,가축사육업,동편농장,,247022.117153951,297456.853377121,2026-03-31 23:15:12,I,0000,정상,2014-02-14 17:30:35,,2005-02-24,0,312-832,충청남도 금산군 군북면 동편리 **-* 외 *필(**-*),455000003320050029,4550000,한우,000,,,,01,영업/정상,,,
426,가축사육업,양천만농장,2018-07-10,241009.331397154,291472.419474821,2026-03-31 23:16:24,I,0002,폐업,2018-07-11 17:25:16,,2014-01-10,,312-912,충청남도 금산군 금성면 도곡리 ***-*,455000003320140021,4550000,한우,000,,,,03,폐업,,,
438,가축사육업,사천농장,2014-10-07,246133.980855233,286411.279277683,2026-03-31 23:16:25,I,0002,폐업,2014-10-07 18:10:05,,2014-01-10,,312-852,충청남도 금산군 남일면 마장리 ***-*,455000003320140033,4550000,한우,000,,,,03,폐업,,,
412,가축사육업,이십일농장,2018-07-09,235407.694368385,295864.149046676,2026-03-31 23:16:21,I,0002,폐업,2018-07-09 17:35:09,,2014-01-09,,312-921,충청남도 금산군 복수면 곡남리 ***-*,455000003320140007,4550000,한우,000,,,,03,폐업,,,
68,가축사육업,대길농장,2012-11-13,,,2026-03-31 23:15:08,I,0002,폐업,2012-11-13 17:00:12,,2005-01-27,0,312-942,충청남도 금산군 추부면 추정리 ***,455000003320050018,4550000,돼지,000,,,,03,폐업,,,
572,가축사육업,천수농장,2022-03-17,249417.088129938,286059.284378408,2026-03-31 23:16:40,I,0002,폐업,2022-03-17 16:03:15,,2014-02-23,,312-841,충청남도 금산군 부리면 선원리 ***,455000003320140155,4550000,한우,000,충청남도 금산군 부리면 선원길 **,32754,,03,폐업,,,
292,가축사육업,다복농장,,238871.574324215,295585.983998482,2026-03-31 23:16:04,I,0000,정상,2017-01-04 09:43:26,,2009-01-13,0,312-923,충청남도 금산군 복수면 다복리 **,455000003320090013,4550000,한우,000,충청남도 금산군 복수면 오곡동길 ***,32703,,01,영업/정상,,,
201,가축사육업,청송농장,2014-10-14,241522.115558298,288312.662110767,2026-03-31 23:15:44,I,0002,폐업,2014-10-14 18:03:52,,2006-09-11,0,312-805,충청남도 금산군 금산읍 음지리 ***-*,455000003320060005,4550000,한우,000,,,,03,폐업,,,
327,가축사육업,하신농장,2021-04-19,243226.37,295514.546666667,2026-03-31 23:16:09,I,0002,폐업,2021-04-19 18:06:49,,2011-03-22,0,312-911,충청남도 금산군 금성면 하신리 ***-*,455000003320110006,4550000,한우,000,,,,03,폐업,,,
401,가축사육업,우리농장,2021-02-05,248922.902980314,300416.681264785,2026-03-31 23:16:19,I,0002,폐업,2021-02-05 17:00:53,,2013-10-02,,312-833,충청남도 금산군 군북면 보광리 ***-*,455000003320130042,4550000,한우,000,충청남도 금산군 군북면 보광로 ***,,,03,폐업,,,
14,가축사육업,우진농장,2015-01-28,240737.973834968,293575.638467311,2026-03-31 23:14:46,I,0002,폐업,2015-01-28 20:18:23,,2004-10-15,0,312-910,충청남도 금산군 금성면 두곡리 ***,455000003320040008,4550000,한우,000,충청남도 금산군 금성면 성밑*길 **,,,03,폐업,,,
435,가축사육업,산양마을(주),,241708.027557009,297611.215757632,2026-03-31 23:16:25,I,0000,정상,2024-03-22 17:24:58,,2014-01-10,,312-942,충청남도 금산군 추부면 용지리 ** **번지,455000003320140030,4550000,산양,L00,,,,01,영업/정상,,,
712,가축사육업,은빛송아지 농장,,243108.016128904,292015.471871806,2026-03-31 03:03:03,U,0000,정상,2026-03-30 10:42:52,,2025-08-01,,,충청남도 금산군 금성면 하류리 ***-* 외 *필지,455000003320250002,4550000,육우,000,충청남도 금산군 금성면 하류신촌*길 **-**,32708,,01,영업/정상,,,
70,가축사육업,아브라함목장,2018-07-30,253182.067370679,290296.092090046,2026-03-31 23:15:09,I,0002,폐업,2018-07-30 16:38:26,,2005-02-24,0,312-822,충청남도 금산군 제원면 천내리 ***,455000003320050020,4550000,젖소,000,,,,03,폐업,,,
447,가축사육업,계진농장,2019-12-27,242326.001120709,287571.459523101,2026-03-31 23:16:26,I,0002,폐업,2019-12-27 09:43:34,,2014-01-10,,312-801,충청남도 금산군 금산읍 계진리 ***-*,455000003320140042,4550000,한우,000,충청남도 금산군 금산읍 족실길 **,32745,,03,폐업,,,
1266,가축사육업,산들농장,,353472.477213068,356676.938108661,2026-03-31 03:03:03,U,0000,정상,2026-03-30 13:13:18,,2011-08-30,,760-894,경상북도 안동시 북후면 옹천리 ***,507000003320110090,5070000,종계/산란계,000,경상북도 안동시 북후면 감성길 **-**,36614,,01,영업/정상,,,
639,가축사육업,산골농장,,251766.447516243,299017.386921636,2026-03-31 23:16:49,I,0000,정상,2021-03-22 10:49:10,,2017-02-21,,,충청남도 금산군 군북면 산안리 ***-*,455000003320170004,4550000,한우,000,,,,01,영업/정상,,,
180,가축사육업,상진농장,,252005.619868971,299265.25959156,2026-03-31 23:15:40,I,0004,말소,2007-08-31 20:58:44,,2005-11-14,0,312-833,충청남도 금산군 군북면 산안리 ***,455000003320050130,4550000,한우,000,충청남도 금산군 군북면 자진뱅이길 ***-*,,,04,취소/말소/만료/정지/중지,,,
