축산일련번호,축산업무구분명,사업장명,업태구분명,폐업일자,좌표X,좌표Y,데이터갱신시점,데이터갱신구분,상세영업상태코드,상세영업상태명,최종수정시점,인허가취소일자,인허가일자,소재지면적,소재지우편번호,지번주소,축산물가공업구분명,관리번호,개방자치단체코드,권리주체일련번호,도로명주소,도로명우편번호,재개업일자,영업상태구분코드,영업상태명,휴업시작일자,휴업종료일자,소재지전화번호
,축산물판매업,주식회사 우리홀푸드마트,식육판매업,2026-03-30,320145.794728698,290769.366790044,2026-03-31 03:03:03,U,0002,폐업,2026-03-30 18:12:51,,2019-06-21,995.88,,경상북도 구미시 형곡동 168-18,식육판매업,508000000920190016,5080000,L00,경상북도 구미시 형곡서로 88 (형곡동),39312,,03,폐업,,,055-374-0055
,축산물판매업,투고,식육판매업,,186941.269420956,181629.474441575,2026-03-31 03:03:03,U,0000,정상,2026-03-30 09:07:49,,2025-07-23,9.9,,광주광역시 서구 금호동 757,식육판매업,360000000920250016,3600000,000,광주광역시 서구 금화로73번길 18-8 (금호동),62006,,01,영업/정상,,,
,축산물판매업,단양고기애더진심,식육판매업,,321913.330100538,387931.319037198,2026-03-31 03:03:03,U,0000,정상,2026-03-30 09:18:13,,2024-06-17,0,,충청북도 단양군 단양읍 별곡리 570-1 부강아파트,식육판매업,448000000920240001,4480000,000,"충청북도 단양군 단양읍 별곡7길 4, 108호 (부강아파트)",27011,,01,영업/정상,,,043-422-9285
,축산물판매업,영주계란,식용란수집판매업,2026-03-30,344533.763615829,370073.951269312,2026-03-31 03:03:03,U,0002,폐업,2026-03-30 16:39:56,,2012-03-27,31,,경상북도 영주시 영주동 470-34,식용란수집판매업,509000000920120004,5090000,000,경상북도 영주시 중앙로45번길 11 (영주동),36098,,03,폐업,,,
,축산물판매업,(주)문경약돌돼지 장유점,식육판매업,2026-03-23,364626.145566326,190853.956405169,2026-03-31 03:03:03,U,0002,폐업,2026-03-30 16:53:16,,2020-05-04,32.42,,경상남도 김해시 부곡동 1160-2,식육판매업,535000000920200032,5350000,L00,경상남도 김해시 능동로167번길 7 (부곡동),50981,,03,폐업,,,
,축산물판매업,네모식당,식육판매업,2026-03-30,177977.830620531,470467.664279326,2026-03-31 03:03:03,U,0002,폐업,2026-03-30 16:51:39,,2025-06-05,34.35,,경기도 파주시 와동동 1640-5,식육판매업,406000000920250013,4060000,000,경기도 파주시 가람로21번길 61-22 (와동동),10870,,03,폐업,,,
,축산물판매업,주식회사디와이미트,식육판매업,,178348.321416551,447607.387766578,2026-03-31 03:03:03,U,0000,정상,2026-03-30 16:07:50,,2016-12-27,110.78,,인천광역시 계양구 서운동 149-37,식육판매업,355000000920160040,3550000,L00,인천광역시 계양구 서운산업로 53-20 (서운동),21075,,01,영업/정상,,,032-549-2253
,축산물판매업,(주)이와이인터내셔널,축산물유통전문판매업,,331994.871293381,255556.776400539,2026-03-31 03:03:03,U,0000,정상,2026-03-30 17:43:50,,2018-10-25,7.5,,대구광역시 달성군 옥포읍 본리리 820-7,축산물유통전문판매업,348000000920230028,3480000,L00,,,,01,영업/정상,,,
,축산물판매업,우리마트,식육판매업,2026-03-19,330470.654886372,255381.864239667,2026-03-31 03:03:03,U,0002,폐업,2026-03-30 10:24:43,,2008-08-27,19.8,,대구광역시 달성군 옥포읍 교항리 1514-1,식육판매업,348000000920080019,3480000,000,대구광역시 달성군 옥포읍 교항제림길 2,,,03,폐업,,,053-614-8746
,축산물판매업,장수계란,식용란수집판매업,,196421.944998386,433582.264043557,2026-03-31 03:03:03,U,0000,정상,2026-03-30 09:50:57,,2024-05-28,2.63,,경기도 안양시 동안구 관양동 1420-45,식용란수집판매업,383000000920240007,3830000,000,"경기도 안양시 동안구 관악대로339번길 10, 102호 (관양동)",13938,,01,영업/정상,,,
,축산물판매업,대송참숯 광화문점,식육판매업,,198213.955223154,452045.296742706,2026-03-31 03:03:03,U,0000,정상,2026-03-30 15:11:34,,2015-10-16,0,,서울특별시 종로구 청진동 128 Tower 8,식육판매업,300000000920150013,3000000,L00,"서울특별시 종로구 종로5길 7, Tower 8 지하1층 101,102,103호 (청진동)",03157,,01,영업/정상,,,02-6959-5780
,축산물판매업,동신 정육점,식육판매업,,186736.305469009,440637.938305493,2026-03-31 03:03:03,U,0000,정상,2026-03-30 10:50:48,,1994-11-25,34.2,,경기도 광명시 광명동 743-4 동신빌라,식육판매업,390000000919940001,3900000,000,"경기도 광명시 도덕로28번길 6, 103호 (광명동, 동신빌라)",14282,,01,영업/정상,,,26198445
,축산물판매업,연일부산물,식육부산물전문판매업,2026-03-30,203323.787758273,451940.205444395,2026-03-31 03:03:03,U,0002,폐업,2026-03-30 16:53:02,,2014-08-27,3.4,,서울특별시 성동구 마장동 510-3 1층 101-2호,식육부산물전문판매업,303000000920140122,3030000,000,"서울특별시 성동구 마장로31길 40, 1층 101-2호 (마장동)",04748,,03,폐업,,,
,축산물판매업,에치와이 수지점,우유류판매업,,208936.65858054,424655.422528737,2026-03-31 03:03:03,U,0000,정상,2026-03-30 16:38:53,,2015-12-17,115.7,,경기도 용인시 수지구 풍덕천동 82-13 102호,우유류판매업,564000000920150026,4050000,L00,"경기도 용인시 수지구 풍덕천로172번길 23, 102호 (풍덕천동)",16833,,01,영업/정상,,,
,축산물판매업,한우물,식육판매업,,196170.600593044,429358.917776759,2026-03-31 03:03:03,U,0000,정상,2026-03-30 09:47:18,,2019-04-17,21.6,,경기도 안양시 동안구 호계동 975-2 (주)렉산코리아,식육판매업,383000000920190014,3830000,000,"경기도 안양시 동안구 흥안대로110번길 81, (주)렉산코리아 1층 (호계동)",14120,,01,영업/정상,,,
,축산물판매업,맛있는한우,식육판매업,,186972.033295232,182727.924823166,2026-03-31 03:03:03,U,0000,정상,2026-03-30 13:55:04,,2020-07-17,81.2,,광주광역시 서구 쌍촌동 1243-15,식육판매업,360000000920200019,3600000,000,광주광역시 서구 운천로 122-1 (쌍촌동),62023,,01,영업/정상,,,
,축산물판매업,유일정육점,식육판매업,2026-03-30,210952.657532568,273391.556150391,2026-03-31 03:03:03,U,0002,폐업,2026-03-30 15:32:19,,2000-12-12,5,,전북특별자치도 완주군 봉동읍 둔산리 887-1,식육판매업,472100000920000011,4721000,000,전북특별자치도 완주군 봉동읍 원둔산5길 19,,,03,폐업,,,063-262-6161
,축산물판매업,대명유통,식육판매업,,338115.708324456,260691.824021321,2026-03-31 03:03:03,U,0000,정상,2026-03-30 17:04:32,,2009-02-12,130.2,,대구광역시 달서구 본동 641-17,식육판매업,347000000920090014,3470000,000,"대구광역시 달서구 학산로7안길 87, 1,2층 (본동)",42727,,01,영업/정상,,,
,축산물판매업,더제이스마케팅컴퍼니,축산물유통전문판매업,2026-03-30,205187.375272941,259714.093611757,2026-03-31 03:03:03,U,0002,폐업,2026-03-30 15:33:02,,2020-06-15,15.4,,전북특별자치도 완주군 이서면 갈산리 664-6,축산물유통전문판매업,472100000920200003,4721000,L00,"전북특별자치도 완주군 이서면 안전로 151, 5층 501호",55365,,03,폐업,,,
,축산물판매업,연수남동대리점,우유류판매업,,175481.076285407,438737.382327795,2026-03-31 03:03:03,U,0000,정상,2026-03-30 09:36:06,,2009-02-20,21.4,,인천광역시 남동구 구월동 1300-21,우유류판매업,353000000920090006,3530000,000,인천광역시 남동구 호구포로764번길 83 (구월동),,,01,영업/정상,,,
,축산물판매업,대한수입쇠고기전문점,식육판매업,,229929.240040388,316896.486920062,2026-03-31 03:03:03,U,0000,정상,2026-03-30 13:44:22,,1992-04-02,55.66,,대전광역시 유성구 구암동 596-6 유성타워,식육판매업,367000000919920001,3670000,000,"대전광역시 유성구 유성대로668번길 81, 104-109호 (구암동, 유성타워)",34177,,01,영업/정상,,,
,축산물판매업,서문닭집,식육판매업,2026-03-30,155133.551842727,1761.62326108472,2026-03-31 03:03:03,U,0002,폐업,2026-03-30 19:11:55,,2000-10-02,10.08,,제주특별자치도 제주시 용담일동 135-9 서문공설시장,식육판매업,651000000919980182,6510000,000,"제주특별자치도 제주시 서문로4길 13-2, 서문공설시장 (용담일동)",63154,,03,폐업,,,
