사업장명,폐업일자,좌표X,좌표Y,데이터갱신시점,데이터갱신구분,상세영업상태코드,상세영업상태명,비상시설위치,시설명건물명,시설구분명,최종수정시점,인허가취소일자,인허가일자,소재지면적,지번주소,관리번호,개방자치단체코드,해제일자,도로명주소,도로명우편번호,영업상태구분코드,영업상태명
무실초등학교,,281628.380291001,426280.498745152,2026-04-28 21:26:57,I,18,사용중,강원특별자치도 원주시 무실동 1652 무실초등학교,무실초등학교,공공용시설,2026-04-27 10:12:15,,2026-04-30,150,강원특별자치도 원주시 무실동 1652 무실초등학교,4191000-E202600001,4191000,,"강원특별자치도 원주시 만대로 155, 무실초등학교 (무실동)",26385,01,영업/정상
봉대초등학교 #1,,287493.036550859,426237.066881755,2026-04-28 21:26:57,I,18,사용중,강원특별자치도 원주시 반곡동 1964-4 봉대초등학교,봉대초등학교 #1,공공용시설,2026-04-27 10:11:33,,2026-04-30,100,강원특별자치도 원주시 반곡동 1964-4 봉대초등학교,4191000-E202600002,4191000,,"강원특별자치도 원주시 혁신로 300, 봉대초등학교 (반곡동)",26460,01,영업/정상
봉대초등학교 #2,,287493.036550859,426237.066881755,2026-04-28 21:26:57,I,18,사용중,강원특별자치도 원주시 반곡동 1964-4 봉대초등학교,봉대초등학교 #2,공공용시설,2026-04-27 10:17:53,,2026-04-30,100,강원특별자치도 원주시 반곡동 1964-4 봉대초등학교,4191000-E202600003,4191000,,"강원특별자치도 원주시 혁신로 300, 봉대초등학교 (반곡동)",26460,01,영업/정상
미성크로바 재건축(2022-1),2025-09-29,209393.076054654,446147.977949052,2026-04-28 22:31:41,I,19,사용중지,서울특별시 송파구 신천동 17-6,미성크로바 재건축(2022-1),공공용시설,2025-12-16 12:21:41,2025-09-29,2023-05-02,45,서울특별시 송파구 신천동 17-6,3230000-E202300004,3230000,2025-09-29,,,04,취소/말소/만료/정지/중지
고덕가든,2024-11-18,212960.293833107,451087.389565288,2026-04-28 22:33:51,I,19,사용중지,서울특별시 강동구 고덕동 593번지,고덕가든,공공용시설,2025-12-30 17:08:27,2024-11-18,2004-04-06,60,서울특별시 강동구 고덕동 593번지,3240000-E200400002,3240000,2024-11-18,서울특별시 강동구 아리수로 181-19 (고덕동),,04,취소/말소/만료/정지/중지
한남사우나,2024-11-18,212963.662827957,448994.941210754,2026-04-28 22:33:52,I,19,사용중지,서울특별시 강동구 길동 47번지,한남사우나,공공용시설,2025-12-30 17:04:04,2024-11-18,2005-11-02,80,서울특별시 강동구 길동 47번지,3240000-E200500009,3240000,2024-11-18,서울특별시 강동구 명일로 273 (길동),,04,취소/말소/만료/정지/중지
삼익파크 511동,2024-11-18,213062.032183456,449040.28627396,2026-04-28 22:33:52,I,19,사용중지,서울특별시 강동구 길동 53번지,삼익파크 511동,공공용시설,2025-12-30 17:04:24,2024-11-18,2006-01-02,50,서울특별시 강동구 길동 53번지,3240000-E200600005,3240000,2024-11-18,서울특별시 강동구 명일로 286 (길동),,04,취소/말소/만료/정지/중지
영동일고교 내,,207867.335456925,445303.571602941,2026-04-28 22:31:41,I,18,사용중,서울특별시 송파구 잠실동 35번지 1호,영동일고교 내,정부지원시설,2026-01-18 13:35:40,,1980-01-01,432,서울특별시 송파구 잠실동 35번지 1호,3230000-E198000002,3230000,,"서울특별시 송파구 석촌호수로 93 (잠실동, 영동일고등학교)",05555,01,영업/정상
구룡사우나,,213577.583827273,443846.407056646,2026-04-28 22:31:41,I,18,사용중,서울특별시 송파구 마천동 207번지 2호,구룡사우나,공공용시설,2026-01-16 16:27:06,,1982-09-25,94,서울특별시 송파구 마천동 207번지 2호,3230000-E198200001,3230000,,"서울특별시 송파구 성내천로 265 (마천동, 구룡목욕탕)",05749,01,영업/정상
석정사우나,,210185.598338404,447414.523518115,2026-04-28 22:31:40,I,18,사용중,서울특별시 송파구 풍납동 403번지 2호,석정사우나,공공용시설,2026-01-16 14:27:45,,1987-12-01,88,서울특별시 송파구 풍납동 403번지 2호,3230000-E198700001,3230000,,"서울특별시 송파구 토성로 58 (풍납동, 도원빌딩)",05537,01,영업/정상
장미C상가(장미전철상가),,208707.089897534,446299.352775446,2026-04-28 22:31:40,I,18,사용중,서울특별시 송파구 신천동 7번지,장미C상가(장미전철상가),공공용시설,2026-01-18 12:45:44,,1989-02-01,40,서울특별시 송파구 신천동 7번지,3230000-E198900003,3230000,,"서울특별시 송파구 올림픽로35길 104 (신천동, 장미아파트)",05504,01,영업/정상
대한제당,,209083.899741533,445916.209435271,2026-04-28 22:31:41,I,18,사용중,서울특별시 송파구 신천동 7번지 23호,대한제당,공공용시설,2026-01-18 12:48:03,,1991-10-01,62,서울특별시 송파구 신천동 7번지 23호,3230000-E199100002,3230000,,"서울특별시 송파구 올림픽로 299 (신천동, 대한제당)",05510,01,영업/정상
수정사우나,,209976.524409625,445404.925079176,2026-04-28 22:31:41,I,18,사용중,서울특별시 송파구 방이동 111-8,수정사우나,공공용시설,2026-04-03 14:26:29,,1991-01-01,60,서울특별시 송파구 방이동 111-8,3230000-E199100004,3230000,,서울특별시 송파구 오금로19길 9 (방이동),05641,01,영업/정상
혜성빌딩,,212093.504345528,444324.297234108,2026-04-28 22:31:40,I,18,사용중,서울특별시 송파구 오금동 150번지 4호,혜성빌딩,공공용시설,2026-01-16 17:11:25,,1991-12-01,60,서울특별시 송파구 오금동 150번지 4호,3230000-E199100005,3230000,,서울특별시 송파구 동남로 286 (오금동),,01,영업/정상
디에스크린(주),,211130.687914868,442861.084380975,2026-04-28 22:31:40,I,18,사용중,서울특별시 송파구 문정동 33번지 21호,디에스크린(주),공공용시설,2026-01-18 12:03:07,,1991-04-01,100,서울특별시 송파구 문정동 33번지 21호,3230000-E199100007,3230000,,서울특별시 송파구 동남로6길 29-23 (문정동),,01,영업/정상
대신빌딩,,209378.111028471,444712.163769183,2026-04-28 22:31:40,I,18,사용중,서울특별시 송파구 석촌동 286-5 대신빌딩,대신빌딩,공공용시설,2026-01-16 17:19:54,,1992-06-01,60,서울특별시 송파구 석촌동 286-5 대신빌딩,3230000-E199200001,3230000,,"서울특별시 송파구 백제고분로 364, 대신빌딩 (석촌동)",05685,01,영업/정상
참병원(구:신진사우나),,212081.527971261,444598.236691622,2026-04-28 22:31:41,I,18,사용중,서울특별시 송파구 오금동 126번지,참병원(구:신진사우나),공공용시설,2026-01-16 17:14:37,,1992-09-01,60,서울특별시 송파구 오금동 126번지,3230000-E199200002,3230000,,서울특별시 송파구 마천로 164 (오금동),,01,영업/정상
서일사우나,,206968.768877487,445058.408143449,2026-04-28 22:31:40,I,18,사용중,서울특별시 송파구 잠실동 222번지,서일사우나,공공용시설,2026-01-18 12:21:46,,1992-09-08,40,서울특별시 송파구 잠실동 222번지,3230000-E199200004,3230000,,서울특별시 송파구 백제고분로 101 (잠실동),,01,영업/정상
아이코리아(구:한국육영학교),,211647.908167944,442188.445385792,2026-04-28 22:31:40,I,18,사용중,서울특별시 송파구 장지동 848번지 1호,아이코리아(구:한국육영학교),공공용시설,2026-01-18 12:56:55,,1992-06-01,50,서울특별시 송파구 장지동 848번지 1호,3230000-E199200006,3230000,,"서울특별시 송파구 충민로6길 15 (장지동, 한국육영학교)",05792,01,영업/정상
올림픽선수촌사우나,,211282.308702926,445435.901904076,2026-04-28 22:31:41,I,18,사용중,서울특별시 송파구 오금동 1번지,올림픽선수촌사우나,공공용시설,2026-01-16 17:17:05,,1993-12-01,64,서울특별시 송파구 오금동 1번지,3230000-E199300003,3230000,,"서울특별시 송파구 양재대로 1164 (오금동, 홍일빌딩)",05652,01,영업/정상
영사우나,,207830.364872207,444935.642066509,2026-04-28 22:31:41,I,18,사용중,서울특별시 송파구 잠실동 252-2 영빌딩,영사우나,공공용시설,2026-01-18 12:24:00,,1993-10-08,60,서울특별시 송파구 잠실동 252-2 영빌딩,3230000-E199300004,3230000,,"서울특별시 송파구 삼전로 89, 영빌딩 (잠실동)",05566,01,영업/정상
우리한증막(구 청솔사우나),,212811.975075042,443458.225003327,2026-04-28 22:31:40,I,18,사용중,서울특별시 송파구 거여동 37번지 1호,우리한증막(구 청솔사우나),공공용시설,2026-01-16 15:07:01,,1995-01-01,80,서울특별시 송파구 거여동 37번지 1호,3230000-E199500003,3230000,,"서울특별시 송파구 오금로 511 (거여동, 신양빌딩)",05768,01,영업/정상
가락현대 1차아파트,,211262.754658782,443270.546001431,2026-04-28 22:31:40,I,18,사용중,서울특별시 송파구 문정동 3번지,가락현대 1차아파트,공공용시설,2026-01-18 13:22:18,,1995-10-02,30,서울특별시 송파구 문정동 3번지,3230000-E199500004,3230000,,서울특별시 송파구 동남로 160 (문정동),,01,영업/정상
국민연금관리공단,,208851.007809422,445928.490511145,2026-04-28 22:31:41,I,18,사용중,서울특별시 송파구 신천동 7번지 16호,국민연금관리공단,공공용시설,2026-01-18 12:50:58,,1996-01-30,60,서울특별시 송파구 신천동 7번지 16호,3230000-E199600001,3230000,,"서울특별시 송파구 올림픽로35다길 13 (신천동, 국민연금공단)",05510,01,영업/정상
한빛프라자빌딩(삼성웰리스아파트),,208730.633457015,445905.025545443,2026-04-28 22:31:40,I,18,사용중,서울특별시 송파구 신천동 7번지 17호,한빛프라자빌딩(삼성웰리스아파트),공공용시설,2026-01-19 08:43:21,,1996-05-08,185,서울특별시 송파구 신천동 7번지 17호,3230000-E199600002,3230000,,"서울특별시 송파구 송파대로 562 (신천동, 한빛프라자,삼성웰리스아파트)",05510,01,영업/정상
백암사우나,,212802.305371634,443330.86125985,2026-04-28 22:31:40,I,18,사용중,서울특별시 송파구 거여동 251번지 1호,백암사우나,공공용시설,2026-01-16 15:10:11,,2000-01-01,80,서울특별시 송파구 거여동 251번지 1호,3230000-E200000001,3230000,,서울특별시 송파구 양산로10길 14 (거여동),05773,01,영업/정상
태양근린공원,,210128.374448326,447030.200313339,2026-04-28 22:31:40,I,18,사용중,서울특별시 송파구 풍납동 389번지 2호,태양근린공원,지자체시설,2026-01-16 14:33:49,,2000-01-01,320,서울특별시 송파구 풍납동 389번지 2호,3230000-E200000010,3230000,,,,01,영업/정상
가원어린이집(구-신광사우나),,212628.593180708,443707.944430212,2026-04-28 22:31:41,I,18,사용중,서울특별시 송파구 거여동 178번지 123호,가원어린이집(구-신광사우나),공공용시설,2026-02-02 14:03:49,,2000-01-03,60,서울특별시 송파구 거여동 178번지 123호,3230000-E200000011,3230000,,"서울특별시 송파구 오금로57길 22-0 (거여동, 가원어린이집)",05744,01,영업/정상
백제사우나(방이동),,210366.048844814,445259.941538422,2026-04-28 22:31:40,I,18,사용중,서울특별시 송파구 방이동 126번지 2호,백제사우나(방이동),공공용시설,2026-01-16 16:10:16,,2001-01-01,60,서울특별시 송파구 방이동 126번지 2호,3230000-E200100002,3230000,,"서울특별시 송파구 가락로 240 (방이동, 장안빌딩)",05644,01,영업/정상
유장빌딩,,210904.58588755,445279.304160215,2026-04-28 22:31:40,I,18,사용중,서울특별시 송파구 방이동 208번지 2호,유장빌딩,공공용시설,2026-01-16 16:21:42,,2001-01-01,100,서울특별시 송파구 방이동 208번지 2호,3230000-E200100003,3230000,,"서울특별시 송파구 마천로 27 (방이동, 유장빌딩)",05639,01,영업/정상
잠실고등학교(잠4),,209305.904010267,446695.511541932,2026-04-28 22:31:41,I,18,사용중,서울특별시 송파구 신천동 17번지 1호,잠실고등학교(잠4),공공용시설,2026-01-18 12:38:59,,2002-02-01,94,서울특별시 송파구 신천동 17번지 1호,3230000-E200200004,3230000,,"서울특별시 송파구 올림픽로33길 71 (신천동, 잠실고등학교)",05507,01,영업/정상
올림픽 테니스장,,210233.777019099,446708.866138582,2026-04-28 22:31:41,I,18,사용중,서울특별시 송파구 방이동 88번지 8호,올림픽 테니스장,공공용시설,2026-01-16 16:50:25,,2004-07-30,130,서울특별시 송파구 방이동 88번지 8호,3230000-E200400006,3230000,,"서울특별시 송파구 올림픽로 424 (방이동, 올림픽공원)",05540,01,영업/정상
수영장1(올림픽체조경기장 1-3문 인근 조형물 앞),,211073.35603022,446095.113429039,2026-04-28 22:31:40,I,18,사용중,서울특별시 송파구 방이동 88-2 올림픽공원,수영장1(올림픽체조경기장 1-3문 인근 조형물 앞),공공용시설,2026-01-18 14:10:28,,2004-07-30,130,서울특별시 송파구 방이동 88-2 올림픽공원,3230000-E200400009,3230000,,"서울특별시 송파구 올림픽로 424, 올림픽공원 (방이동)",05540,01,영업/정상
수영장2(올림픽체조경기장 2-3문 인근 조형물 앞),,211073.35603022,446095.113429039,2026-04-28 22:31:40,I,18,사용중,서울특별시 송파구 방이동 88-2 올림픽공원,수영장2(올림픽체조경기장 2-3문 인근 조형물 앞),공공용시설,2026-01-18 14:10:47,,2004-07-30,130,서울특별시 송파구 방이동 88-2 올림픽공원,3230000-E200400010,3230000,,"서울특별시 송파구 올림픽로 424, 올림픽공원 (방이동)",05540,01,영업/정상
파크리오아파트 209동 옆,,209314.259995755,446483.316079239,2026-04-28 22:31:41,I,18,사용중,서울특별시 송파구 신천동 17번지,파크리오아파트 209동 옆,정부지원시설,2026-01-18 13:31:12,,2008-10-02,100,서울특별시 송파구 신천동 17번지,3230000-E200800003,3230000,,"서울특별시 송파구 올림픽로 435, 209동 (신천동, 파크리오)",05507,01,영업/정상
파크리오 아파트 120동 옆,,209314.259995755,446483.316079239,2026-04-28 22:31:41,I,18,사용중,서울특별시 송파구 신천동 17번지,파크리오 아파트 120동 옆,지자체시설,2026-01-19 08:44:14,,2008-10-02,100,서울특별시 송파구 신천동 17번지,3230000-E200800004,3230000,,서울특별시 송파구 올림픽로 435 (신천동),,01,영업/정상
송파종합사회복지관,,212467.534779282,444017.110025573,2026-04-28 22:31:41,I,18,사용중,서울특별시 송파구 거여동 5번지 8호,송파종합사회복지관,공공용시설,2026-02-02 14:02:38,,2008-12-30,35,서울특별시 송파구 거여동 5번지 8호,3230000-E200800005,3230000,,"서울특별시 송파구 오금로51길 34-0 (거여동, 송파사회복지관)",05736,01,영업/정상
서울버스,,212106.080840495,442113.533748858,2026-04-28 22:31:41,I,18,사용중,서울특별시 송파구 장지동 862번지,서울버스,공공용시설,2026-01-18 12:59:22,,2008-12-30,55,서울특별시 송파구 장지동 862번지,3230000-E200800010,3230000,,서울특별시 송파구 충민로6길 61-29 (장지동),,01,영업/정상
엄마손백화점,,209440.726523187,444369.495694674,2026-04-28 22:31:41,I,18,사용중,서울특별시 송파구 석촌동 277번지 2호,엄마손백화점,공공용시설,2026-01-16 17:53:40,,2008-12-30,180,서울특별시 송파구 석촌동 277번지 2호,3230000-E200800012,3230000,,서울특별시 송파구 가락로 103 (석촌동),,01,영업/정상
와우호텔,,209459.375158421,445838.635025809,2026-04-28 22:31:40,I,18,사용중,서울특별시 송파구 방이동 24번지 2호,와우호텔,공공용시설,2026-01-16 16:44:34,,2009-01-05,80,서울특별시 송파구 방이동 24번지 2호,3230000-E200900002,3230000,,"서울특별시 송파구 오금로11길 7-10 (방이동, 와우모텔)",05542,01,영업/정상
유천냉면,,210147.489957356,447370.765004276,2026-04-28 22:31:41,I,18,사용중,서울특별시 송파구 풍납동 397번지 18호,유천냉면,공공용시설,2026-01-16 14:50:37,,2009-01-01,90,서울특별시 송파구 풍납동 397번지 18호,3230000-E200900010,3230000,,서울특별시 송파구 강동대로3길 22 (풍납동),,01,영업/정상
토성불가마사우나,,209895.702319556,447471.180557382,2026-04-28 22:31:41,I,18,사용중,서울특별시 송파구 풍납동 508번지,토성불가마사우나,공공용시설,2026-01-16 14:53:29,,2009-01-01,75,서울특별시 송파구 풍납동 508번지,3230000-E200900011,3230000,,"서울특별시 송파구 토성로 38-6 (풍납동, 한강극동아파트)",,01,영업/정상
오로시에호텔,,209581.256815683,445953.572522606,2026-04-28 22:31:41,I,18,사용중,서울특별시 송파구 방이동 36번지 6호,오로시에호텔,공공용시설,2026-01-16 16:47:14,,2009-01-01,80,서울특별시 송파구 방이동 36번지 6호,3230000-E200900012,3230000,,서울특별시 송파구 오금로11길 21-19 (방이동),,01,영업/정상
sk허브파크,,211802.518980374,443982.241438404,2026-04-28 22:31:41,I,18,사용중,서울특별시 송파구 가락동 166번지 2호,sk허브파크,공공용시설,2026-01-18 12:00:29,,2009-02-02,60,서울특별시 송파구 가락동 166번지 2호,3230000-E200900018,3230000,,서울특별시 송파구 오금로 396 (가락동),,01,영업/정상
삼익아파트(송2),,210657.024580332,444667.864970738,2026-04-28 22:31:41,I,18,사용중,서울특별시 송파구 송파동 166 가락삼익맨숀,삼익아파트(송2),공공용시설,2026-01-18 13:16:01,,2009-02-02,80,서울특별시 송파구 송파동 166 가락삼익맨숀,3230000-E200900020,3230000,,"서울특별시 송파구 오금로32길 5 (송파동, 가락삼익맨숀)",05673,01,영업/정상
천상어린이공원(송파파크데일2단지 내),,214006.886342962,443567.941846585,2026-04-28 22:31:41,I,18,사용중,서울특별시 송파구 마천동 610 천상어린이공원(송파파크데일2단지 내),천상어린이공원(송파파크데일2단지 내),지자체시설,2026-01-16 16:38:01,,2011-07-18,43,서울특별시 송파구 마천동 610 천상어린이공원(송파파크데일2단지 내),3230000-E201100001,3230000,,서울특별시 송파구 성내천로47길 38 (마천동),,01,영업/정상
수연빌딩,,208312.220404996,444948.902590642,2026-04-28 22:31:40,I,18,사용중,서울특별시 송파구 삼전동 111번지 3호,수연빌딩,공공용시설,2026-01-16 18:05:43,,2011-08-25,40,서울특별시 송파구 삼전동 111번지 3호,3230000-E201100003,3230000,,서울특별시 송파구 석촌호수로 160 (삼전동),,01,영업/정상
국민체육진흥공단(핸드볼경기장6호공),,210199.45921923,446539.279382444,2026-04-28 22:31:41,I,18,사용중,서울특별시 송파구 방이동 88번지,국민체육진흥공단(핸드볼경기장6호공),공공용시설,2026-01-16 17:05:13,,2011-08-30,150,서울특별시 송파구 방이동 88번지,3230000-E201100005,3230000,,서울특별시 송파구 올림픽로 424 (방이동),,01,영업/정상
창덕여고,,212315.659206276,445978.844198202,2026-04-28 22:31:41,I,18,사용중,서울특별시 송파구 방이동 89번지 6호,창덕여고,공공용시설,2026-01-16 17:08:42,,2011-08-30,80,서울특별시 송파구 방이동 89번지 6호,3230000-E201100006,3230000,,서울특별시 송파구 양재대로 1240 (방이동),,01,영업/정상
중앙전파관리소,,210626.176036077,443351.379983401,2026-04-28 22:31:41,I,18,사용중,서울특별시 송파구 가락동 100번지,중앙전파관리소,공공용시설,2026-01-18 14:06:34,,2011-08-30,63,서울특별시 송파구 가락동 100번지,3230000-E201100007,3230000,,서울특별시 송파구 송파대로 234 (가락동),,01,영업/정상
백제사우나(석촌동 1호공),,208682.946639076,444522.26110806,2026-04-28 22:31:41,I,18,사용중,서울특별시 송파구 석촌동 15번지,백제사우나(석촌동 1호공),공공용시설,2026-01-16 16:13:41,,2011-08-30,95,서울특별시 송파구 석촌동 15번지,3230000-E201100011,3230000,,서울특별시 송파구 백제고분로 293 (석촌동),,01,영업/정상
탄천빗물펌프장,,208821.183815294,443833.369015076,2026-04-28 22:31:41,I,18,사용중,서울특별시 송파구 가락동 508번지,탄천빗물펌프장,공공용시설,2026-01-18 11:57:32,,2011-10-13,90,서울특별시 송파구 가락동 508번지,3230000-E201100013,3230000,,서울특별시 송파구 삼학사로2길 49 (가락동),05698,01,영업/정상
뽕나무근린공원,,207183.09660682,445752.864433122,2026-04-28 22:31:41,I,18,사용중,서울특별시 송파구 잠실동 19번지 3호,뽕나무근린공원,공공용시설,2026-01-18 12:31:24,,2011-10-13,60,서울특별시 송파구 잠실동 19번지 3호,3230000-E201100014,3230000,,,,01,영업/정상
부리근린공원내,,207642.942992249,445762.553271947,2026-04-28 22:31:41,I,18,사용중,서울특별시 송파구 잠실동 22-5 부리근린공원,부리근린공원내,공공용시설,2026-02-06 13:54:49,,2011-10-13,78,서울특별시 송파구 잠실동 22-5 부리근린공원,3230000-E201100015,3230000,,"서울특별시 송파구 올림픽로 135 (잠실동, 리센츠)",05502,01,영업/정상
잠실빗물펌프장내,,206904.450630423,444545.905762752,2026-04-28 22:31:40,I,18,사용중,서울특별시 송파구 잠실동 306번지,잠실빗물펌프장내,공공용시설,2026-01-18 12:26:54,,2011-10-13,90,서울특별시 송파구 잠실동 306번지,3230000-E201100016,3230000,,서울특별시 송파구 탄천동로 211 (잠실동),,01,영업/정상
잠실파크리오A상가 지하3층,,209151.713940169,446519.612162961,2026-04-28 22:31:41,I,18,사용중,서울특별시 송파구 신천동 17번지 4호,잠실파크리오A상가 지하3층,공공용시설,2026-01-18 12:41:30,,2011-10-13,90,서울특별시 송파구 신천동 17번지 4호,3230000-E201100017,3230000,,"서울특별시 송파구 올림픽로37길 130 (신천동, 파크리오)",05507,01,영업/정상
잠실파크리오B상가 지하3층,,209933.823276344,446455.526715924,2026-04-28 22:31:41,I,18,사용중,서울특별시 송파구 신천동 20번지 6호,잠실파크리오B상가 지하3층,공공용시설,2026-01-18 12:43:29,,2011-10-13,40,서울특별시 송파구 신천동 20번지 6호,3230000-E201100018,3230000,,"서울특별시 송파구 올림픽로35길 10 (신천동, 파크리오)",05507,01,영업/정상
경찰병원,,210849.897330572,443789.337035202,2026-04-28 22:31:41,I,18,사용중,서울특별시 송파구 가락동 58번지,경찰병원,공공용시설,2026-01-18 11:49:45,,2011-12-26,97,서울특별시 송파구 가락동 58번지,3230000-E201100019,3230000,,서울특별시 송파구 송이로 123 (가락동),,01,영업/정상
삼성문정래미안아파트,,211453.050926808,443165.755655708,2026-04-28 22:31:40,I,18,사용중,서울특별시 송파구 문정동 1번지,삼성문정래미안아파트,공공용시설,2026-01-18 12:13:03,,2011-12-26,80,서울특별시 송파구 문정동 1번지,3230000-E201100020,3230000,,서울특별시 송파구 문정로 83 (문정동),,01,영업/정상
고려대중사우나,,209173.767497149,444812.002720297,2026-04-28 22:31:41,I,18,사용중,서울특별시 송파구 석촌동 171번지 11호,고려대중사우나,공공용시설,2026-01-16 17:56:02,,2011-12-26,90,서울특별시 송파구 석촌동 171번지 11호,3230000-E201100021,3230000,,서울특별시 송파구 백제고분로39길 13 (석촌동),,01,영업/정상
장지공원 약수터,,211840.144507023,442558.701396125,2026-04-28 22:31:41,I,18,사용중,서울특별시 송파구 장지동 851번지,장지공원 약수터,공공용시설,2026-01-18 13:26:17,,2018-10-24,75,서울특별시 송파구 장지동 851번지,3230000-E201200001,3230000,,,,01,영업/정상
유마트,,212697.379547936,443108.923321935,2026-04-28 22:31:41,I,18,사용중,서울특별시 송파구 거여동 290번지 2호,유마트,공공용시설,2026-01-16 16:27:33,,2012-09-24,60,서울특별시 송파구 거여동 290번지 2호,3230000-E201200003,3230000,,서울특별시 송파구 양산로4길 9 (거여동),,01,영업/정상
가락녹지대(버섯분수),,210213.560006961,443971.15565676,2026-04-28 22:31:41,I,18,사용중,서울특별시 송파구 가락동 95 가락동부센트레빌,가락녹지대(버섯분수),공공용시설,2026-01-18 12:05:03,,2013-03-28,94,서울특별시 송파구 가락동 95 가락동부센트레빌,3230000-E201300001,3230000,,"서울특별시 송파구 송파대로32길 33(가락동, 가락동부센트레빌)",05709,01,영업/정상
매미공원,,207789.325921391,445241.742337354,2026-04-28 22:31:41,I,18,사용중,서울특별시 송파구 잠실동 35번지 4호,매미공원,공공용시설,2026-01-18 12:36:07,,2013-03-28,35,서울특별시 송파구 잠실동 35번지 4호,3230000-E201300003,3230000,,,,01,영업/정상
신라빌딩,,210954.712901719,445427.812426371,2026-04-28 22:31:41,I,18,사용중,서울특별시 송파구 방이동 190번지,신라빌딩,공공용시설,2026-01-16 16:24:09,,2013-06-25,80,서울특별시 송파구 방이동 190번지,3230000-E201300005,3230000,,서울특별시 송파구 양재대로71길 20 (방이동),,01,영업/정상
초롱종합식품,,212378.581048382,444085.650900906,2026-04-28 22:31:40,I,18,사용중,서울특별시 송파구 오금동 146번지 1호,초롱종합식품,공공용시설,2026-01-18 13:16:55,,2013-10-02,41,서울특별시 송파구 오금동 146번지 1호,3230000-E201300011,3230000,,서울특별시 송파구 문정로19길 1 (오금동),,01,영업/정상
본가설렁탕(청소용),,208758.184068239,444910.190080826,2026-04-28 22:31:41,I,18,사용중,서울특별시 송파구 석촌동 24번지 8호,본가설렁탕(청소용),공공용시설,2026-01-16 17:58:54,,2017-04-28,57,서울특별시 송파구 석촌동 24번지 8호,3230000-E201700003,3230000,,"서울특별시 송파구 석촌호수로 204 (석촌동, 본가설렁탕)",05611,01,영업/정상
크로바건강랜드사우나,,210378.825036871,447916.043934269,2026-04-28 22:31:41,I,18,사용중,서울특별시 송파구 풍납동 163번지,크로바건강랜드사우나,공공용시설,2026-01-16 14:56:43,,2017-08-04,62,서울특별시 송파구 풍납동 163번지,3230000-E201700004,3230000,,서울특별시 송파구 올림픽로51길 30 (풍납동),05528,01,영업/정상
백제사우나(석촌동 2호공),,208682.946639076,444522.26110806,2026-04-28 22:31:41,I,18,사용중,서울특별시 송파구 석촌동 15번지,백제사우나(석촌동 2호공),공공용시설,2026-01-16 16:17:24,,2017-12-26,200,서울특별시 송파구 석촌동 15번지,3230000-E201700014,3230000,,"서울특별시 송파구 백제고분로 293 (석촌동, 제우빌딩)",05614,01,영업/정상
본가설렁탕,,208758.184068239,444910.190080826,2026-04-28 22:31:41,I,18,사용중,서울특별시 송파구 석촌동 24번지 8호,본가설렁탕,공공용시설,2026-01-16 18:00:49,,2017-12-26,40,서울특별시 송파구 석촌동 24번지 8호,3230000-E201700015,3230000,,"서울특별시 송파구 석촌호수로 204 (석촌동, 본가설렁탕)",05611,01,영업/정상
로마아파트,,194571.984779756,443047.432222491,2026-04-28 22:32:05,I,18,사용중,서울특별시 관악구 봉천동 635번지 457호,로마아파트,공공용시설,2025-01-21 13:48:41,,1980-01-01,60,서울특별시 관악구 봉천동 635번지 457호,3200000-E198000002,3200000,,서울특별시 관악구 국회단지15길 39 (봉천동),,01,영업/정상
교수아파트 비상급수장치,,196139.864969792,439023.167125842,2026-04-28 22:32:05,I,18,사용중,서울특별시 관악구 신림동 산 56-1 서울대학교,교수아파트 비상급수장치,지자체시설,2026-03-18 13:35:45,,1991-01-01,50,서울특별시 관악구 신림동 산 56-1 서울대학교,3200000-E199100001,3200000,,"서울특별시 관악구 관악로 1, 서울대학교 (신림동)",,01,영업/정상
군인아파트 비상급수시설,,197132.819456016,440706.333788357,2026-04-28 22:32:02,I,18,사용중,서울특별시 관악구 봉천동 180번지 311호,군인아파트 비상급수시설,지자체시설,2025-04-08 17:50:44,,1991-01-01,50,서울특별시 관악구 봉천동 180번지 311호,3200000-E199100002,3200000,,서울특별시 관악구 인헌16가길 38 (봉천동),,01,영업/정상
건영1차아파트,,192174.723909669,441573.738036061,2026-04-28 22:32:03,I,18,사용중,서울특별시 관악구 신림동 746번지 43호,건영1차아파트,공공용시설,2026-01-06 10:38:56,,1991-11-30,75,서울특별시 관악구 신림동 746번지 43호,3200000-E199100003,3200000,,서울특별시 관악구 문성로 74 (신림동),,01,영업/정상
한석교통(주),,211928.249894922,441936.410717522,2026-04-28 22:31:41,I,18,사용중,서울특별시 송파구 장지동 863번지 5호,한석교통(주),공공용시설,2026-01-18 13:02:37,,2018-10-19,60,서울특별시 송파구 장지동 863번지 5호,3230000-E201800003,3230000,,"서울특별시 송파구 충민로6길 71 (장지동, 한석교통(주))",05791,01,영업/정상
레이크호텔,,208851.639893799,444965.4232772,2026-04-28 22:31:41,I,18,사용중,서울특별시 송파구 석촌동 158번지,레이크호텔,공공용시설,2026-01-16 18:03:12,,2018-10-19,60,서울특별시 송파구 석촌동 158번지,3230000-E201800004,3230000,,"서울특별시 송파구 석촌호수로 216 (석촌동, 호텔레이크)",05610,01,영업/정상
글샘공원,,210699.195894233,441870.117961715,2026-04-28 22:31:41,I,18,사용중,서울특별시 송파구 문정동 625번지,글샘공원,정부지원시설,2026-01-18 13:55:20,,2018-12-04,130,서울특별시 송파구 문정동 625번지,3230000-E201800008,3230000,,,,01,영업/정상
송파 헬리오시티 1호정(108동 지하 1층),,209412.197809542,443928.783342251,2026-04-28 22:31:41,I,18,사용중,서울특별시 송파구 가락동 913 헬리오시티 1호공,송파 헬리오시티 1호정(108동 지하 1층),지자체시설,2026-01-18 14:11:45,,2019-02-11,250,서울특별시 송파구 가락동 913 헬리오시티 1호공,3230000-E201900001,3230000,,"서울특별시 송파구 송파대로 345 (가락동, 헬리오시티)",05698,01,영업/정상
송파 헬리오시티 2호정(112동 남측),,209412.197809542,443928.783342251,2026-04-28 22:31:41,I,18,사용중,서울특별시 송파구 가락동 913 헬리오시티 2호정,송파 헬리오시티 2호정(112동 남측),지자체시설,2026-01-18 13:41:07,,2019-02-11,160,서울특별시 송파구 가락동 913 헬리오시티 2호정,3230000-E201900002,3230000,,"서울특별시 송파구 송파대로 345 (가락동, 헬리오시티)",05698,01,영업/정상
송파 헬리오시티 3호정(가락1동 주민센터 뒤),,209412.197809542,443928.783342251,2026-04-28 22:31:41,I,18,사용중,서울특별시 송파구 가락동 913 헬리오시티 3호정,송파 헬리오시티 3호정(가락1동 주민센터 뒤),지자체시설,2026-01-18 14:07:15,,2019-02-11,170,서울특별시 송파구 가락동 913 헬리오시티 3호정,3230000-E201900003,3230000,,"서울특별시 송파구 송파대로 345 (가락동, 헬리오시티)",05698,01,영업/정상
송파 헬리오시티 4호정(책박물관 좌측 대각선),,209412.197809542,443928.783342251,2026-04-28 22:31:41,I,18,사용중,서울특별시 송파구 가락동 913 헬리오시티 4호정,송파 헬리오시티 4호정(책박물관 좌측 대각선),지자체시설,2026-01-18 13:44:48,,2019-02-11,170,서울특별시 송파구 가락동 913 헬리오시티 4호정,3230000-E201900004,3230000,,"서울특별시 송파구 송파대로 345 (가락동, 헬리오시티)",05698,01,영업/정상
송파 헬리오시티 5호정(책박물관 우측 대각선),,209412.197809542,443928.783342251,2026-04-28 22:31:41,I,18,사용중,서울특별시 송파구 가락동 913 헬리오시티 5호정,송파 헬리오시티 5호정(책박물관 우측 대각선),지자체시설,2026-01-18 13:47:04,,2019-02-11,250,서울특별시 송파구 가락동 913 헬리오시티 5호정,3230000-E201900005,3230000,,"서울특별시 송파구 송파대로 345 (가락동, 헬리오시티)",05698,01,영업/정상
송파 헬리오시티 6호정(102동 아래),,209412.197809542,443928.783342251,2026-04-28 22:31:41,I,18,사용중,서울특별시 송파구 가락동 913 헬리오시티 6호정,송파 헬리오시티 6호정(102동 아래),지자체시설,2026-01-18 14:07:42,,2019-02-11,216,서울특별시 송파구 가락동 913 헬리오시티 6호정,3230000-E201900006,3230000,,"서울특별시 송파구 송파대로 345 (가락동, 헬리오시티)",05698,01,영업/정상
탄천하천부지(광평교 화장실),,209557.5423979,442943.928621865,2026-04-28 22:31:41,I,18,사용중,서울특별시 송파구 가락동 616-1,탄천하천부지(광평교 화장실),공공용시설,2026-01-18 12:16:37,,2023-05-02,70,서울특별시 송파구 가락동 616-1,3230000-E202300001,3230000,,,,01,영업/정상
잠실유수지 화장실(탄천1교),,206968.417002934,444414.82179055,2026-04-28 22:31:40,I,18,사용중,서울특별시 송파구 잠실동 351,잠실유수지 화장실(탄천1교),공공용시설,2026-01-16 15:34:24,,2025-12-01,42,서울특별시 송파구 잠실동 351,3230000-E202500001,3230000,,,,01,영업/정상
탄천유수지 화장실(탄천교),,208595.713646119,443810.085282548,2026-04-28 22:31:41,I,18,사용중,서울특별시 송파구 가락동 513-1,탄천유수지 화장실(탄천교),공공용시설,2026-01-16 15:36:10,,2025-12-01,42,서울특별시 송파구 가락동 513-1,3230000-E202500002,3230000,,,,01,영업/정상
유성빌딩,,207014.321859086,445254.66421973,2026-04-28 22:31:40,I,18,사용중,서울특별시 송파구 잠실동 194-1 유성빌딩,유성빌딩,공공용시설,2026-01-16 15:37:47,,2025-12-15,60,서울특별시 송파구 잠실동 194-1 유성빌딩,3230000-E202500003,3230000,,"서울특별시 송파구 백제고분로9길 9, 유성빌딩 (잠실동)",05561,01,영업/정상
벽제갈비,,211072.790796319,445338.363509595,2026-04-28 22:31:41,I,18,사용중,서울특별시 송파구 방이동 205,벽제갈비,공공용시설,2026-01-16 15:39:11,,2025-12-16,45,서울특별시 송파구 방이동 205,3230000-E202500009,3230000,,서울특별시 송파구 양재대로71길 1-4 (방이동),05639,01,영업/정상
서일빌딩,,206968.768877487,445058.408143449,2026-04-28 22:31:41,I,18,사용중,서울특별시 송파구 잠실동 222 (주)서일빌딩,서일빌딩,공공용시설,2026-01-16 15:40:46,,2025-12-17,45,서울특별시 송파구 잠실동 222 (주)서일빌딩,3230000-E202500010,3230000,,"서울특별시 송파구 백제고분로 101, (주)서일빌딩 (잠실동)",05570,01,영업/정상
현대빌라 5동,,213801.619024367,449396.497182536,2026-04-28 22:33:51,I,18,사용중,서울특별시 강동구 상일동 172번지,현대빌라 5동,공공용시설,2026-01-18 13:31:18,,1986-01-01,43,서울특별시 강동구 상일동 172번지,3240000-E198600001,3240000,,서울특별시 강동구 상암로 309 (상일동),,01,영업/정상
서경빌딩,,211847.651488479,447002.6061519,2026-04-28 22:33:52,I,18,사용중,서울특별시 강동구 성내동 439번지 13호,서경빌딩,공공용시설,2026-01-18 11:57:34,,2018-01-24,86,서울특별시 강동구 성내동 439번지 13호,3240000-E198700002,3240000,,서울특별시 강동구 양재대로 1329 (성내동),05405,01,영업/정상
삼성빌라 11동 앞,,213913.807978563,449385.615249391,2026-04-28 22:33:51,I,18,사용중,서울특별시 강동구 상일동 173번지,삼성빌라 11동 앞,공공용시설,2026-01-18 13:35:25,,1988-01-01,95,서울특별시 강동구 상일동 173번지,3240000-E198800001,3240000,,"서울특별시 강동구 상암로 325 (상일동, 삼성빌라)",05280,01,영업/정상
시각장애체육센터,,214866.322882804,449869.026666,2026-04-28 22:33:51,I,18,사용중,서울특별시 강동구 상일동 126번지,시각장애체육센터,공공용시설,2026-01-19 08:39:44,,1990-01-01,50,서울특별시 강동구 상일동 126번지,3240000-E199000002,3240000,,"서울특별시 강동구 구천면로 645 (상일동, 한국시각장애인복지관)",05275,01,영업/정상
삼성초등학교,,194717.198870119,440656.889284782,2026-04-28 22:32:05,I,18,사용중,서울특별시 관악구 신림동 233번지 1호,삼성초등학교,지자체시설,2025-04-21 14:28:21,,1992-12-24,50,서울특별시 관악구 신림동 233번지 1호,3200000-E199200002,3200000,,"서울특별시 관악구 대학7길 52 (신림동, 서울삼성초등학교)",08816,01,영업/정상
조인세(가정용),,196002.975180235,441535.048327384,2026-04-28 22:32:05,I,18,사용중,서울특별시 관악구 봉천동 1617번지 22호,조인세(가정용),공공용시설,2025-03-31 10:47:47,,1994-01-01,75,서울특별시 관악구 봉천동 1617번지 22호,3200000-E199400003,3200000,,서울특별시 관악구 관악로14가길 55-5 (봉천동),,01,영업/정상
영원목욕탕,,193817.548963749,442660.57353456,2026-04-28 22:32:05,I,18,사용중,서울특별시 관악구 신림동 1419번지 16호,영원목욕탕,공공용시설,2023-11-20 09:32:21,,1995-01-01,63,서울특별시 관악구 신림동 1419번지 16호,3200000-E199500002,3200000,,서울특별시 관악구 남부순환로181길 34 (신림동),,01,영업/정상
주원빌딩(현구원),,194869.130624882,442200.103731229,2026-04-28 22:32:05,I,18,사용중,서울특별시 관악구 봉천동 927번지 21호,주원빌딩(현구원),공공용시설,2025-02-25 18:12:41,,1995-01-01,90,서울특별시 관악구 봉천동 927번지 21호,3200000-E199500003,3200000,,서울특별시 관악구 남부순환로 1734 (봉천동),,01,영업/정상
신림현대종합상가(현대그린사우나),,193957.944323928,441437.774867372,2026-04-28 22:32:04,I,18,사용중,서울특별시 관악구 신림동 1694번지,신림현대종합상가(현대그린사우나),공공용시설,2019-02-16 15:24:18,,1995-01-01,56,서울특별시 관악구 신림동 1694번지,3200000-E199500004,3200000,,서울특별시 관악구 신림로29길 3-20 (신림동),,01,영업/정상
태영빌딩(고태종),,194395.571087735,441502.196997219,2026-04-28 22:32:04,I,18,사용중,서울특별시 관악구 신림동 96번지 3호,태영빌딩(고태종),공공용시설,2019-02-16 15:07:35,,1995-01-01,70,서울특별시 관악구 신림동 96번지 3호,3200000-E199500005,3200000,,서울특별시 관악구 신림로 206 (신림동),,01,영업/정상
낙성대 숲속공원,,196408.243607033,440998.752320624,2026-04-28 22:32:04,I,18,사용중,서울특별시 관악구 봉천동 산 228-2 낙성대동,낙성대 숲속공원,공공용시설,2024-01-09 13:30:06,,1995-06-20,85,서울특별시 관악구 봉천동 산 228-2 낙성대동,3200000-E199500006,3200000,,서울특별시 관악구 낙성대로 77 (봉천동),08799,01,영업/정상
신림현대아파트,,193957.944323928,441437.774867372,2026-04-28 22:32:03,I,18,사용중,서울특별시 관악구 신림동 1694번지,신림현대아파트,공공용시설,2025-03-31 11:07:49,,1997-11-25,90,서울특별시 관악구 신림동 1694번지,3200000-E199700003,3200000,,"서울특별시 관악구 신림로29길 8 (신림동, 신림현대아파트)",08845,01,영업/정상
동아사우나,,196501.159765837,441640.881044209,2026-04-28 22:32:05,I,18,사용중,서울특별시 관악구 봉천동 1629번지 2호,동아사우나,공공용시설,2023-02-22 15:29:18,,1997-01-01,85,서울특별시 관악구 봉천동 1629번지 2호,3200000-E199700006,3200000,,서울특별시 관악구 봉천로 576 (봉천동),,01,영업/정상
신봉천주유소,,196245.625629954,441842.0875655,2026-04-28 22:32:05,I,18,사용중,서울특별시 관악구 봉천동 1663번지 11호,신봉천주유소,공공용시설,2023-02-22 15:29:50,,1997-01-01,70,서울특별시 관악구 봉천동 1663번지 11호,3200000-E199700007,3200000,,서울특별시 관악구 남부순환로 1880 (봉천동),,01,영업/정상
서울순복음교회,,196380.664022353,441331.774432456,2026-04-28 22:32:04,I,18,사용중,서울특별시 관악구 봉천동 291번지 1호,서울순복음교회,공공용시설,2023-02-22 15:30:58,,1997-05-07,50,서울특별시 관악구 봉천동 291번지 1호,3200000-E199700008,3200000,,서울특별시 관악구 낙성대로3길 26 (봉천동),,01,영업/정상
청룡산입구 민방위비상급수시설,,195437.415044672,441337.247000715,2026-04-28 22:32:02,I,18,사용중,서울특별시 관악구 봉천동 산 175-36,청룡산입구 민방위비상급수시설,정부지원시설,2025-04-09 14:50:17,,1999-12-01,95,서울특별시 관악구 봉천동 산 175-36,3200000-E199900001,3200000,,서울특별시 관악구 관악로5길 91-39 (봉천동),08833,01,영업/정상
미성중학교 입구 민방위 비상급수시설,,194447.99801079,441124.360404131,2026-04-28 22:32:02,I,18,사용중,서울특별시 관악구 신림동 121번지 1호,미성중학교 입구 민방위 비상급수시설,정부지원시설,2025-04-09 14:20:10,,1999-12-01,150,서울특별시 관악구 신림동 121번지 1호,3200000-E199900002,3200000,,서울특별시 관악구 문성로16다길 30 (신림동),,01,영업/정상
SHOW모텔,,193868.491804878,442592.476350714,2026-04-28 22:32:03,I,18,사용중,서울특별시 관악구 신림동 1421번지 18호,SHOW모텔,공공용시설,2023-11-20 09:33:54,,2001-05-16,80,서울특별시 관악구 신림동 1421번지 18호,3200000-E200100001,3200000,,서울특별시 관악구 신림로66길 30 (신림동),,01,영업/정상
상록보육원,,197854.313569708,441291.685593809,2026-04-28 22:32:05,I,18,사용중,서울특별시 관악구 남현동 1083번지 29호,상록보육원,공공용시설,2026-01-06 10:49:46,,2001-07-31,60,서울특별시 관악구 남현동 1083번지 29호,3200000-E200100003,3200000,,서울특별시 관악구 남현길 63 (남현동),,01,영업/정상
제2구민운동장,,194071.47273246,439595.014087964,2026-04-28 22:32:02,I,18,사용중,서울특별시 관악구 신림동 72번지 5호,제2구민운동장,공공용시설,2026-01-06 10:52:42,,2002-01-01,88,서울특별시 관악구 신림동 72번지 5호,3200000-E200200002,3200000,,서울특별시 관악구 약수암길 43-3 (신림동),,01,영업/정상
신본 경로문화센터,,194288.247639259,442275.642824498,2026-04-28 22:32:02,I,18,사용중,서울특별시 관악구 신림동 1510번지 5호,신본 경로문화센터,공공용시설,2025-03-31 11:32:15,,2002-01-01,100,서울특별시 관악구 신림동 1510번지 5호,3200000-E200200004,3200000,,서울특별시 관악구 남부순환로200다길 13 (신림동),08780,01,영업/정상
강남기업,,195417.846920211,442909.25577249,2026-04-28 22:32:03,I,18,사용중,서울특별시 관악구 봉천동 468번지 8호,강남기업,공공용시설,2021-10-27 13:10:52,,2002-01-01,65,서울특별시 관악구 봉천동 468번지 8호,3200000-E200200008,3200000,,서울특별시 관악구 은천로23길 42 (봉천동),,01,영업/정상
둔촌지하수,,213314.065608801,447477.826678048,2026-04-28 22:33:52,I,18,사용중,서울특별시 강동구 둔촌동 산 11번지 6호,둔촌지하수,공공용시설,2026-01-16 15:51:11,,1990-01-01,95,서울특별시 강동구 둔촌동 산 11번지 6호,3240000-E199000015,3240000,,,,01,영업/정상
명일동 신동아아파트,,213371.152528482,450173.900732264,2026-04-28 22:33:51,I,18,사용중,서울특별시 강동구 명일동 44번지,명일동 신동아아파트,공공용시설,2026-01-19 10:16:49,,1990-01-01,60,서울특별시 강동구 명일동 44번지,3240000-E199000018,3240000,,서울특별시 강동구 고덕로 240 (명일동),,01,영업/정상
한국시각장애인복지관,,214866.322882804,449869.026666,2026-04-28 22:33:51,I,18,사용중,서울특별시 강동구 상일동 126번지,한국시각장애인복지관,공공용시설,2026-01-19 08:37:05,,1991-01-01,50,서울특별시 강동구 상일동 126번지,3240000-E199100002,3240000,,"서울특별시 강동구 구천면로 645 (상일동, 한국시각장애인복지관)",05275,01,영업/정상
신생보훈빌라,,214493.200047648,449417.461546072,2026-04-28 22:33:51,I,18,사용중,서울특별시 강동구 상일동 180번지,신생보훈빌라,공공용시설,2026-01-19 08:48:02,,1991-01-01,43,서울특별시 강동구 상일동 180번지,3240000-E199100003,3240000,,서울특별시 강동구 상암로 375-18 (상일동),,01,영업/정상
